employee_id,Department,JobRole,Gender,Age,Education,BusinessTravel,YearsAtCompany,JobLevel,MonthlyIncome,orientation_completed,training_completion_percent,onboarding_days,onboarding_status,manager_assigned,buddy_assigned,first_week_checkin,onboarding_completion_date,total_tickets,high_priority_tickets,avg_resolution_hours,total_tool_actions,unique_tools_used
1,Sales,Sales Executive,Female,41,2,Travel_Rarely,6,2,5993,Yes,82.2,16,Completed,Yes,Yes,Yes,2020-07-08,2.0,0.0,2.5,7,5
2,Research & Development,Research Scientist,Male,49,1,Travel_Frequently,10,2,5130,Yes,84.9,7,Completed,Yes,Yes,Yes,2016-08-09,0.0,0.0,,5,5
4,Research & Development,Laboratory Technician,Male,37,2,Travel_Rarely,0,1,2090,No,41.3,17,In Progress,Yes,Yes,No,,3.0,2.0,17.566666666666666,2,2
5,Research & Development,Research Scientist,Female,33,4,Travel_Frequently,8,1,2909,Yes,84.7,14,Completed,Yes,Yes,Yes,2018-08-03,1.0,0.0,3.5,5,4
7,Research & Development,Laboratory Technician,Male,27,1,Travel_Rarely,2,1,3468,Yes,91.2,16,Completed,Yes,Yes,Yes,2024-08-15,0.0,0.0,,7,7
8,Research & Development,Laboratory Technician,Male,32,2,Travel_Frequently,7,1,3068,Yes,94.0,11,Completed,Yes,Yes,Yes,2019-07-03,0.0,0.0,,5,4
10,Research & Development,Laboratory Technician,Female,59,3,Travel_Rarely,1,1,2670,Yes,85.6,18,Completed,Yes,Yes,Yes,2025-12-25,2.0,0.0,3.75,6,4
11,Research & Development,Laboratory Technician,Male,30,1,Travel_Rarely,1,1,2693,Yes,83.2,11,Completed,Yes,Yes,Yes,2026-02-11,4.0,2.0,11.524999999999999,3,3
12,Research & Development,Manufacturing Director,Male,38,3,Travel_Frequently,9,3,9526,Yes,85.6,8,Completed,Yes,Yes,Yes,2017-07-20,0.0,0.0,,5,4
13,Research & Development,Healthcare Representative,Male,36,3,Travel_Rarely,7,2,5237,Yes,86.7,6,Completed,Yes,Yes,Yes,2019-06-21,1.0,0.0,8.8,6,5
14,Research & Development,Laboratory Technician,Male,35,3,Travel_Rarely,5,1,2426,Yes,81.9,18,Completed,Yes,Yes,Yes,2021-07-26,1.0,0.0,2.8,5,5
15,Research & Development,Laboratory Technician,Female,29,2,Travel_Rarely,9,2,4193,Yes,92.1,17,Completed,Yes,Yes,Yes,2017-07-28,1.0,1.0,10.1,5,5
16,Research & Development,Research Scientist,Male,31,1,Travel_Rarely,5,1,2911,Yes,94.6,13,Completed,Yes,Yes,Yes,2021-08-12,0.0,0.0,,7,5
18,Research & Development,Laboratory Technician,Male,34,2,Travel_Rarely,2,1,2661,Yes,99.5,11,Completed,Yes,Yes,Yes,2024-08-04,2.0,0.0,6.5,4,4
19,Research & Development,Laboratory Technician,Male,28,3,Travel_Rarely,4,1,2028,Yes,91.0,18,Completed,Yes,Yes,Yes,2022-08-14,1.0,0.0,2.2,3,3
20,Research & Development,Manufacturing Director,Female,29,4,Travel_Rarely,10,3,9980,Yes,92.4,18,Completed,Yes,Yes,Yes,2016-08-20,0.0,0.0,,4,4
21,Research & Development,Research Scientist,Male,32,2,Travel_Rarely,6,1,3298,Yes,91.5,16,Completed,Yes,Yes,Yes,2020-07-25,0.0,0.0,,8,8
22,Research & Development,Laboratory Technician,Male,22,2,Non-Travel,1,1,2935,Yes,84.6,9,Completed,Yes,Yes,Yes,2026-01-24,2.0,1.0,21.95,3,3
23,Sales,Manager,Female,53,4,Travel_Rarely,25,4,15427,Yes,97.1,18,Completed,Yes,Yes,Yes,2016-08-20,0.0,0.0,,5,4
24,Research & Development,Research Scientist,Male,38,3,Travel_Rarely,3,1,3944,Yes,87.6,12,Completed,Yes,Yes,Yes,2023-08-07,1.0,1.0,17.3,8,7
26,Research & Development,Manufacturing Director,Female,24,2,Non-Travel,4,2,4011,Yes,96.7,7,Completed,Yes,Yes,Yes,2022-06-29,0.0,0.0,,3,3
27,Sales,Sales Representative,Male,36,4,Travel_Rarely,5,1,3407,Yes,87.1,15,Completed,Yes,Yes,Yes,2021-07-24,1.0,0.0,3.2,3,3
28,Research & Development,Research Director,Female,34,4,Travel_Rarely,12,3,11994,Yes,94.0,15,Completed,Yes,Yes,Yes,2016-08-17,0.0,0.0,,4,4
30,Research & Development,Research Scientist,Male,21,2,Travel_Rarely,0,1,1232,Yes,92.7,13,Completed,Yes,Yes,Yes,2026-02-19,3.0,0.0,6.0,3,3
31,Research & Development,Research Scientist,Male,34,1,Travel_Rarely,4,1,2960,Yes,84.9,12,Completed,Yes,Yes,Yes,2022-06-28,2.0,1.0,8.0,5,4
32,Research & Development,Manager,Female,53,3,Travel_Rarely,14,5,19094,Yes,85.4,15,Completed,Yes,Yes,Yes,2016-08-17,0.0,0.0,,7,6
33,Research & Development,Research Scientist,Female,32,1,Travel_Frequently,10,1,3919,Yes,91.1,15,Completed,Yes,Yes,Yes,2016-08-17,1.0,1.0,30.5,4,4
35,Sales,Sales Executive,Male,42,4,Travel_Rarely,9,2,6825,Yes,96.9,17,Completed,Yes,Yes,Yes,2017-07-30,0.0,0.0,,4,3
36,Research & Development,Healthcare Representative,Female,44,4,Travel_Rarely,22,3,10248,Yes,84.6,5,Completed,Yes,Yes,Yes,2016-08-07,0.0,0.0,,5,4
38,Sales,Manager,Female,46,4,Travel_Rarely,2,5,18947,Yes,86.3,9,Completed,Yes,Yes,Yes,2024-06-19,1.0,0.0,7.6,6,4
39,Research & Development,Laboratory Technician,Male,33,3,Travel_Rarely,1,1,2496,Yes,98.9,16,Completed,Yes,Yes,Yes,2026-02-01,0.0,0.0,,2,2
40,Research & Development,Healthcare Representative,Male,44,4,Travel_Rarely,4,2,6465,Yes,84.3,12,Completed,Yes,Yes,Yes,2022-07-24,1.0,0.0,2.8,5,4
41,Research & Development,Laboratory Technician,Male,30,2,Travel_Rarely,10,1,2206,Yes,97.7,15,Completed,Yes,Yes,Yes,2016-08-17,0.0,0.0,,4,3
42,Sales,Sales Representative,Male,39,3,Travel_Rarely,1,2,2086,Yes,82.8,16,Completed,Yes,Yes,Yes,2025-10-23,3.0,1.0,14.700000000000001,1,1
45,Research & Development,Research Scientist,Male,24,3,Travel_Rarely,2,1,2293,Yes,90.8,16,Completed,Yes,Yes,Yes,2024-07-12,0.0,0.0,,6,5
46,Research & Development,Research Scientist,Female,43,2,Travel_Rarely,5,1,2645,Yes,88.6,14,Completed,Yes,Yes,Yes,2021-07-09,1.0,0.0,2.7,7,5
47,Sales,Sales Representative,Male,50,2,Travel_Rarely,3,1,2683,Yes,87.2,7,Completed,Yes,Yes,Yes,2023-07-14,0.0,0.0,,9,6
49,Sales,Sales Representative,Female,35,3,Travel_Rarely,2,1,2014,Yes,89.9,17,Completed,Yes,Yes,Yes,2024-07-16,1.0,0.0,9.2,4,3
51,Research & Development,Research Scientist,Female,36,4,Travel_Rarely,1,1,3419,Yes,71.6,28,In Progress,Yes,Yes,Yes,,0.0,0.0,,4,3
52,Sales,Sales Executive,Female,33,3,Travel_Frequently,5,2,5376,Yes,81.3,11,Completed,Yes,Yes,Yes,2021-07-05,0.0,0.0,,8,6
53,Research & Development,Laboratory Technician,Male,35,2,Travel_Rarely,1,1,1951,No,38.9,42,Delayed,No,Yes,Yes,,1.0,0.0,9.1,2,2
54,Research & Development,Laboratory Technician,Female,27,4,Travel_Rarely,1,1,2341,Yes,86.8,9,Completed,Yes,Yes,Yes,2025-12-04,1.0,1.0,22.6,4,4
55,Research & Development,Laboratory Technician,Male,26,3,Travel_Rarely,1,1,2293,Yes,80.1,16,Completed,Yes,Yes,Yes,2025-10-29,0.0,0.0,,7,5
56,Sales,Sales Executive,Male,27,3,Travel_Frequently,9,3,8726,Yes,94.4,13,Completed,Yes,Yes,Yes,2017-06-20,1.0,1.0,12.5,5,4
57,Research & Development,Laboratory Technician,Female,30,2,Travel_Frequently,12,2,4011,Yes,83.6,6,Completed,Yes,Yes,Yes,2016-08-08,0.0,0.0,,5,5
58,Research & Development,Research Director,Female,41,3,Travel_Rarely,22,5,19545,Yes,92.5,18,Completed,Yes,Yes,Yes,2016-08-20,1.0,0.0,2.4,2,2
60,Sales,Sales Executive,Male,34,4,Non-Travel,9,2,4568,Yes,90.2,8,Completed,Yes,Yes,Yes,2017-07-01,0.0,0.0,,7,4
61,Research & Development,Research Scientist,Male,37,2,Travel_Rarely,1,1,3022,Yes,83.2,17,Completed,Yes,Yes,Yes,2026-01-10,2.0,0.0,7.6,8,5
62,Sales,Sales Executive,Male,46,4,Travel_Frequently,9,2,5772,Yes,90.6,5,Completed,Yes,Yes,Yes,2017-06-09,1.0,0.0,3.8,5,4
63,Research & Development,Laboratory Technician,Male,35,1,Travel_Rarely,1,1,2269,Yes,80.4,10,Completed,Yes,Yes,Yes,2025-09-11,1.0,0.0,1.4,6,5
64,Research & Development,Laboratory Technician,Male,48,2,Travel_Rarely,1,3,5381,Yes,84.8,14,Completed,Yes,Yes,Yes,2025-11-29,2.0,2.0,28.4,2,2
65,Research & Development,Laboratory Technician,Male,28,4,Travel_Rarely,2,1,3441,Yes,81.6,16,Completed,Yes,Yes,Yes,2024-06-17,1.0,0.0,11.9,3,3
68,Sales,Sales Executive,Female,44,5,Travel_Rarely,4,2,5454,Yes,96.3,17,Completed,Yes,Yes,Yes,2022-07-18,2.0,0.0,2.05,5,4
70,Research & Development,Healthcare Representative,Male,35,2,Non-Travel,4,3,9884,Yes,95.3,7,Completed,Yes,Yes,Yes,2022-07-05,0.0,0.0,,5,5
72,Sales,Sales Executive,Female,26,3,Travel_Rarely,2,2,4157,Yes,89.5,13,Completed,Yes,Yes,Yes,2024-07-02,1.0,1.0,24.7,6,4
73,Research & Development,Research Director,Female,33,2,Travel_Frequently,15,3,13458,Yes,85.3,18,Completed,Yes,Yes,Yes,2016-08-20,0.0,0.0,,7,4
74,Sales,Sales Executive,Male,35,5,Travel_Frequently,9,3,9069,Yes,88.5,8,Completed,Yes,Yes,Yes,2017-07-03,1.0,1.0,23.4,5,3
75,Research & Development,Laboratory Technician,Female,35,4,Travel_Rarely,2,1,4014,Yes,90.8,16,Completed,Yes,Yes,Yes,2024-06-18,1.0,1.0,49.0,4,4
76,Research & Development,Laboratory Technician,Male,31,4,Travel_Rarely,7,2,5915,Yes,84.0,9,Completed,Yes,Yes,Yes,2019-06-28,0.0,0.0,,5,5
77,Research & Development,Manufacturing Director,Male,37,4,Travel_Rarely,7,2,5993,Yes,99.9,15,Completed,Yes,Yes,Yes,2019-07-23,0.0,0.0,,3,3
78,Research & Development,Manufacturing Director,Male,32,3,Travel_Rarely,9,2,6162,Yes,88.8,13,Completed,Yes,Yes,Yes,2017-07-23,0.0,0.0,,8,7
79,Research & Development,Laboratory Technician,Female,38,5,Travel_Frequently,10,2,2406,Yes,82.4,8,Completed,Yes,Yes,Yes,2016-08-10,0.0,0.0,,3,2
80,Research & Development,Research Director,Female,50,2,Travel_Rarely,27,5,18740,Yes,86.8,14,Completed,Yes,Yes,Yes,2016-08-16,1.0,0.0,1.5,9,6
81,Sales,Sales Executive,Female,59,3,Travel_Rarely,21,3,7637,Yes,84.6,8,Completed,Yes,Yes,Yes,2016-08-10,1.0,1.0,35.5,5,5
83,Research & Development,Healthcare Representative,Female,36,3,Travel_Rarely,17,3,10096,Yes,81.4,15,Completed,Yes,Yes,Yes,2016-08-17,1.0,1.0,25.2,3,2
84,Research & Development,Manager,Female,55,3,Travel_Rarely,5,4,14756,Yes,84.6,5,Completed,Yes,Yes,Yes,2021-08-03,2.0,0.0,3.25,3,2
85,Research & Development,Manufacturing Director,Male,36,3,Travel_Frequently,6,2,6499,Yes,86.6,13,Completed,Yes,Yes,Yes,2020-06-20,1.0,0.0,3.4,5,4
86,Research & Development,Research Scientist,Male,45,3,Travel_Rarely,1,3,9724,Yes,89.7,13,Completed,Yes,Yes,Yes,2025-12-16,0.0,0.0,,5,5
88,Research & Development,Research Scientist,Male,35,3,Travel_Frequently,3,1,2194,Yes,94.5,14,Completed,Yes,Yes,Yes,2023-08-07,0.0,0.0,,6,6
90,Research & Development,Research Scientist,Male,36,3,Travel_Rarely,1,1,3388,Yes,95.7,17,Completed,Yes,Yes,Yes,2025-09-24,3.0,2.0,19.099999999999998,3,3
91,Sales,Sales Executive,Female,59,1,Travel_Frequently,4,2,5473,Yes,83.8,6,Completed,Yes,Yes,Yes,2022-07-12,1.0,0.0,3.0,7,5
94,Research & Development,Research Scientist,Male,29,3,Travel_Rarely,5,1,2703,Yes,88.6,11,Completed,Yes,Yes,Yes,2021-07-01,0.0,0.0,,4,4
95,Research & Development,Research Scientist,Male,31,4,Travel_Rarely,1,1,2501,Yes,94.6,15,Completed,Yes,Yes,Yes,2025-11-03,0.0,0.0,,5,4
96,Research & Development,Research Scientist,Male,32,3,Travel_Rarely,10,2,6220,Yes,99.7,6,Completed,Yes,Yes,Yes,2016-08-08,0.0,0.0,,4,4
97,Research & Development,Laboratory Technician,Female,36,3,Travel_Rarely,1,1,3038,Yes,86.8,18,Completed,Yes,Yes,Yes,2026-02-04,0.0,0.0,,3,3
98,Research & Development,Manufacturing Director,Female,31,4,Travel_Rarely,11,2,4424,Yes,85.0,8,Completed,Yes,Yes,Yes,2016-08-10,1.0,0.0,7.1,6,6
100,Sales,Sales Executive,Male,35,4,Travel_Rarely,15,2,4312,Yes,89.0,11,Completed,Yes,Yes,Yes,2016-08-13,0.0,0.0,,7,6
101,Research & Development,Research Director,Male,45,4,Travel_Rarely,0,3,13245,Yes,85.0,6,Completed,Yes,Yes,Yes,2026-06-11,1.0,0.0,3.0,4,4
102,Research & Development,Research Director,Male,37,4,Travel_Rarely,5,3,13664,Yes,96.2,18,Completed,Yes,Yes,Yes,2021-07-22,1.0,0.0,2.3,5,3
103,Human Resources,Human Resources,Male,46,2,Travel_Rarely,4,2,5021,Yes,82.0,15,Completed,Yes,Yes,Yes,2022-07-12,1.0,0.0,3.7,7,5
104,Research & Development,Laboratory Technician,Male,30,1,Travel_Rarely,10,2,5126,Yes,96.7,6,Completed,Yes,Yes,Yes,2016-08-08,1.0,0.0,1.3,5,3
105,Research & Development,Research Scientist,Male,35,3,Travel_Rarely,6,1,2859,Yes,95.1,8,Completed,Yes,Yes,Yes,2020-06-11,1.0,0.0,2.7,7,5
106,Sales,Sales Executive,Male,55,2,Travel_Rarely,1,3,10239,Yes,89.6,18,Completed,Yes,Yes,Yes,2026-01-08,3.0,0.0,5.333333333333333,2,2
107,Research & Development,Research Scientist,Female,38,3,Non-Travel,13,2,5329,Yes,98.0,7,Completed,Yes,Yes,Yes,2016-08-09,1.0,0.0,3.7,6,5
110,Research & Development,Manufacturing Director,Male,34,2,Travel_Rarely,5,2,4325,Yes,80.0,11,Completed,Yes,Yes,Yes,2021-07-19,0.0,0.0,,6,6
112,Research & Development,Manufacturing Director,Male,56,3,Travel_Rarely,6,3,7260,Yes,98.5,17,Completed,Yes,Yes,Yes,2020-08-02,0.0,0.0,,3,3
113,Sales,Sales Representative,Male,23,1,Travel_Rarely,0,1,2322,Yes,93.9,16,Completed,Yes,Yes,Yes,2026-04-12,2.0,0.0,5.35,2,2
116,Research & Development,Laboratory Technician,Male,51,4,Travel_Rarely,4,1,2075,Yes,91.1,16,Completed,Yes,Yes,Yes,2022-06-28,0.0,0.0,,5,4
117,Research & Development,Healthcare Representative,Male,30,3,Travel_Rarely,11,2,4152,Yes,83.1,9,Completed,Yes,Yes,Yes,2016-08-11,0.0,0.0,,6,5
118,Sales,Sales Executive,Male,46,2,Travel_Rarely,9,3,9619,Yes,99.4,14,Completed,Yes,Yes,Yes,2017-08-03,1.0,0.0,2.8,5,4
119,Research & Development,Healthcare Representative,Male,40,4,Travel_Frequently,22,4,13503,Yes,90.8,16,Completed,Yes,Yes,Yes,2016-08-18,0.0,0.0,,3,3
120,Sales,Sales Executive,Male,51,4,Travel_Rarely,10,2,5441,Yes,81.1,14,Completed,Yes,Yes,Yes,2016-08-16,0.0,0.0,,5,4
121,Sales,Sales Executive,Female,30,2,Travel_Rarely,11,2,5209,Yes,90.1,18,Completed,Yes,Yes,Yes,2016-08-20,0.0,0.0,,5,4
124,Research & Development,Healthcare Representative,Male,46,3,Travel_Frequently,10,3,10673,Yes,83.1,13,Completed,Yes,Yes,Yes,2016-08-15,1.0,0.0,9.2,5,4
125,Sales,Sales Executive,Male,32,4,Travel_Rarely,11,2,5010,Yes,97.0,6,Completed,Yes,Yes,Yes,2016-08-08,0.0,0.0,,8,5
126,Research & Development,Research Director,Female,54,4,Travel_Rarely,4,3,13549,Yes,81.4,18,Completed,Yes,Yes,Yes,2022-07-12,1.0,0.0,1.4,2,2
128,Sales,Sales Executive,Female,24,2,Travel_Rarely,3,2,4999,Yes,88.1,14,Completed,Yes,Yes,Yes,2023-07-31,1.0,1.0,11.8,7,5
129,Sales,Sales Executive,Male,28,3,Non-Travel,5,2,4221,Yes,91.6,5,Completed,Yes,Yes,Yes,2021-07-22,1.0,0.0,1.6,4,4
131,Sales,Sales Executive,Male,58,4,Travel_Rarely,37,4,13872,Yes,81.6,15,Completed,Yes,Yes,Yes,2016-08-17,0.0,0.0,,3,2
132,Research & Development,Laboratory Technician,Male,44,3,Non-Travel,3,2,2042,Yes,91.3,10,Completed,Yes,Yes,Yes,2023-07-05,0.0,0.0,,6,5
133,Human Resources,Human Resources,Male,37,4,Travel_Rarely,3,1,2073,Yes,85.2,15,Completed,Yes,Yes,Yes,2023-06-18,1.0,1.0,13.5,6,4
134,Research & Development,Research Scientist,Male,32,1,Travel_Rarely,1,1,2956,Yes,85.3,7,Completed,Yes,Yes,Yes,2025-08-09,2.0,1.0,20.85,2,2
137,Research & Development,Laboratory Technician,Female,20,3,Travel_Frequently,1,1,2926,Yes,89.1,17,Completed,Yes,Yes,Yes,2025-08-31,0.0,0.0,,4,3
138,Research & Development,Research Scientist,Female,34,4,Travel_Rarely,16,2,4809,Yes,81.5,12,Completed,Yes,Yes,Yes,2016-08-14,0.0,0.0,,5,4
139,Research & Development,Healthcare Representative,Male,37,2,Non-Travel,1,2,5163,Yes,32.7,29,Delayed,Yes,Yes,Yes,,3.0,0.0,4.066666666666666,3,3
140,Human Resources,Manager,Female,59,4,Non-Travel,3,5,18844,Yes,87.0,6,Completed,Yes,Yes,Yes,2023-06-09,1.0,0.0,9.8,4,3
141,Research & Development,Research Director,Female,50,3,Travel_Frequently,8,5,18172,Yes,84.9,9,Completed,Yes,Yes,Yes,2018-06-16,0.0,0.0,,8,6
142,Sales,Sales Executive,Male,25,3,Travel_Rarely,6,2,5744,Yes,88.8,13,Completed,Yes,Yes,Yes,2020-08-04,0.0,0.0,,6,5
143,Research & Development,Research Scientist,Male,25,1,Travel_Rarely,2,1,2889,Yes,86.1,17,Completed,Yes,Yes,Yes,2024-07-03,0.0,0.0,,5,4
144,Research & Development,Laboratory Technician,Female,22,3,Travel_Rarely,0,1,2871,Yes,93.4,13,Completed,Yes,Yes,Yes,2026-02-17,3.0,0.0,7.666666666666667,2,2
145,Research & Development,Healthcare Representative,Female,51,4,Travel_Frequently,13,3,7484,Yes,98.6,6,Completed,Yes,Yes,Yes,2016-08-08,1.0,0.0,2.8,5,5
147,Research & Development,Laboratory Technician,Male,34,3,Travel_Frequently,9,2,6074,Yes,97.6,9,Completed,Yes,Yes,Yes,2017-06-12,2.0,1.0,10.85,2,2
148,Human Resources,Manager,Female,54,3,Non-Travel,5,4,17328,Yes,97.8,16,Completed,Yes,Yes,Yes,2021-08-10,1.0,0.0,3.7,5,5
150,Research & Development,Laboratory Technician,Male,24,1,Travel_Rarely,5,1,2774,Yes,83.1,9,Completed,Yes,Yes,Yes,2021-07-06,0.0,0.0,,8,6
151,Research & Development,Research Scientist,Female,34,4,Travel_Rarely,1,2,4505,Yes,86.9,15,Completed,Yes,Yes,Yes,2025-09-15,3.0,1.0,4.366666666666666,2,2
152,Sales,Sales Executive,Male,37,3,Travel_Rarely,5,3,7428,Yes,97.1,13,Completed,Yes,Yes,Yes,2021-07-05,1.0,0.0,7.3,8,8
153,Research & Development,Manager,Female,34,3,Travel_Rarely,11,3,11631,Yes,85.0,18,Completed,Yes,Yes,Yes,2016-08-20,0.0,0.0,,7,6
154,Sales,Sales Executive,Female,36,2,Travel_Frequently,9,3,9738,Yes,81.8,11,Completed,Yes,Yes,Yes,2017-08-10,0.0,0.0,,6,6
155,Research & Development,Laboratory Technician,Female,36,2,Travel_Rarely,1,1,2835,Yes,86.7,7,Completed,Yes,Yes,Yes,2025-11-30,3.0,0.0,3.8666666666666667,2,2
158,Sales,Manager,Male,43,2,Travel_Frequently,25,4,16959,Yes,99.6,7,Completed,Yes,Yes,Yes,2016-08-09,0.0,0.0,,7,5
159,Research & Development,Research Scientist,Male,30,3,Travel_Frequently,10,1,2613,Yes,88.8,16,Completed,Yes,Yes,Yes,2016-08-18,1.0,1.0,34.4,5,4
160,Sales,Sales Executive,Male,33,2,Non-Travel,7,2,6146,Yes,91.2,6,Completed,Yes,Yes,Yes,2019-07-12,0.0,0.0,,6,6
161,Research & Development,Research Scientist,Female,56,4,Travel_Rarely,5,1,4963,Yes,98.9,16,Completed,Yes,Yes,Yes,2021-08-13,0.0,0.0,,3,3
162,Research & Development,Research Director,Male,51,3,Travel_Rarely,20,5,19537,Yes,83.0,5,Completed,Yes,Yes,Yes,2016-08-07,0.0,0.0,,7,6
163,Sales,Sales Executive,Male,31,4,Travel_Rarely,7,2,6172,Yes,87.4,13,Completed,Yes,Yes,Yes,2019-06-23,0.0,0.0,,3,2
164,Research & Development,Research Scientist,Female,26,3,Travel_Rarely,5,1,2368,Yes,88.6,5,Completed,Yes,Yes,Yes,2021-07-28,0.0,0.0,,8,7
165,Research & Development,Healthcare Representative,Female,58,4,Travel_Rarely,40,3,10312,Yes,87.3,17,Completed,Yes,Yes,Yes,2016-08-19,0.0,0.0,,2,1
167,Sales,Sales Representative,Male,19,1,Travel_Rarely,0,1,1675,Yes,27.4,42,Delayed,Yes,Yes,Yes,,2.0,0.0,4.05,2,2
169,Research & Development,Laboratory Technician,Male,22,1,Travel_Rarely,2,1,2523,Yes,97.5,14,Completed,Yes,Yes,Yes,2024-06-19,0.0,0.0,,4,4
170,Research & Development,Manufacturing Director,Female,49,4,Travel_Rarely,15,2,6567,Yes,83.1,8,Completed,Yes,Yes,Yes,2016-08-10,0.0,0.0,,9,5
171,Research & Development,Research Scientist,Female,43,3,Travel_Frequently,3,1,4739,Yes,83.3,17,Completed,Yes,Yes,Yes,2023-06-24,1.0,0.0,10.4,5,5
174,Sales,Sales Executive,Female,50,3,Travel_Frequently,2,3,9208,Yes,83.5,11,Completed,Yes,Yes,Yes,2024-06-21,0.0,0.0,,4,3
175,Sales,Sales Executive,Female,31,3,Travel_Rarely,2,2,4559,Yes,83.6,10,Completed,Yes,Yes,Yes,2024-08-09,2.0,1.0,17.0,5,4
176,Sales,Sales Executive,Male,41,1,Travel_Rarely,9,3,8189,Yes,98.6,17,Completed,Yes,Yes,Yes,2017-06-30,0.0,0.0,,5,5
177,Human Resources,Human Resources,Female,26,1,Travel_Rarely,8,1,2942,Yes,97.3,17,Completed,Yes,Yes,Yes,2018-07-08,1.0,0.0,6.3,5,4
178,Research & Development,Manufacturing Director,Male,36,2,Travel_Rarely,3,2,4941,Yes,85.3,17,Completed,Yes,Yes,Yes,2023-08-03,0.0,0.0,,7,7
179,Research & Development,Manufacturing Director,Male,51,4,Travel_Frequently,4,3,10650,Yes,82.2,18,Completed,Yes,Yes,Yes,2022-07-06,0.0,0.0,,3,3
182,Sales,Sales Executive,Female,39,4,Travel_Rarely,15,2,5902,Yes,97.2,8,Completed,Yes,Yes,Yes,2016-08-10,1.0,0.0,3.3,6,4
183,Sales,Sales Executive,Male,25,3,Travel_Rarely,2,2,8639,Yes,96.3,12,Completed,Yes,Yes,Yes,2024-07-31,1.0,0.0,5.3,7,6
184,Human Resources,Human Resources,Male,30,3,Travel_Rarely,11,2,6347,Yes,86.1,17,Completed,Yes,Yes,Yes,2016-08-19,1.0,0.0,7.9,4,3
190,Research & Development,Laboratory Technician,Female,32,3,Travel_Rarely,5,1,4200,Yes,84.6,5,Completed,Yes,Yes,Yes,2021-06-12,0.0,0.0,,5,5
192,Research & Development,Research Scientist,Male,45,3,Travel_Rarely,6,1,3452,Yes,83.9,10,Completed,Yes,Yes,Yes,2020-06-30,1.0,0.0,7.7,8,6
193,Research & Development,Research Scientist,Female,38,5,Travel_Rarely,3,2,4317,Yes,97.3,17,Completed,Yes,Yes,Yes,2023-08-01,0.0,0.0,,3,3
194,Research & Development,Research Scientist,Female,30,3,Travel_Rarely,5,1,2632,Yes,87.0,13,Completed,Yes,Yes,Yes,2021-07-28,1.0,0.0,2.0,5,5
195,Sales,Sales Executive,Male,32,2,Travel_Frequently,8,2,4668,Yes,93.6,18,Completed,Yes,Yes,Yes,2018-07-26,0.0,0.0,,4,4
197,Research & Development,Research Scientist,Female,30,3,Travel_Rarely,3,1,3204,Yes,86.6,5,Completed,Yes,Yes,Yes,2023-07-03,0.0,0.0,,7,5
198,Research & Development,Laboratory Technician,Male,30,1,Travel_Rarely,5,1,2720,Yes,97.5,9,Completed,Yes,Yes,Yes,2021-08-03,0.0,0.0,,4,3
199,Research & Development,Manager,Male,41,3,Travel_Frequently,7,4,17181,Yes,91.6,9,Completed,Yes,Yes,Yes,2019-07-31,0.0,0.0,,7,6
200,Research & Development,Laboratory Technician,Male,41,4,Travel_Rarely,5,1,2238,Yes,82.2,11,Completed,Yes,Yes,Yes,2021-08-10,2.0,0.0,7.699999999999999,4,4
201,Research & Development,Laboratory Technician,Female,19,1,Travel_Rarely,1,1,1483,Yes,86.3,14,Completed,Yes,Yes,Yes,2025-11-19,1.0,0.0,10.7,6,6
202,Research & Development,Research Scientist,Female,40,3,Travel_Frequently,20,2,5605,Yes,82.3,14,Completed,Yes,Yes,Yes,2016-08-16,1.0,0.0,2.3,7,5
204,Sales,Sales Executive,Male,35,5,Travel_Rarely,10,3,7295,Yes,85.1,16,Completed,Yes,Yes,Yes,2016-08-18,1.0,0.0,3.9,6,6
205,Sales,Sales Representative,Male,53,2,Travel_Rarely,7,2,2306,Yes,80.0,17,Completed,Yes,Yes,Yes,2019-07-23,0.0,0.0,,4,4
206,Research & Development,Laboratory Technician,Male,45,3,Travel_Rarely,17,2,2348,Yes,93.7,16,Completed,Yes,Yes,Yes,2016-08-18,0.0,0.0,,5,5
207,Sales,Sales Executive,Female,32,3,Travel_Frequently,9,3,8998,Yes,93.4,10,Completed,Yes,Yes,Yes,2017-06-26,1.0,0.0,1.3,6,5
208,Research & Development,Manufacturing Director,Male,29,1,Non-Travel,10,2,4319,Yes,81.4,15,Completed,Yes,Yes,Yes,2016-08-17,0.0,0.0,,6,5
211,Research & Development,Manufacturing Director,Male,51,4,Travel_Rarely,1,2,6132,Yes,93.3,6,Completed,Yes,Yes,Yes,2025-11-15,1.0,0.0,5.6,8,7
214,Research & Development,Research Scientist,Female,58,3,Travel_Rarely,1,1,3346,No,53.0,24,In Progress,Yes,No,No,,0.0,0.0,,2,2
215,Sales,Sales Executive,Male,40,4,Travel_Rarely,12,3,10855,Yes,82.5,11,Completed,Yes,Yes,Yes,2016-08-13,1.0,0.0,4.8,7,6
216,Sales,Sales Representative,Female,34,4,Travel_Frequently,4,1,2231,Yes,98.8,15,Completed,Yes,Yes,Yes,2022-07-05,1.0,0.0,2.6,4,4
217,Research & Development,Research Scientist,Male,22,1,Travel_Rarely,2,1,2323,Yes,98.1,14,Completed,Yes,Yes,Yes,2024-06-28,0.0,0.0,,7,5
218,Research & Development,Research Scientist,Male,27,3,Non-Travel,2,1,2024,Yes,86.0,13,Completed,Yes,Yes,Yes,2024-07-08,0.0,0.0,,6,5
221,Research & Development,Research Scientist,Male,28,3,Travel_Rarely,5,1,2713,Yes,80.0,9,Completed,Yes,Yes,Yes,2021-06-18,0.0,0.0,,5,4
223,Research & Development,Healthcare Representative,Male,57,2,Travel_Rarely,5,3,9439,Yes,88.6,14,Completed,Yes,Yes,Yes,2021-08-02,0.0,0.0,,5,4
224,Research & Development,Research Scientist,Male,27,3,Non-Travel,1,1,2566,Yes,89.3,12,Completed,Yes,Yes,Yes,2025-09-11,0.0,0.0,,5,5
226,Research & Development,Manager,Female,50,3,Travel_Rarely,5,5,19926,Yes,84.3,12,Completed,Yes,Yes,Yes,2021-07-01,0.0,0.0,,4,4
227,Research & Development,Research Scientist,Male,41,3,Travel_Rarely,9,1,2451,Yes,98.0,17,Completed,Yes,Yes,Yes,2017-06-30,2.0,0.0,2.75,3,3
228,Sales,Sales Executive,Female,30,3,Travel_Rarely,10,3,9419,Yes,83.4,6,Completed,Yes,Yes,Yes,2016-08-08,0.0,0.0,,8,6
230,Sales,Sales Executive,Female,38,4,Travel_Rarely,8,2,8686,Yes,90.3,15,Completed,Yes,Yes,Yes,2018-07-30,1.0,0.0,3.9,4,4
231,Research & Development,Research Scientist,Male,32,5,Travel_Rarely,5,1,3038,Yes,86.7,18,Completed,Yes,Yes,Yes,2021-07-11,0.0,0.0,,6,3
233,Research & Development,Research Scientist,Male,27,3,Travel_Rarely,5,1,3058,Yes,95.0,15,Completed,Yes,Yes,Yes,2021-06-17,0.0,0.0,,4,3
235,Sales,Sales Representative,Female,19,1,Travel_Frequently,0,1,2325,Yes,84.0,5,Completed,Yes,Yes,Yes,2026-05-08,3.0,1.0,9.933333333333334,2,2
238,Research & Development,Laboratory Technician,Male,36,2,Travel_Frequently,8,1,2088,Yes,84.9,12,Completed,Yes,Yes,Yes,2018-08-12,2.0,2.0,30.65,5,4
239,Research & Development,Laboratory Technician,Male,30,3,Non-Travel,12,2,3072,Yes,97.0,6,Completed,Yes,Yes,Yes,2016-08-08,0.0,0.0,,6,6
240,Sales,Sales Executive,Female,45,2,Travel_Rarely,5,2,5006,Yes,88.3,15,Completed,Yes,Yes,Yes,2021-07-18,0.0,0.0,,6,4
241,Research & Development,Research Scientist,Female,56,3,Travel_Rarely,2,1,4257,Yes,83.9,16,Completed,Yes,Yes,Yes,2024-07-11,1.0,1.0,19.5,4,4
242,Research & Development,Research Scientist,Male,33,3,Travel_Rarely,3,1,2500,Yes,89.9,8,Completed,Yes,Yes,Yes,2023-07-16,0.0,0.0,,5,5
243,Research & Development,Laboratory Technician,Male,19,3,Travel_Rarely,1,1,1102,Yes,80.1,17,Completed,Yes,Yes,Yes,2026-01-12,2.0,0.0,3.25,4,4
244,Sales,Sales Executive,Female,46,2,Travel_Rarely,24,3,10453,Yes,95.4,6,Completed,Yes,Yes,Yes,2016-08-08,0.0,0.0,,8,8
245,Research & Development,Laboratory Technician,Female,38,2,Travel_Rarely,2,1,2288,Yes,88.5,7,Completed,Yes,Yes,Yes,2024-06-19,0.0,0.0,,6,5
246,Research & Development,Research Scientist,Female,31,1,Travel_Rarely,4,1,3929,Yes,99.2,13,Completed,Yes,Yes,Yes,2022-06-24,0.0,0.0,,8,8
247,Research & Development,Research Scientist,Female,34,2,Travel_Rarely,3,1,2311,Yes,81.0,8,Completed,Yes,Yes,Yes,2023-07-11,1.0,0.0,4.8,4,4
248,Sales,Sales Representative,Female,41,2,Travel_Rarely,4,1,3140,Yes,97.0,12,Completed,Yes,Yes,Yes,2022-06-16,1.0,0.0,1.4,5,4
249,Research & Development,Laboratory Technician,Male,50,3,Travel_Rarely,3,1,3690,Yes,96.0,15,Completed,Yes,Yes,Yes,2023-08-08,0.0,0.0,,3,2
250,Research & Development,Manufacturing Director,Female,53,2,Travel_Rarely,4,2,4450,Yes,99.8,14,Completed,Yes,Yes,Yes,2022-07-13,0.0,0.0,,7,6
252,Research & Development,Research Scientist,Female,33,3,Travel_Rarely,8,1,2756,Yes,99.0,12,Completed,Yes,Yes,Yes,2018-07-25,1.0,0.0,9.9,7,6
253,Research & Development,Manager,Female,40,1,Travel_Rarely,20,5,19033,Yes,96.3,13,Completed,Yes,Yes,Yes,2016-08-15,0.0,0.0,,6,5
254,Research & Development,Research Director,Male,55,4,Travel_Rarely,24,5,18722,Yes,96.6,13,Completed,Yes,Yes,Yes,2016-08-15,0.0,0.0,,5,3
256,Research & Development,Manufacturing Director,Male,34,1,Travel_Frequently,10,2,9547,Yes,97.9,16,Completed,Yes,Yes,Yes,2016-08-18,0.0,0.0,,2,2
258,Research & Development,Healthcare Representative,Female,51,3,Travel_Rarely,7,4,13734,Yes,89.5,9,Completed,Yes,Yes,Yes,2019-06-17,0.0,0.0,,6,5
259,Research & Development,Manager,Male,52,4,Travel_Rarely,33,5,19999,Yes,84.9,15,Completed,Yes,Yes,Yes,2016-08-17,2.0,1.0,11.5,5,5
260,Research & Development,Research Scientist,Female,27,3,Travel_Rarely,7,1,2279,Yes,95.3,13,Completed,Yes,Yes,Yes,2019-07-29,0.0,0.0,,7,7
261,Research & Development,Manufacturing Director,Male,35,2,Travel_Rarely,1,2,5916,Yes,85.5,6,Completed,Yes,Yes,Yes,2025-10-06,2.0,0.0,2.9,4,4
262,Research & Development,Research Scientist,Male,43,3,Non-Travel,5,1,2089,Yes,85.7,9,Completed,Yes,Yes,Yes,2021-06-26,0.0,0.0,,6,6
264,Research & Development,Manager,Male,45,2,Non-Travel,20,4,16792,Yes,86.4,13,Completed,Yes,Yes,Yes,2016-08-15,0.0,0.0,,9,7
267,Research & Development,Research Scientist,Male,37,3,Travel_Rarely,8,1,3564,Yes,82.8,8,Completed,Yes,Yes,Yes,2018-08-05,1.0,0.0,1.8,4,4
269,Research & Development,Laboratory Technician,Female,35,3,Travel_Frequently,6,2,4425,Yes,93.9,16,Completed,Yes,Yes,Yes,2020-07-24,0.0,0.0,,4,4
270,Research & Development,Manufacturing Director,Female,42,2,Non-Travel,5,2,5265,Yes,81.3,11,Completed,Yes,Yes,Yes,2021-07-30,0.0,0.0,,4,4
271,Research & Development,Manufacturing Director,Male,38,4,Travel_Rarely,1,2,6553,Yes,88.3,8,Completed,Yes,Yes,Yes,2025-11-17,1.0,0.0,2.2,6,5
273,Research & Development,Manufacturing Director,Male,38,3,Travel_Rarely,7,2,6261,Yes,88.4,17,Completed,Yes,Yes,Yes,2019-06-27,1.0,1.0,15.8,6,5
274,Research & Development,Manufacturing Director,Male,27,1,Travel_Frequently,2,2,4298,Yes,98.9,5,Completed,Yes,Yes,Yes,2024-06-29,0.0,0.0,,6,4
275,Research & Development,Manufacturing Director,Male,49,4,Non-Travel,7,2,6804,Yes,97.6,14,Completed,Yes,Yes,Yes,2019-06-23,0.0,0.0,,5,5
277,Research & Development,Research Scientist,Male,34,4,Travel_Frequently,5,1,3815,Yes,89.5,10,Completed,Yes,Yes,Yes,2021-07-18,0.0,0.0,,5,5
281,Research & Development,Laboratory Technician,Male,40,2,Travel_Rarely,7,2,2741,Yes,95.1,18,Completed,Yes,Yes,Yes,2019-08-01,0.0,0.0,,3,3
282,Research & Development,Healthcare Representative,Male,38,1,Travel_Rarely,1,2,6673,Yes,94.7,17,Completed,Yes,Yes,Yes,2025-11-03,1.0,0.0,6.4,5,4
283,Sales,Sales Executive,Female,29,3,Travel_Rarely,10,3,7639,Yes,98.0,12,Completed,Yes,Yes,Yes,2016-08-14,2.0,1.0,9.35,3,3
284,Research & Development,Research Scientist,Male,22,3,Travel_Rarely,4,1,2328,Yes,85.5,12,Completed,Yes,Yes,Yes,2022-07-30,0.0,0.0,,5,5
286,Research & Development,Laboratory Technician,Female,36,1,Travel_Frequently,8,1,2153,Yes,87.8,15,Completed,Yes,Yes,Yes,2018-08-16,1.0,0.0,1.1,3,3
287,Research & Development,Healthcare Representative,Male,40,5,Non-Travel,3,2,4876,Yes,96.0,16,Completed,Yes,Yes,Yes,2023-07-05,0.0,0.0,,7,7
288,Research & Development,Healthcare Representative,Male,46,4,Travel_Rarely,4,3,9396,Yes,96.8,7,Completed,Yes,Yes,Yes,2022-07-29,1.0,0.0,5.3,7,5
291,Sales,Sales Executive,Male,32,4,Travel_Rarely,14,3,10400,Yes,90.7,11,Completed,Yes,Yes,Yes,2016-08-13,0.0,0.0,,5,5
292,Research & Development,Manufacturing Director,Male,30,1,Non-Travel,11,3,8474,Yes,91.3,5,Completed,Yes,Yes,Yes,2016-08-07,1.0,0.0,6.2,9,7
293,Sales,Sales Executive,Female,27,3,Travel_Frequently,7,2,9981,Yes,92.9,7,Completed,Yes,Yes,Yes,2019-08-04,0.0,0.0,,4,2
296,Research & Development,Research Director,Male,51,4,Travel_Rarely,10,3,12490,Yes,89.2,5,Completed,Yes,Yes,Yes,2016-08-07,0.0,0.0,,8,7
297,Research & Development,Research Scientist,Female,30,3,Travel_Rarely,5,1,2657,Yes,87.6,8,Completed,Yes,Yes,Yes,2021-07-24,0.0,0.0,,5,4
298,Sales,Manager,Female,41,3,Travel_Rarely,1,3,13591,Yes,95.2,11,Completed,Yes,Yes,Yes,2025-10-19,1.0,0.0,2.9,7,5
299,Sales,Sales Executive,Female,30,4,Travel_Frequently,6,2,6696,Yes,95.0,18,Completed,Yes,Yes,Yes,2020-08-02,1.0,0.0,1.5,3,3
300,Research & Development,Research Scientist,Male,29,3,Travel_Rarely,6,1,2058,Yes,85.0,6,Completed,Yes,Yes,Yes,2020-07-12,0.0,0.0,,6,4
302,Sales,Sales Executive,Female,45,3,Non-Travel,19,3,8865,Yes,80.4,13,Completed,Yes,Yes,Yes,2016-08-15,0.0,0.0,,9,7
303,Sales,Sales Executive,Female,54,3,Travel_Rarely,6,2,5940,Yes,100.0,10,Completed,Yes,Yes,Yes,2020-08-08,1.0,0.0,8.1,8,7
304,Research & Development,Laboratory Technician,Male,36,2,Travel_Rarely,13,2,5914,Yes,93.0,17,Completed,Yes,Yes,Yes,2016-08-19,0.0,0.0,,8,8
305,Research & Development,Research Scientist,Female,33,4,Travel_Rarely,3,1,2622,Yes,80.8,5,Completed,Yes,Yes,Yes,2023-06-26,0.0,0.0,,4,3
306,Research & Development,Research Director,Male,37,3,Travel_Frequently,10,3,12185,Yes,84.9,18,Completed,Yes,Yes,Yes,2016-08-20,0.0,0.0,,6,4
307,Sales,Sales Executive,Male,38,3,Travel_Rarely,16,3,10609,Yes,92.4,8,Completed,Yes,Yes,Yes,2016-08-10,0.0,0.0,,8,7
308,Research & Development,Manufacturing Director,Male,31,4,Non-Travel,5,2,4345,Yes,89.5,6,Completed,Yes,Yes,Yes,2021-07-30,0.0,0.0,,6,4
309,Research & Development,Research Scientist,Male,59,3,Travel_Rarely,1,1,2177,Yes,70.6,20,In Progress,Yes,No,Yes,,1.0,0.0,2.1,5,5
311,Sales,Sales Representative,Male,37,4,Travel_Frequently,9,1,2793,Yes,92.1,16,Completed,Yes,Yes,Yes,2017-07-11,0.0,0.0,,4,3
312,Sales,Sales Executive,Female,29,1,Travel_Frequently,11,3,7918,Yes,82.3,18,Completed,Yes,Yes,Yes,2016-08-20,1.0,0.0,3.5,5,3
314,Sales,Sales Executive,Female,35,3,Travel_Frequently,10,3,8789,Yes,99.3,6,Completed,Yes,Yes,Yes,2016-08-08,0.0,0.0,,7,5
315,Research & Development,Research Scientist,Male,29,1,Travel_Rarely,4,1,2389,Yes,80.5,9,Completed,Yes,Yes,Yes,2022-07-04,0.0,0.0,,5,4
316,Research & Development,Laboratory Technician,Female,52,3,Travel_Rarely,2,1,3212,Yes,93.5,11,Completed,Yes,Yes,Yes,2024-07-06,1.0,0.0,1.9,3,3
319,Research & Development,Manager,Male,42,2,Travel_Rarely,22,5,19232,Yes,98.8,8,Completed,Yes,Yes,Yes,2016-08-10,1.0,0.0,3.2,6,5
321,Human Resources,Human Resources,Male,59,2,Travel_Rarely,2,1,2267,Yes,91.8,18,Completed,Yes,Yes,Yes,2024-08-14,2.0,0.0,3.45,4,4
323,Sales,Manager,Female,50,4,Travel_Rarely,7,5,19517,Yes,84.9,16,Completed,Yes,Yes,Yes,2019-07-09,0.0,0.0,,5,4
325,Research & Development,Laboratory Technician,Male,33,3,Travel_Rarely,5,1,2436,Yes,86.0,15,Completed,Yes,Yes,Yes,2021-06-28,0.0,0.0,,7,5
327,Sales,Manager,Female,43,3,Travel_Rarely,17,4,16064,Yes,96.1,17,Completed,Yes,Yes,Yes,2016-08-19,0.0,0.0,,5,4
328,Research & Development,Laboratory Technician,Female,33,2,Travel_Rarely,9,1,2707,Yes,95.7,10,Completed,Yes,Yes,Yes,2017-07-07,0.0,0.0,,4,4
329,Sales,Manager,Male,52,4,Non-Travel,33,5,19068,Yes,88.6,10,Completed,Yes,Yes,Yes,2016-08-12,0.0,0.0,,5,5
330,Sales,Sales Representative,Female,32,2,Travel_Rarely,4,1,3931,Yes,90.1,10,Completed,Yes,Yes,Yes,2022-08-07,1.0,0.0,10.8,8,7
331,Research & Development,Laboratory Technician,Male,32,3,Travel_Rarely,3,1,3730,Yes,97.0,18,Completed,Yes,Yes,Yes,2023-08-19,0.0,0.0,,8,7
332,Research & Development,Laboratory Technician,Female,39,4,Travel_Rarely,3,1,2232,Yes,82.1,10,Completed,Yes,Yes,Yes,2023-07-11,0.0,0.0,,6,5
333,Sales,Sales Executive,Male,32,4,Non-Travel,3,2,4465,Yes,97.8,12,Completed,Yes,Yes,Yes,2023-07-04,1.0,0.0,7.1,5,5
334,Research & Development,Research Scientist,Male,41,2,Travel_Rarely,1,2,3072,Yes,83.5,13,Completed,Yes,Yes,Yes,2025-08-17,3.0,0.0,3.033333333333333,2,2
335,Research & Development,Research Scientist,Male,40,2,Travel_Rarely,9,2,3319,Yes,85.4,17,Completed,Yes,Yes,Yes,2017-07-09,1.0,0.0,2.4,7,6
336,Research & Development,Manager,Male,45,3,Travel_Rarely,24,5,19202,Yes,90.8,12,Completed,Yes,Yes,Yes,2016-08-14,0.0,0.0,,6,5
337,Research & Development,Research Director,Male,31,4,Travel_Frequently,2,3,13675,Yes,88.7,16,Completed,Yes,Yes,Yes,2024-07-18,1.0,1.0,30.3,5,5
338,Research & Development,Research Scientist,Female,33,4,Travel_Rarely,2,1,2911,Yes,85.4,18,Completed,Yes,Yes,Yes,2024-07-12,1.0,0.0,3.6,4,4
339,Research & Development,Manufacturing Director,Male,34,4,Travel_Rarely,11,2,5957,Yes,96.6,6,Completed,Yes,Yes,Yes,2016-08-08,0.0,0.0,,8,7
340,Research & Development,Research Scientist,Female,37,2,Travel_Rarely,3,1,3920,Yes,97.6,8,Completed,Yes,Yes,Yes,2023-07-23,1.0,1.0,14.2,7,7
341,Research & Development,Manufacturing Director,Male,45,4,Travel_Frequently,3,2,6434,Yes,89.3,14,Completed,Yes,Yes,Yes,2023-06-28,0.0,0.0,,7,7
342,Research & Development,Manufacturing Director,Male,37,3,Travel_Frequently,1,3,10048,Yes,80.6,18,Completed,Yes,Yes,Yes,2025-09-01,1.0,1.0,27.2,6,5
343,Research & Development,Healthcare Representative,Female,39,4,Travel_Frequently,19,3,10938,Yes,83.6,8,Completed,Yes,Yes,Yes,2016-08-10,1.0,0.0,10.7,6,6
346,Research & Development,Research Scientist,Male,29,3,Travel_Rarely,6,1,2340,Yes,96.0,10,Completed,Yes,Yes,Yes,2020-07-20,0.0,0.0,,8,7
347,Research & Development,Research Scientist,Female,42,2,Travel_Rarely,3,2,6545,Yes,97.6,16,Completed,Yes,Yes,Yes,2023-07-31,0.0,0.0,,6,4
349,Sales,Sales Executive,Male,29,2,Travel_Rarely,3,2,6931,Yes,85.5,5,Completed,Yes,Yes,Yes,2023-06-11,0.0,0.0,,7,6
350,Research & Development,Manufacturing Director,Female,25,3,Travel_Rarely,4,2,4898,Yes,99.0,6,Completed,Yes,Yes,Yes,2022-07-05,0.0,0.0,,8,6
351,Research & Development,Laboratory Technician,Female,42,3,Travel_Rarely,9,1,2593,Yes,94.4,12,Completed,Yes,Yes,Yes,2017-07-30,0.0,0.0,,5,4
352,Research & Development,Research Director,Male,40,2,Travel_Rarely,21,5,19436,Yes,95.2,16,Completed,Yes,Yes,Yes,2016-08-18,0.0,0.0,,4,4
353,Research & Development,Research Scientist,Male,51,3,Travel_Rarely,1,1,2723,Yes,89.8,17,Completed,Yes,Yes,Yes,2025-10-20,0.0,0.0,,5,5
355,Research & Development,Laboratory Technician,Male,31,2,Travel_Frequently,5,1,3479,Yes,81.9,8,Completed,Yes,Yes,Yes,2021-08-08,0.0,0.0,,8,4
359,Research & Development,Laboratory Technician,Male,32,3,Travel_Frequently,5,1,2794,Yes,93.8,9,Completed,Yes,Yes,Yes,2021-07-16,0.0,0.0,,4,4
361,Sales,Sales Executive,Male,38,2,Non-Travel,8,2,5249,Yes,91.6,12,Completed,Yes,Yes,Yes,2018-07-03,0.0,0.0,,3,3
362,Research & Development,Laboratory Technician,Male,32,1,Travel_Rarely,6,2,2176,Yes,90.6,11,Completed,Yes,Yes,Yes,2020-07-08,0.0,0.0,,9,6
363,Sales,Manager,Female,46,3,Travel_Rarely,7,4,16872,Yes,91.0,10,Completed,Yes,Yes,Yes,2019-06-26,0.0,0.0,,6,5
364,Research & Development,Laboratory Technician,Male,28,4,Travel_Rarely,0,1,3485,Yes,85.0,6,Completed,Yes,Yes,Yes,2026-04-02,2.0,0.0,2.15,6,5
366,Sales,Sales Executive,Male,29,3,Travel_Rarely,0,2,6644,Yes,94.9,17,Completed,Yes,Yes,Yes,2026-06-19,1.0,0.0,3.5,5,4
367,Research & Development,Healthcare Representative,Male,31,3,Travel_Rarely,9,2,5582,Yes,83.7,8,Completed,Yes,Yes,Yes,2017-06-27,0.0,0.0,,6,5
369,Research & Development,Healthcare Representative,Male,25,2,Non-Travel,6,2,4000,Yes,89.7,16,Completed,Yes,Yes,Yes,2020-07-01,1.0,0.0,4.7,3,3
372,Research & Development,Healthcare Representative,Male,45,2,Travel_Rarely,20,4,13496,Yes,99.5,13,Completed,Yes,Yes,Yes,2016-08-15,1.0,0.0,3.2,9,7
373,Research & Development,Laboratory Technician,Male,36,3,Travel_Rarely,15,1,3210,Yes,85.7,6,Completed,Yes,Yes,Yes,2016-08-08,1.0,0.0,3.3,5,5
374,Research & Development,Manager,Male,55,3,Travel_Rarely,36,5,19045,Yes,83.9,8,Completed,Yes,Yes,Yes,2016-08-10,1.0,0.0,9.1,6,4
376,Research & Development,Manager,Male,47,4,Non-Travel,10,3,11849,Yes,83.6,5,Completed,Yes,Yes,Yes,2016-08-07,0.0,0.0,,5,5
377,Research & Development,Research Scientist,Male,28,3,Travel_Rarely,5,1,2070,Yes,90.7,9,Completed,Yes,Yes,Yes,2021-06-26,0.0,0.0,,6,6
378,Sales,Sales Executive,Male,37,4,Travel_Rarely,5,2,6502,Yes,99.5,13,Completed,Yes,Yes,Yes,2021-08-12,0.0,0.0,,5,5
379,Research & Development,Research Scientist,Male,21,2,Travel_Rarely,3,1,3230,Yes,93.9,7,Completed,Yes,Yes,Yes,2023-07-21,1.0,0.0,2.7,7,7
380,Research & Development,Research Director,Female,37,4,Non-Travel,5,3,13603,Yes,97.4,12,Completed,Yes,Yes,Yes,2021-07-04,1.0,1.0,35.3,4,4
381,Research & Development,Manager,Female,35,3,Travel_Rarely,7,3,11996,Yes,97.5,14,Completed,Yes,Yes,Yes,2019-08-10,0.0,0.0,,7,7
382,Sales,Sales Executive,Female,38,2,Travel_Rarely,8,2,5605,Yes,89.4,12,Completed,Yes,Yes,Yes,2018-07-27,1.0,0.0,1.4,4,3
384,Research & Development,Manufacturing Director,Female,26,3,Travel_Frequently,6,2,6397,Yes,83.7,5,Completed,Yes,Yes,Yes,2020-07-16,1.0,0.0,4.4,6,6
385,Research & Development,Research Director,Male,50,1,Travel_Rarely,10,5,19144,Yes,98.8,12,Completed,Yes,Yes,Yes,2016-08-14,0.0,0.0,,8,6
386,Research & Development,Research Director,Male,53,4,Travel_Rarely,5,4,17584,Yes,96.4,11,Completed,Yes,Yes,Yes,2021-08-05,0.0,0.0,,6,5
387,Sales,Sales Executive,Male,42,1,Travel_Rarely,20,2,4907,Yes,81.5,15,Completed,Yes,Yes,Yes,2016-08-17,1.0,0.0,2.8,4,4
388,Sales,Sales Executive,Male,29,2,Travel_Frequently,10,2,4554,Yes,81.1,7,Completed,Yes,Yes,Yes,2016-08-09,1.0,0.0,3.9,7,6
389,Research & Development,Laboratory Technician,Male,55,2,Travel_Rarely,10,2,5415,Yes,91.3,9,Completed,Yes,Yes,Yes,2016-08-11,1.0,0.0,3.2,4,3
390,Research & Development,Healthcare Representative,Male,26,2,Travel_Frequently,5,2,4741,Yes,99.9,6,Completed,Yes,Yes,Yes,2021-08-02,1.0,0.0,6.9,7,6
391,Research & Development,Research Scientist,Female,37,3,Travel_Rarely,17,1,2115,Yes,95.3,14,Completed,Yes,Yes,Yes,2016-08-16,1.0,0.0,1.7,6,6
392,Research & Development,Laboratory Technician,Male,44,3,Travel_Frequently,1,1,3161,Yes,84.5,13,Completed,Yes,Yes,Yes,2025-09-15,1.0,1.0,23.5,7,7
393,Research & Development,Healthcare Representative,Male,38,4,Travel_Rarely,2,2,5745,Yes,89.0,12,Completed,Yes,Yes,Yes,2024-07-19,0.0,0.0,,5,5
394,Research & Development,Laboratory Technician,Male,26,4,Travel_Rarely,3,1,2373,Yes,97.2,11,Completed,Yes,Yes,Yes,2023-07-24,0.0,0.0,,4,4
395,Research & Development,Research Scientist,Female,28,2,Travel_Rarely,5,1,3310,Yes,91.4,5,Completed,Yes,Yes,Yes,2021-07-18,0.0,0.0,,6,6
396,Research & Development,Research Director,Female,49,4,Travel_Frequently,3,5,18665,Yes,99.2,6,Completed,Yes,Yes,Yes,2023-06-29,0.0,0.0,,8,6
397,Research & Development,Research Scientist,Male,36,3,Travel_Rarely,8,2,4485,Yes,95.3,15,Completed,Yes,Yes,Yes,2018-06-18,0.0,0.0,,8,7
399,Sales,Sales Representative,Female,31,3,Travel_Frequently,2,1,2789,Yes,85.3,6,Completed,Yes,Yes,Yes,2024-07-24,0.0,0.0,,5,5
401,Sales,Sales Executive,Male,26,4,Travel_Rarely,8,2,5828,Yes,84.8,13,Completed,Yes,Yes,Yes,2018-08-05,0.0,0.0,,6,5
403,Research & Development,Research Scientist,Male,37,3,Travel_Frequently,4,1,2326,Yes,83.1,11,Completed,Yes,Yes,Yes,2022-08-08,0.0,0.0,,7,7
404,Sales,Sales Executive,Female,42,3,Travel_Frequently,20,4,13525,Yes,93.8,12,Completed,Yes,Yes,Yes,2016-08-14,0.0,0.0,,6,6
405,Research & Development,Laboratory Technician,Male,18,3,Travel_Rarely,0,1,1420,Yes,85.8,9,Completed,Yes,Yes,Yes,2026-05-17,3.0,0.0,2.6,3,3
406,Sales,Sales Executive,Male,35,3,Travel_Rarely,11,3,8020,Yes,97.2,6,Completed,Yes,Yes,Yes,2016-08-08,0.0,0.0,,3,3
407,Research & Development,Laboratory Technician,Male,36,4,Travel_Frequently,1,1,3688,Yes,85.3,17,Completed,Yes,Yes,Yes,2025-08-27,2.0,0.0,1.6500000000000001,3,2
408,Research & Development,Manufacturing Director,Male,51,3,Travel_Rarely,4,2,5482,Yes,91.8,17,Completed,Yes,Yes,Yes,2022-07-09,0.0,0.0,,5,3
410,Sales,Manager,Male,41,4,Travel_Rarely,22,4,16015,Yes,84.0,6,Completed,Yes,Yes,Yes,2016-08-08,1.0,0.0,1.3,4,4
411,Sales,Sales Representative,Female,18,3,Travel_Rarely,0,1,1200,Yes,83.0,9,Completed,Yes,Yes,Yes,2026-03-13,0.0,0.0,,3,3
412,Research & Development,Healthcare Representative,Male,28,2,Travel_Rarely,8,2,5661,Yes,82.8,5,Completed,Yes,Yes,Yes,2018-06-16,2.0,1.0,17.2,5,4
416,Sales,Sales Executive,Male,31,3,Travel_Rarely,8,2,6929,Yes,95.9,14,Completed,Yes,Yes,Yes,2018-08-06,1.0,1.0,15.4,9,7
417,Research & Development,Healthcare Representative,Male,39,3,Travel_Rarely,18,3,9613,Yes,96.5,9,Completed,Yes,Yes,Yes,2016-08-11,0.0,0.0,,4,4
419,Research & Development,Laboratory Technician,Female,36,4,Non-Travel,9,2,5674,Yes,82.5,16,Completed,Yes,Yes,Yes,2017-07-21,0.0,0.0,,6,5
420,Sales,Sales Executive,Male,32,3,Travel_Rarely,13,2,5484,Yes,94.0,9,Completed,Yes,Yes,Yes,2016-08-11,1.0,0.0,1.3,6,4
421,Research & Development,Research Director,Female,38,2,Travel_Rarely,10,3,12061,Yes,90.8,12,Completed,Yes,Yes,Yes,2016-08-14,0.0,0.0,,6,5
422,Research & Development,Healthcare Representative,Male,58,4,Non-Travel,5,2,5660,Yes,92.0,11,Completed,Yes,Yes,Yes,2021-08-07,1.0,0.0,8.0,7,6
423,Research & Development,Research Scientist,Male,31,4,Travel_Rarely,5,1,4821,Yes,86.4,9,Completed,Yes,Yes,Yes,2021-06-24,1.0,0.0,9.3,6,6
424,Human Resources,Human Resources,Male,31,3,Travel_Rarely,2,2,6410,Yes,81.8,15,Completed,Yes,Yes,Yes,2024-08-14,0.0,0.0,,3,3
425,Research & Development,Laboratory Technician,Male,45,3,Travel_Frequently,24,3,5210,Yes,97.2,14,Completed,Yes,Yes,Yes,2016-08-16,1.0,0.0,8.9,6,6
426,Research & Development,Research Scientist,Male,31,4,Travel_Rarely,2,1,2695,Yes,80.4,17,Completed,Yes,Yes,Yes,2024-06-18,1.0,1.0,23.4,4,4
428,Research & Development,Manager,Female,33,4,Travel_Frequently,10,3,11878,Yes,96.4,14,Completed,Yes,Yes,Yes,2016-08-16,1.0,1.0,17.1,5,4
429,Research & Development,Manager,Male,39,1,Travel_Rarely,21,4,17068,Yes,95.3,7,Completed,Yes,Yes,Yes,2016-08-09,0.0,0.0,,5,4
430,Research & Development,Laboratory Technician,Female,43,4,Travel_Frequently,8,1,2455,Yes,90.4,12,Completed,Yes,Yes,Yes,2018-07-15,0.0,0.0,,5,5
431,Research & Development,Healthcare Representative,Female,49,2,Travel_Rarely,7,4,13964,Yes,85.6,14,Completed,Yes,Yes,Yes,2019-06-19,0.0,0.0,,7,6
433,Research & Development,Research Scientist,Male,52,4,Travel_Rarely,8,2,4941,Yes,92.7,12,Completed,Yes,Yes,Yes,2018-07-18,1.0,0.0,6.6,5,5
434,Research & Development,Research Scientist,Female,27,3,Travel_Rarely,4,1,2478,Yes,89.4,11,Completed,Yes,Yes,Yes,2022-08-07,2.0,0.0,6.75,5,5
436,Sales,Sales Executive,Female,32,2,Travel_Rarely,13,2,5228,Yes,86.4,6,Completed,Yes,Yes,Yes,2016-08-08,1.0,1.0,22.3,7,6
437,Sales,Sales Executive,Male,27,3,Travel_Rarely,5,2,4478,Yes,83.2,11,Completed,Yes,Yes,Yes,2021-06-19,1.0,0.0,4.4,6,4
438,Sales,Sales Executive,Male,31,3,Travel_Rarely,7,2,7547,Yes,89.9,15,Completed,Yes,Yes,Yes,2019-07-04,1.0,0.0,1.6,4,4
439,Research & Development,Research Scientist,Female,32,4,Travel_Rarely,7,2,5055,Yes,88.0,17,Completed,Yes,Yes,Yes,2019-06-20,0.0,0.0,,7,7
440,Research & Development,Research Scientist,Male,28,4,Travel_Rarely,3,1,3464,Yes,80.7,6,Completed,Yes,Yes,Yes,2023-07-03,0.0,0.0,,4,4
441,Research & Development,Research Scientist,Female,30,2,Travel_Rarely,10,2,5775,Yes,85.0,6,Completed,Yes,Yes,Yes,2016-08-08,0.0,0.0,,5,5
442,Research & Development,Manufacturing Director,Female,31,2,Travel_Frequently,10,3,8943,Yes,88.1,13,Completed,Yes,Yes,Yes,2016-08-15,0.0,0.0,,7,4
444,Research & Development,Manager,Male,39,2,Travel_Frequently,21,5,19272,Yes,99.8,15,Completed,Yes,Yes,Yes,2016-08-17,0.0,0.0,,4,4
445,Sales,Sales Executive,Female,39,2,Travel_Rarely,1,2,5238,Yes,81.1,13,Completed,Yes,Yes,Yes,2025-09-29,1.0,0.0,10.4,4,3
446,Sales,Sales Executive,Male,33,3,Travel_Frequently,7,2,4682,Yes,92.5,12,Completed,Yes,Yes,Yes,2019-07-22,0.0,0.0,,4,4
447,Research & Development,Research Director,Male,47,5,Travel_Rarely,3,5,18300,Yes,88.8,5,Completed,Yes,Yes,Yes,2023-06-27,0.0,0.0,,3,3
448,Research & Development,Laboratory Technician,Female,43,4,Travel_Frequently,9,2,5257,Yes,85.3,7,Completed,Yes,Yes,Yes,2017-07-27,1.0,1.0,33.8,5,5
449,Sales,Sales Executive,Male,27,1,Non-Travel,5,2,6349,Yes,85.8,16,Completed,Yes,Yes,Yes,2021-06-19,1.0,1.0,29.8,2,2
450,Research & Development,Research Scientist,Female,54,4,Travel_Frequently,4,2,4869,Yes,82.4,15,Completed,Yes,Yes,Yes,2022-07-16,1.0,1.0,25.7,2,2
451,Research & Development,Healthcare Representative,Female,43,3,Travel_Rarely,1,3,9985,Yes,94.2,9,Completed,Yes,Yes,Yes,2025-09-08,0.0,0.0,,6,5
452,Research & Development,Research Scientist,Male,45,4,Travel_Rarely,10,2,3697,Yes,80.3,11,Completed,Yes,Yes,Yes,2016-08-13,1.0,0.0,5.9,5,4
453,Sales,Sales Executive,Male,40,2,Travel_Rarely,4,2,7457,Yes,84.5,18,Completed,Yes,Yes,Yes,2022-08-14,0.0,0.0,,4,4
454,Research & Development,Laboratory Technician,Male,29,4,Travel_Rarely,7,1,2119,Yes,82.3,6,Completed,Yes,Yes,Yes,2019-06-11,1.0,1.0,24.1,4,2
455,Research & Development,Laboratory Technician,Male,29,5,Travel_Rarely,3,1,3983,Yes,96.6,12,Completed,Yes,Yes,Yes,2023-07-03,0.0,0.0,,7,5
456,Sales,Sales Executive,Female,30,3,Travel_Rarely,10,2,6118,Yes,94.3,13,Completed,Yes,Yes,Yes,2016-08-15,1.0,0.0,2.2,9,7
458,Sales,Sales Executive,Female,27,4,Travel_Rarely,8,2,6214,Yes,85.5,18,Completed,Yes,Yes,Yes,2018-07-06,0.0,0.0,,4,4
460,Research & Development,Manufacturing Director,Male,37,2,Travel_Rarely,6,2,6347,Yes,99.6,8,Completed,Yes,Yes,Yes,2020-07-10,0.0,0.0,,8,6
461,Research & Development,Research Director,Male,38,2,Travel_Rarely,11,3,11510,Yes,91.0,11,Completed,Yes,Yes,Yes,2016-08-13,0.0,0.0,,4,4
462,Research & Development,Manufacturing Director,Female,31,4,Travel_Rarely,11,3,7143,Yes,98.4,13,Completed,Yes,Yes,Yes,2016-08-15,0.0,0.0,,6,4
463,Sales,Sales Executive,Female,29,1,Travel_Rarely,7,2,8268,Yes,97.6,18,Completed,Yes,Yes,Yes,2019-07-04,1.0,0.0,4.8,7,6
464,Research & Development,Manufacturing Director,Male,35,4,Travel_Rarely,16,3,8095,Yes,85.5,17,Completed,Yes,Yes,Yes,2016-08-19,0.0,0.0,,5,4
465,Research & Development,Research Scientist,Male,23,1,Travel_Rarely,4,1,2904,Yes,88.3,17,Completed,Yes,Yes,Yes,2022-06-25,0.0,0.0,,5,3
466,Research & Development,Manufacturing Director,Male,41,3,Travel_Rarely,5,2,6032,Yes,85.3,5,Completed,Yes,Yes,Yes,2021-07-05,2.0,0.0,2.15,5,5
467,Sales,Sales Representative,Male,47,1,Travel_Frequently,0,2,2976,No,57.8,30,In Progress,Yes,No,Yes,,1.0,0.0,3.2,4,4
468,Research & Development,Research Director,Female,42,5,Travel_Rarely,1,4,15992,Yes,95.3,11,Completed,Yes,Yes,Yes,2025-11-16,4.0,0.0,4.875,3,3
469,Sales,Sales Executive,Male,29,3,Non-Travel,4,2,4649,Yes,98.7,18,Completed,Yes,Yes,Yes,2022-07-21,0.0,0.0,,2,2
470,Human Resources,Human Resources,Male,42,1,Travel_Rarely,3,1,2696,Yes,99.6,8,Completed,Yes,Yes,Yes,2023-07-28,0.0,0.0,,6,5
471,Research & Development,Laboratory Technician,Female,32,3,Travel_Rarely,8,1,2370,Yes,87.7,18,Completed,Yes,Yes,Yes,2018-07-15,0.0,0.0,,6,4
473,Sales,Manager,Female,48,1,Travel_Rarely,0,3,12504,Yes,94.9,16,Completed,Yes,Yes,Yes,2026-04-23,1.0,0.0,5.3,4,4
474,Research & Development,Research Scientist,Male,37,3,Travel_Rarely,7,2,5974,Yes,96.2,11,Completed,Yes,Yes,Yes,2019-06-16,1.0,0.0,3.7,5,3
475,Sales,Sales Executive,Female,30,2,Non-Travel,2,2,4736,Yes,95.8,15,Completed,Yes,Yes,Yes,2024-07-04,0.0,0.0,,4,4
476,Sales,Sales Executive,Male,26,3,Travel_Rarely,8,2,5296,Yes,89.9,5,Completed,Yes,Yes,Yes,2018-07-29,0.0,0.0,,5,2
477,Research & Development,Healthcare Representative,Male,42,4,Travel_Rarely,1,2,6781,Yes,91.8,18,Completed,Yes,Yes,Yes,2026-01-18,1.0,0.0,2.1,2,2
478,Sales,Sales Representative,Female,21,1,Travel_Frequently,3,1,2174,Yes,97.5,12,Completed,Yes,Yes,Yes,2023-08-07,0.0,0.0,,4,2
479,Sales,Sales Executive,Female,36,5,Non-Travel,1,2,6653,Yes,89.1,16,Completed,Yes,Yes,Yes,2026-01-23,2.0,0.0,2.4,4,4
481,Sales,Sales Executive,Male,36,4,Travel_Frequently,13,3,9699,Yes,88.2,15,Completed,Yes,Yes,Yes,2016-08-17,1.0,0.0,8.4,6,5
482,Research & Development,Healthcare Representative,Male,57,4,Travel_Rarely,3,2,6755,Yes,81.5,17,Completed,Yes,Yes,Yes,2023-08-09,0.0,0.0,,4,4
483,Research & Development,Laboratory Technician,Female,40,4,Travel_Rarely,7,1,2213,Yes,86.8,16,Completed,Yes,Yes,Yes,2019-08-02,2.0,0.0,3.45,3,3
484,Sales,Sales Representative,Male,21,2,Non-Travel,3,1,2610,Yes,93.0,18,Completed,Yes,Yes,Yes,2023-07-25,0.0,0.0,,4,4
485,Sales,Sales Representative,Female,33,3,Travel_Rarely,1,1,2851,No,65.0,30,In Progress,Yes,No,No,,1.0,1.0,25.5,5,4
486,Research & Development,Laboratory Technician,Female,37,3,Travel_Rarely,5,1,3452,Yes,90.8,14,Completed,Yes,Yes,Yes,2021-06-21,1.0,1.0,69.6,8,7
487,Research & Development,Manufacturing Director,Female,46,4,Non-Travel,1,2,5258,Yes,93.7,9,Completed,Yes,Yes,Yes,2026-01-24,1.0,0.0,3.1,9,7
488,Sales,Sales Executive,Male,41,3,Travel_Frequently,8,2,9355,Yes,94.9,11,Completed,Yes,Yes,Yes,2018-07-30,1.0,0.0,8.2,4,4
491,Research & Development,Healthcare Representative,Male,50,3,Travel_Rarely,4,3,10496,Yes,95.2,16,Completed,Yes,Yes,Yes,2022-08-11,0.0,0.0,,6,5
492,Sales,Sales Executive,Male,40,2,Travel_Rarely,6,2,6380,Yes,82.0,7,Completed,Yes,Yes,Yes,2020-06-14,1.0,0.0,2.8,6,6
493,Research & Development,Research Scientist,Male,31,4,Travel_Rarely,2,1,2657,Yes,86.0,5,Completed,Yes,Yes,Yes,2024-06-22,1.0,0.0,3.0,8,8
494,Sales,Sales Representative,Female,21,3,Travel_Rarely,1,1,2716,Yes,81.1,10,Completed,Yes,Yes,Yes,2026-01-31,0.0,0.0,,4,2
495,Research & Development,Research Scientist,Male,29,3,Travel_Rarely,3,1,2201,Yes,88.6,8,Completed,Yes,Yes,Yes,2023-07-17,2.0,0.0,8.8,5,4
496,Research & Development,Healthcare Representative,Male,35,4,Travel_Rarely,1,2,6540,Yes,93.6,7,Completed,Yes,Yes,Yes,2025-09-26,3.0,0.0,5.3999999999999995,1,1
497,Research & Development,Laboratory Technician,Male,27,2,Travel_Rarely,5,1,3816,Yes,83.5,14,Completed,Yes,Yes,Yes,2021-08-05,0.0,0.0,,10,6
498,Sales,Sales Executive,Male,28,4,Travel_Rarely,7,2,5253,Yes,87.7,15,Completed,Yes,Yes,Yes,2019-06-23,1.0,0.0,2.5,4,2
499,Research & Development,Healthcare Representative,Male,49,3,Travel_Rarely,5,3,10965,Yes,90.0,14,Completed,Yes,Yes,Yes,2021-07-31,0.0,0.0,,5,5
500,Sales,Sales Executive,Female,51,2,Travel_Rarely,7,2,4936,Yes,84.6,15,Completed,Yes,Yes,Yes,2019-08-08,1.0,0.0,7.3,4,4
501,Research & Development,Research Scientist,Female,36,3,Travel_Rarely,2,1,2543,Yes,89.2,15,Completed,Yes,Yes,Yes,2024-07-30,0.0,0.0,,5,4
502,Sales,Sales Executive,Male,34,3,Non-Travel,5,2,5304,Yes,98.0,12,Completed,Yes,Yes,Yes,2021-08-13,1.0,1.0,21.8,5,5
505,Research & Development,Manager,Female,55,3,Travel_Rarely,5,4,16659,Yes,85.8,13,Completed,Yes,Yes,Yes,2021-06-18,0.0,0.0,,7,7
507,Sales,Sales Executive,Female,24,4,Travel_Rarely,5,2,4260,Yes,81.5,10,Completed,Yes,Yes,Yes,2021-08-01,0.0,0.0,,4,2
508,Sales,Sales Representative,Male,30,1,Travel_Rarely,1,1,2476,Yes,99.2,16,Completed,Yes,Yes,Yes,2025-09-20,2.0,1.0,19.200000000000003,3,3
510,Research & Development,Research Scientist,Male,26,1,Travel_Frequently,6,1,3102,Yes,89.1,9,Completed,Yes,Yes,Yes,2020-07-25,1.0,1.0,32.9,6,5
511,Research & Development,Research Scientist,Female,22,3,Travel_Rarely,2,1,2244,Yes,100.0,18,Completed,Yes,Yes,Yes,2024-08-06,1.0,0.0,6.5,3,3
513,Sales,Sales Executive,Male,36,2,Travel_Rarely,10,3,7596,Yes,82.1,11,Completed,Yes,Yes,Yes,2016-08-13,1.0,0.0,9.3,7,6
514,Research & Development,Research Scientist,Male,30,3,Travel_Frequently,1,1,2285,Yes,85.9,16,Completed,Yes,Yes,Yes,2025-09-24,0.0,0.0,,3,3
515,Research & Development,Laboratory Technician,Female,37,3,Travel_Rarely,18,1,3034,Yes,80.4,18,Completed,Yes,Yes,Yes,2016-08-20,1.0,1.0,14.9,5,4
516,Sales,Sales Executive,Female,40,2,Travel_Rarely,5,2,5715,Yes,87.9,5,Completed,Yes,Yes,Yes,2021-06-25,2.0,0.0,7.1,5,5
517,Research & Development,Laboratory Technician,Female,42,4,Travel_Rarely,5,1,2576,Yes,97.3,17,Completed,Yes,Yes,Yes,2021-07-13,0.0,0.0,,6,5
518,Research & Development,Manufacturing Director,Male,37,4,Travel_Rarely,1,2,4197,No,71.0,22,In Progress,Yes,No,No,,0.0,0.0,,8,7
520,Research & Development,Research Director,Male,43,3,Travel_Rarely,25,4,14336,Yes,96.0,8,Completed,Yes,Yes,Yes,2016-08-10,0.0,0.0,,6,5
521,Research & Development,Laboratory Technician,Female,40,3,Travel_Rarely,1,2,3448,Yes,85.0,17,Completed,Yes,Yes,Yes,2025-09-09,3.0,1.0,10.700000000000001,4,4
522,Research & Development,Research Director,Male,54,2,Travel_Rarely,4,5,19406,Yes,95.3,15,Completed,Yes,Yes,Yes,2022-07-01,0.0,0.0,,7,6
523,Sales,Sales Executive,Female,34,4,Non-Travel,3,2,6538,Yes,82.7,6,Completed,Yes,Yes,Yes,2023-06-15,1.0,1.0,10.5,6,6
524,Research & Development,Manufacturing Director,Female,31,2,Travel_Rarely,13,2,4306,Yes,92.5,5,Completed,Yes,Yes,Yes,2016-08-07,0.0,0.0,,7,5
525,Research & Development,Laboratory Technician,Male,43,3,Travel_Frequently,3,1,2258,Yes,95.8,5,Completed,Yes,Yes,Yes,2023-07-18,1.0,0.0,3.0,7,5
526,Research & Development,Healthcare Representative,Female,43,4,Travel_Rarely,5,2,4522,Yes,87.3,7,Completed,Yes,Yes,Yes,2021-07-02,0.0,0.0,,8,7
527,Sales,Sales Executive,Female,25,2,Travel_Rarely,5,2,4487,Yes,98.2,10,Completed,Yes,Yes,Yes,2021-08-06,1.0,0.0,4.4,7,7
529,Research & Development,Research Scientist,Female,37,5,Non-Travel,13,2,4449,Yes,88.3,8,Completed,Yes,Yes,Yes,2016-08-10,0.0,0.0,,3,3
530,Research & Development,Laboratory Technician,Male,31,2,Travel_Rarely,4,1,2218,Yes,95.7,10,Completed,Yes,Yes,Yes,2022-08-03,0.0,0.0,,4,4
531,Research & Development,Manager,Male,39,1,Travel_Frequently,21,5,19197,Yes,90.0,9,Completed,Yes,Yes,Yes,2016-08-11,0.0,0.0,,4,4
532,Sales,Sales Executive,Female,56,3,Travel_Frequently,7,4,13212,Yes,83.3,18,Completed,Yes,Yes,Yes,2019-06-28,2.0,0.0,2.05,3,3
533,Sales,Sales Executive,Female,30,3,Travel_Rarely,5,2,6577,Yes,89.6,17,Completed,Yes,Yes,Yes,2021-06-19,0.0,0.0,,5,5
534,Sales,Sales Executive,Male,41,3,Travel_Rarely,10,3,8392,Yes,94.9,10,Completed,Yes,Yes,Yes,2016-08-12,0.0,0.0,,5,3
536,Research & Development,Laboratory Technician,Male,28,2,Travel_Rarely,10,2,4558,Yes,82.3,6,Completed,Yes,Yes,Yes,2016-08-08,2.0,0.0,4.2,2,1
538,Research & Development,Laboratory Technician,Male,25,3,Travel_Rarely,2,1,4031,Yes,95.1,8,Completed,Yes,Yes,Yes,2024-07-30,0.0,0.0,,5,4
543,Research & Development,Manufacturing Director,Male,52,3,Travel_Rarely,5,3,7969,Yes,93.5,15,Completed,Yes,Yes,Yes,2021-06-22,0.0,0.0,,5,4
544,Research & Development,Research Scientist,Male,45,2,Travel_Rarely,2,1,2654,Yes,99.3,17,Completed,Yes,Yes,Yes,2024-07-23,0.0,0.0,,5,5
546,Research & Development,Manager,Female,52,2,Travel_Rarely,5,4,16555,Yes,87.3,17,Completed,Yes,Yes,Yes,2021-07-14,0.0,0.0,,2,2
547,Research & Development,Research Scientist,Female,42,2,Travel_Frequently,5,2,4556,Yes,80.3,13,Completed,Yes,Yes,Yes,2021-07-20,0.0,0.0,,7,6
548,Research & Development,Manufacturing Director,Female,30,3,Travel_Rarely,5,2,6091,Yes,89.1,15,Completed,Yes,Yes,Yes,2021-08-09,0.0,0.0,,4,3
549,Research & Development,Manager,Female,60,3,Travel_Rarely,29,5,19566,Yes,93.4,14,Completed,Yes,Yes,Yes,2016-08-16,0.0,0.0,,4,4
550,Research & Development,Manufacturing Director,Female,46,3,Travel_Rarely,10,2,4810,Yes,96.4,10,Completed,Yes,Yes,Yes,2016-08-12,0.0,0.0,,9,6
551,Research & Development,Healthcare Representative,Female,42,4,Travel_Frequently,6,2,4523,Yes,93.5,12,Completed,Yes,Yes,Yes,2020-08-07,0.0,0.0,,4,3
554,Sales,Sales Representative,Female,24,1,Travel_Rarely,5,1,3202,Yes,92.4,13,Completed,Yes,Yes,Yes,2021-08-13,0.0,0.0,,8,6
555,Sales,Sales Representative,Female,34,2,Travel_Frequently,2,1,2351,Yes,98.3,8,Completed,Yes,Yes,Yes,2024-07-19,1.0,0.0,2.8,5,5
556,Research & Development,Laboratory Technician,Male,38,2,Travel_Frequently,1,1,1702,Yes,96.5,16,Completed,Yes,Yes,Yes,2025-09-05,3.0,1.0,9.799999999999999,1,1
558,Sales,Manager,Female,40,4,Travel_Rarely,20,5,18041,Yes,93.0,6,Completed,Yes,Yes,Yes,2016-08-08,0.0,0.0,,6,5
560,Research & Development,Research Scientist,Female,26,3,Travel_Rarely,3,1,2886,Yes,80.9,5,Completed,Yes,Yes,Yes,2023-07-29,1.0,1.0,28.5,5,4
562,Research & Development,Laboratory Technician,Male,30,3,Non-Travel,5,1,2097,Yes,99.9,6,Completed,Yes,Yes,Yes,2021-07-19,0.0,0.0,,5,5
564,Research & Development,Research Director,Male,29,4,Travel_Rarely,10,3,11935,Yes,84.7,13,Completed,Yes,Yes,Yes,2016-08-15,0.0,0.0,,7,6
565,Research & Development,Research Scientist,Female,29,5,Travel_Rarely,2,1,2546,Yes,87.8,10,Completed,Yes,Yes,Yes,2024-08-02,0.0,0.0,,4,4
566,Human Resources,Human Resources,Male,19,2,Travel_Rarely,1,1,2564,No,75.3,18,In Progress,Yes,No,Yes,,1.0,0.0,1.0,3,2
567,Sales,Sales Executive,Female,30,4,Non-Travel,9,3,8412,Yes,89.8,11,Completed,Yes,Yes,Yes,2017-06-21,0.0,0.0,,5,5
568,Sales,Manager,Male,57,3,Travel_Rarely,1,4,14118,Yes,87.4,12,Completed,Yes,Yes,Yes,2025-12-04,1.0,0.0,8.5,4,3
569,Research & Development,Manager,Male,50,4,Travel_Rarely,27,4,17046,Yes,99.0,18,Completed,Yes,Yes,Yes,2016-08-20,1.0,1.0,47.2,5,5
571,Research & Development,Laboratory Technician,Female,30,3,Non-Travel,11,1,2564,Yes,82.0,15,Completed,Yes,Yes,Yes,2016-08-17,2.0,0.0,5.8,6,5
573,Sales,Sales Executive,Female,60,3,Travel_Frequently,18,3,10266,Yes,90.9,15,Completed,Yes,Yes,Yes,2016-08-17,0.0,0.0,,4,4
574,Research & Development,Manufacturing Director,Female,47,2,Travel_Rarely,5,2,5070,Yes,81.2,9,Completed,Yes,Yes,Yes,2021-07-19,1.0,1.0,14.5,4,3
575,Research & Development,Research Director,Male,46,3,Travel_Rarely,3,4,17861,Yes,99.4,18,Completed,Yes,Yes,Yes,2023-08-07,0.0,0.0,,4,4
577,Research & Development,Laboratory Technician,Male,35,3,Travel_Rarely,5,1,4230,Yes,89.1,15,Completed,Yes,Yes,Yes,2021-06-25,0.0,0.0,,6,4
578,Research & Development,Laboratory Technician,Female,54,4,Travel_Rarely,1,2,3780,Yes,91.9,5,Completed,Yes,Yes,Yes,2025-12-14,1.0,0.0,4.9,5,4
579,Research & Development,Research Scientist,Male,34,4,Travel_Rarely,7,1,2768,Yes,95.7,8,Completed,Yes,Yes,Yes,2019-08-07,0.0,0.0,,5,5
580,Sales,Sales Executive,Female,46,3,Travel_Rarely,3,3,9071,Yes,95.7,8,Completed,Yes,Yes,Yes,2023-08-01,0.0,0.0,,7,7
581,Research & Development,Manufacturing Director,Male,31,1,Travel_Rarely,13,3,10648,Yes,96.6,13,Completed,Yes,Yes,Yes,2016-08-15,0.0,0.0,,6,6
582,Research & Development,Manager,Male,33,1,Travel_Rarely,7,3,13610,Yes,91.7,18,Completed,Yes,Yes,Yes,2019-08-07,1.0,0.0,9.2,4,3
584,Research & Development,Laboratory Technician,Male,33,1,Travel_Rarely,4,1,3408,Yes,84.7,17,Completed,Yes,Yes,Yes,2022-06-24,0.0,0.0,,6,6
585,Sales,Sales Representative,Male,30,1,Travel_Rarely,3,1,2983,Yes,95.8,14,Completed,Yes,Yes,Yes,2023-08-06,0.0,0.0,,9,6
586,Research & Development,Healthcare Representative,Male,35,3,Travel_Rarely,8,3,7632,Yes,85.5,7,Completed,Yes,Yes,Yes,2018-08-09,0.0,0.0,,6,5
587,Research & Development,Healthcare Representative,Male,31,3,Travel_Frequently,1,3,9824,Yes,96.0,6,Completed,Yes,Yes,Yes,2026-01-05,2.0,0.0,2.65,2,2
590,Human Resources,Human Resources,Female,34,3,Travel_Frequently,3,3,9950,Yes,97.3,7,Completed,Yes,Yes,Yes,2023-06-27,0.0,0.0,,5,5
591,Research & Development,Laboratory Technician,Male,42,2,Travel_Frequently,2,1,2093,Yes,87.2,17,Completed,Yes,Yes,Yes,2024-08-17,0.0,0.0,,3,3
592,Sales,Sales Executive,Male,36,4,Non-Travel,10,3,9980,Yes,91.8,5,Completed,Yes,Yes,Yes,2016-08-07,0.0,0.0,,6,5
593,Research & Development,Laboratory Technician,Male,22,1,Travel_Frequently,2,1,3894,Yes,85.3,7,Completed,Yes,Yes,Yes,2024-07-27,0.0,0.0,,8,8
595,Sales,Sales Executive,Female,48,5,Travel_Rarely,9,2,4051,Yes,88.4,6,Completed,Yes,Yes,Yes,2017-06-22,0.0,0.0,,5,4
597,Sales,Manager,Female,55,5,Travel_Rarely,10,4,16835,Yes,81.3,12,Completed,Yes,Yes,Yes,2016-08-14,1.0,1.0,20.9,6,4
599,Sales,Sales Executive,Male,41,2,Non-Travel,14,2,6230,Yes,87.2,14,Completed,Yes,Yes,Yes,2016-08-16,1.0,0.0,3.0,7,7
600,Sales,Sales Executive,Male,35,3,Travel_Rarely,11,2,4717,Yes,89.0,8,Completed,Yes,Yes,Yes,2016-08-10,0.0,0.0,,3,3
601,Research & Development,Manufacturing Director,Female,40,3,Travel_Rarely,20,4,13237,Yes,92.3,16,Completed,Yes,Yes,Yes,2016-08-18,0.0,0.0,,5,5
602,Research & Development,Laboratory Technician,Female,39,1,Travel_Frequently,8,1,3755,Yes,98.2,15,Completed,Yes,Yes,Yes,2018-06-28,1.0,0.0,1.0,4,4
604,Sales,Sales Executive,Male,31,1,Travel_Rarely,6,2,6582,Yes,86.0,15,Completed,Yes,Yes,Yes,2020-07-14,0.0,0.0,,2,2
605,Research & Development,Manufacturing Director,Male,42,3,Travel_Rarely,10,3,7406,Yes,81.2,12,Completed,Yes,Yes,Yes,2016-08-14,0.0,0.0,,4,3
606,Sales,Sales Executive,Male,45,3,Travel_Rarely,8,2,4805,Yes,88.0,15,Completed,Yes,Yes,Yes,2018-06-24,0.0,0.0,,5,4
608,Human Resources,Human Resources,Female,26,4,Travel_Frequently,7,1,2741,Yes,89.8,12,Completed,Yes,Yes,Yes,2019-08-08,0.0,0.0,,10,8
611,Research & Development,Manufacturing Director,Male,29,3,Travel_Rarely,3,2,4262,Yes,98.0,10,Completed,Yes,Yes,Yes,2023-08-07,0.0,0.0,,5,5
612,Research & Development,Research Director,Female,33,5,Travel_Rarely,6,4,16184,Yes,83.0,7,Completed,Yes,Yes,Yes,2020-07-01,0.0,0.0,,4,4
613,Sales,Manager,Male,31,3,Travel_Rarely,5,3,11557,Yes,92.5,14,Completed,Yes,Yes,Yes,2021-07-29,0.0,0.0,,8,7
614,Sales,Sales Representative,Male,18,3,Travel_Frequently,0,1,1878,Yes,58.1,28,In Progress,Yes,No,Yes,,2.0,2.0,23.15,6,6
615,Sales,Sales Executive,Male,40,3,Non-Travel,1,3,10932,Yes,82.3,15,Completed,Yes,Yes,Yes,2026-01-22,1.0,0.0,1.8,3,3
616,Research & Development,Healthcare Representative,Female,41,4,Non-Travel,8,2,6811,Yes,97.6,13,Completed,Yes,Yes,Yes,2018-07-05,0.0,0.0,,7,7
618,Sales,Sales Executive,Male,26,2,Travel_Rarely,0,2,4306,Yes,97.8,11,Completed,Yes,Yes,Yes,2026-06-07,0.0,0.0,,8,6
620,Sales,Sales Executive,Female,35,3,Travel_Rarely,5,2,4859,Yes,96.5,11,Completed,Yes,Yes,Yes,2021-07-22,0.0,0.0,,5,5
621,Sales,Sales Executive,Male,34,4,Travel_Rarely,10,2,5337,Yes,94.6,10,Completed,Yes,Yes,Yes,2016-08-12,1.0,0.0,1.7,9,7
622,Research & Development,Laboratory Technician,Male,26,3,Travel_Rarely,1,1,2340,Yes,85.1,7,Completed,Yes,Yes,Yes,2025-10-22,3.0,2.0,16.2,2,2
623,Research & Development,Manufacturing Director,Female,37,3,Travel_Rarely,6,3,7491,Yes,98.5,6,Completed,Yes,Yes,Yes,2020-06-25,0.0,0.0,,7,6
624,Research & Development,Healthcare Representative,Female,46,1,Travel_Frequently,2,3,10527,Yes,96.6,6,Completed,Yes,Yes,Yes,2024-08-01,1.0,0.0,3.6,5,5
625,Sales,Manager,Female,41,5,Travel_Rarely,18,4,16595,Yes,81.9,16,Completed,Yes,Yes,Yes,2016-08-18,1.0,0.0,3.2,7,6
626,Sales,Sales Executive,Male,37,4,Non-Travel,9,3,8834,Yes,96.2,13,Completed,Yes,Yes,Yes,2017-07-23,0.0,0.0,,6,6
630,Research & Development,Research Scientist,Male,52,2,Travel_Rarely,10,2,5577,Yes,91.7,13,Completed,Yes,Yes,Yes,2016-08-15,0.0,0.0,,4,3
631,Sales,Sales Executive,Male,32,4,Non-Travel,4,2,4707,Yes,86.6,6,Completed,Yes,Yes,Yes,2022-07-03,0.0,0.0,,7,6
632,Sales,Sales Representative,Male,24,3,Travel_Frequently,2,1,2400,Yes,87.1,15,Completed,Yes,Yes,Yes,2024-07-20,0.0,0.0,,3,3
634,Research & Development,Healthcare Representative,Female,38,3,Travel_Rarely,1,2,9824,No,64.0,26,In Progress,Yes,Yes,No,,2.0,0.0,3.0,5,5
635,Research & Development,Manufacturing Director,Female,37,4,Travel_Rarely,6,2,6447,Yes,91.6,8,Completed,Yes,Yes,Yes,2020-08-03,0.0,0.0,,6,5
638,Research & Development,Research Director,Male,49,4,Travel_Rarely,31,5,19502,Yes,93.1,8,Completed,Yes,Yes,Yes,2016-08-10,0.0,0.0,,6,4
639,Research & Development,Research Scientist,Male,24,3,Travel_Rarely,6,1,2725,Yes,82.2,18,Completed,Yes,Yes,Yes,2020-06-26,1.0,0.0,0.7,5,5
641,Sales,Sales Executive,Male,26,2,Travel_Rarely,5,2,6272,Yes,87.4,17,Completed,Yes,Yes,Yes,2021-07-14,0.0,0.0,,4,4
643,Research & Development,Laboratory Technician,Male,24,2,Travel_Rarely,1,1,2127,Yes,96.1,18,Completed,Yes,Yes,Yes,2025-12-10,1.0,0.0,9.1,4,4
644,Human Resources,Manager,Male,50,3,Travel_Frequently,32,5,18200,Yes,99.5,18,Completed,Yes,Yes,Yes,2016-08-20,0.0,0.0,,3,2
645,Sales,Sales Representative,Male,25,1,Travel_Rarely,7,1,2096,Yes,92.3,15,Completed,Yes,Yes,Yes,2019-07-09,0.0,0.0,,2,2
647,Research & Development,Laboratory Technician,Female,24,3,Travel_Frequently,6,1,2886,Yes,80.5,15,Completed,Yes,Yes,Yes,2020-07-12,0.0,0.0,,5,5
648,Sales,Sales Representative,Male,30,4,Travel_Frequently,1,1,2033,Yes,83.6,16,Completed,Yes,Yes,Yes,2025-08-24,2.0,2.0,27.8,6,4
649,Research & Development,Research Scientist,Male,34,2,Travel_Rarely,6,1,3622,Yes,86.2,10,Completed,Yes,Yes,Yes,2020-06-24,0.0,0.0,,7,7
650,Sales,Sales Executive,Male,31,4,Travel_Rarely,3,2,4233,Yes,80.1,18,Completed,Yes,Yes,Yes,2023-07-28,2.0,0.0,2.7,5,5
652,Research & Development,Laboratory Technician,Male,35,2,Travel_Rarely,3,2,3681,Yes,91.3,11,Completed,Yes,Yes,Yes,2023-08-03,1.0,1.0,30.9,5,4
653,Sales,Sales Executive,Male,31,4,Travel_Rarely,7,2,5460,Yes,82.8,15,Completed,Yes,Yes,Yes,2019-08-13,0.0,0.0,,2,2
655,Research & Development,Research Scientist,Female,27,4,Travel_Rarely,5,1,2187,Yes,81.8,13,Completed,Yes,Yes,Yes,2021-08-13,0.0,0.0,,5,5
656,Sales,Sales Executive,Male,37,3,Travel_Rarely,3,2,9602,Yes,87.5,12,Completed,Yes,Yes,Yes,2023-07-31,0.0,0.0,,8,6
657,Research & Development,Research Scientist,Female,20,3,Travel_Rarely,1,1,2836,Yes,86.2,10,Completed,Yes,Yes,Yes,2025-11-16,3.0,0.0,2.9,2,2
659,Research & Development,Healthcare Representative,Female,42,4,Travel_Rarely,10,2,4089,Yes,98.8,14,Completed,Yes,Yes,Yes,2016-08-16,1.0,0.0,10.1,7,7
661,Research & Development,Research Director,Male,43,4,Travel_Rarely,1,4,16627,Yes,70.1,16,In Progress,Yes,Yes,Yes,,1.0,0.0,7.9,3,3
662,Research & Development,Research Scientist,Female,38,1,Travel_Rarely,0,1,2619,Yes,93.2,12,Completed,Yes,Yes,Yes,2026-07-13,1.0,1.0,24.5,6,6
663,Research & Development,Laboratory Technician,Male,43,5,Travel_Frequently,8,2,5679,Yes,88.8,9,Completed,Yes,Yes,Yes,2018-07-04,0.0,0.0,,9,9
664,Research & Development,Manager,Female,48,4,Travel_Rarely,3,4,15402,Yes,95.1,6,Completed,Yes,Yes,Yes,2023-07-25,1.0,0.0,2.8,7,5
665,Human Resources,Human Resources,Female,44,4,Travel_Rarely,2,2,5985,Yes,88.6,9,Completed,Yes,Yes,Yes,2024-07-18,1.0,0.0,2.6,3,2
666,Sales,Sales Representative,Female,34,3,Travel_Rarely,8,1,2579,Yes,93.6,12,Completed,Yes,Yes,Yes,2018-07-02,0.0,0.0,,8,6
667,Sales,Sales Representative,Male,27,1,Travel_Rarely,4,1,3041,Yes,93.3,5,Completed,Yes,Yes,Yes,2022-07-04,0.0,0.0,,7,5
669,Sales,Sales Representative,Male,21,1,Travel_Rarely,3,1,3447,Yes,87.9,14,Completed,Yes,Yes,Yes,2023-08-01,0.0,0.0,,6,6
671,Research & Development,Manager,Male,44,4,Travel_Rarely,2,5,19513,Yes,80.2,9,Completed,Yes,Yes,Yes,2024-08-06,0.0,0.0,,9,7
675,Research & Development,Research Scientist,Male,22,1,Travel_Rarely,2,1,2773,Yes,84.2,7,Completed,Yes,Yes,Yes,2024-06-08,1.0,1.0,18.6,8,8
677,Sales,Sales Executive,Male,33,4,Travel_Rarely,5,2,7104,Yes,85.1,10,Completed,Yes,Yes,Yes,2021-06-24,1.0,1.0,32.8,3,3
679,Research & Development,Research Scientist,Female,32,4,Travel_Rarely,6,2,6322,Yes,80.2,16,Completed,Yes,Yes,Yes,2020-08-10,1.0,0.0,7.1,3,3
680,Research & Development,Research Scientist,Female,30,3,Travel_Frequently,1,1,2083,Yes,87.6,16,Completed,Yes,Yes,Yes,2025-10-30,2.0,0.0,3.7,2,2
682,Sales,Sales Executive,Female,53,1,Travel_Rarely,14,2,8381,Yes,90.0,18,Completed,Yes,Yes,Yes,2016-08-20,2.0,1.0,9.1,2,2
683,Research & Development,Research Scientist,Male,34,5,Travel_Rarely,10,1,2691,Yes,96.1,6,Completed,Yes,Yes,Yes,2016-08-08,2.0,1.0,3.95,4,4
684,Sales,Sales Executive,Female,45,4,Travel_Frequently,1,2,4286,Yes,40.7,17,In Progress,Yes,No,Yes,,1.0,0.0,2.4,1,1
686,Research & Development,Laboratory Technician,Female,26,3,Travel_Rarely,3,1,2659,Yes,86.3,11,Completed,Yes,Yes,Yes,2023-06-18,0.0,0.0,,5,5
689,Research & Development,Manufacturing Director,Male,37,3,Travel_Rarely,10,3,9434,Yes,88.1,15,Completed,Yes,Yes,Yes,2016-08-17,0.0,0.0,,3,3
690,Sales,Sales Executive,Female,29,2,Travel_Rarely,6,2,5561,Yes,85.8,11,Completed,Yes,Yes,Yes,2020-07-17,0.0,0.0,,6,5
691,Research & Development,Research Scientist,Male,35,4,Travel_Rarely,17,2,6646,Yes,99.3,7,Completed,Yes,Yes,Yes,2016-08-09,1.0,0.0,4.0,7,6
692,Research & Development,Healthcare Representative,Male,33,3,Travel_Frequently,13,2,7725,Yes,99.0,12,Completed,Yes,Yes,Yes,2016-08-14,0.0,0.0,,7,6
698,Human Resources,Human Resources,Male,54,4,Travel_Rarely,9,3,10725,Yes,93.8,10,Completed,Yes,Yes,Yes,2017-06-20,0.0,0.0,,4,4
699,Research & Development,Manufacturing Director,Male,36,2,Travel_Rarely,3,2,8847,Yes,88.7,6,Completed,Yes,Yes,Yes,2023-08-02,0.0,0.0,,5,5
700,Research & Development,Research Scientist,Male,27,4,Travel_Rarely,4,1,2045,Yes,88.7,11,Completed,Yes,Yes,Yes,2022-07-28,1.0,1.0,30.5,9,8
701,Research & Development,Research Scientist,Male,20,1,Travel_Rarely,1,1,1009,Yes,97.4,16,Completed,Yes,Yes,Yes,2025-10-06,3.0,1.0,12.1,2,2
702,Research & Development,Research Scientist,Male,33,3,Travel_Frequently,10,1,3348,Yes,84.4,17,Completed,Yes,Yes,Yes,2016-08-19,1.0,0.0,5.4,5,5
704,Research & Development,Laboratory Technician,Male,35,3,Non-Travel,1,1,1281,Yes,92.7,13,Completed,Yes,Yes,Yes,2026-01-02,2.0,0.0,6.2,2,2
705,Research & Development,Research Scientist,Male,23,3,Travel_Rarely,3,1,2819,Yes,83.9,17,Completed,Yes,Yes,Yes,2023-07-17,2.0,0.0,6.699999999999999,4,4
707,Sales,Sales Executive,Male,25,3,Travel_Rarely,3,2,4851,Yes,87.0,18,Completed,Yes,Yes,Yes,2023-07-28,0.0,0.0,,3,3
709,Sales,Sales Executive,Female,38,4,Travel_Rarely,7,2,4028,Yes,96.3,8,Completed,Yes,Yes,Yes,2019-06-30,0.0,0.0,,6,6
710,Research & Development,Research Scientist,Male,29,4,Travel_Frequently,10,1,2720,Yes,82.9,8,Completed,Yes,Yes,Yes,2016-08-10,1.0,0.0,1.7,5,5
712,Sales,Sales Executive,Male,48,1,Travel_Rarely,2,2,8120,Yes,92.0,17,Completed,Yes,Yes,Yes,2024-08-06,0.0,0.0,,6,6
714,Sales,Sales Executive,Female,27,1,Travel_Frequently,6,2,4647,Yes,93.1,7,Completed,Yes,Yes,Yes,2020-06-21,0.0,0.0,,9,5
715,Research & Development,Research Scientist,Male,37,2,Travel_Rarely,1,1,4680,Yes,95.1,17,Completed,Yes,Yes,Yes,2025-09-11,1.0,0.0,11.6,7,7
716,Research & Development,Laboratory Technician,Male,50,1,Travel_Rarely,20,1,3221,Yes,89.0,14,Completed,Yes,Yes,Yes,2016-08-16,0.0,0.0,,8,6
717,Research & Development,Healthcare Representative,Female,34,3,Travel_Rarely,8,3,8621,Yes,92.7,14,Completed,Yes,Yes,Yes,2018-07-06,0.0,0.0,,8,6
720,Sales,Sales Executive,Female,24,2,Travel_Rarely,2,2,4577,Yes,97.3,15,Completed,Yes,Yes,Yes,2024-07-26,1.0,0.0,8.1,6,4
721,Research & Development,Healthcare Representative,Female,39,4,Travel_Rarely,20,2,4553,Yes,83.0,6,Completed,Yes,Yes,Yes,2016-08-08,1.0,0.0,4.0,6,5
722,Sales,Sales Executive,Male,32,3,Travel_Rarely,10,2,5396,Yes,88.8,9,Completed,Yes,Yes,Yes,2016-08-11,0.0,0.0,,9,7
723,Sales,Sales Executive,Male,50,2,Travel_Frequently,4,2,6796,Yes,85.5,5,Completed,Yes,Yes,Yes,2022-06-17,0.0,0.0,,5,5
724,Research & Development,Healthcare Representative,Female,38,4,Travel_Rarely,9,2,7625,Yes,90.1,9,Completed,Yes,Yes,Yes,2017-07-20,0.0,0.0,,9,6
725,Research & Development,Manufacturing Director,Female,27,2,Travel_Rarely,9,3,7412,Yes,89.0,5,Completed,Yes,Yes,Yes,2017-07-09,0.0,0.0,,3,3
727,Research & Development,Research Director,Female,32,2,Travel_Rarely,7,3,11159,Yes,96.6,6,Completed,Yes,Yes,Yes,2019-07-16,1.0,0.0,1.5,8,6
728,Sales,Sales Executive,Male,47,4,Travel_Rarely,7,2,4960,Yes,97.3,18,Completed,Yes,Yes,Yes,2019-07-10,0.0,0.0,,3,2
729,Sales,Sales Executive,Male,40,4,Travel_Frequently,18,3,10475,Yes,92.3,13,Completed,Yes,Yes,Yes,2016-08-15,0.0,0.0,,4,4
730,Research & Development,Research Director,Male,53,3,Travel_Rarely,5,4,14814,Yes,89.3,13,Completed,Yes,Yes,Yes,2021-07-21,0.0,0.0,,6,6
731,Human Resources,Manager,Male,41,4,Travel_Rarely,21,5,19141,Yes,94.8,5,Completed,Yes,Yes,Yes,2016-08-07,0.0,0.0,,5,5
732,Sales,Sales Executive,Male,60,4,Travel_Rarely,2,2,5405,Yes,98.2,14,Completed,Yes,Yes,Yes,2024-07-17,0.0,0.0,,5,4
733,Research & Development,Manufacturing Director,Male,27,2,Travel_Frequently,9,3,8793,Yes,83.8,14,Completed,Yes,Yes,Yes,2017-07-06,0.0,0.0,,5,5
734,Human Resources,Manager,Male,41,3,Travel_Rarely,22,5,19189,Yes,90.0,5,Completed,Yes,Yes,Yes,2016-08-07,1.0,0.0,10.2,8,6
738,Sales,Sales Representative,Male,50,4,Travel_Rarely,2,1,3875,Yes,82.1,18,Completed,Yes,Yes,Yes,2024-07-21,0.0,0.0,,7,6
741,Research & Development,Research Scientist,Female,28,2,Travel_Rarely,7,1,2216,Yes,99.6,6,Completed,Yes,Yes,Yes,2019-07-18,0.0,0.0,,7,6
742,Research & Development,Research Director,Female,36,3,Non-Travel,8,3,11713,Yes,92.9,5,Completed,Yes,Yes,Yes,2018-07-06,0.0,0.0,,5,4
743,Research & Development,Manufacturing Director,Female,38,3,Travel_Rarely,1,3,7861,Yes,99.8,13,Completed,Yes,Yes,Yes,2025-12-13,3.0,1.0,8.5,2,2
744,Research & Development,Laboratory Technician,Male,44,3,Non-Travel,5,1,3708,Yes,92.2,10,Completed,Yes,Yes,Yes,2021-07-09,0.0,0.0,,7,6
746,Sales,Sales Executive,Female,47,3,Travel_Frequently,22,4,13770,Yes,98.4,11,Completed,Yes,Yes,Yes,2016-08-13,0.0,0.0,,6,5
747,Sales,Sales Executive,Male,30,5,Travel_Rarely,8,2,5304,Yes,95.5,15,Completed,Yes,Yes,Yes,2018-07-22,0.0,0.0,,6,4
749,Sales,Sales Representative,Male,29,3,Travel_Rarely,1,1,2642,Yes,92.6,10,Completed,Yes,Yes,Yes,2025-09-11,1.0,0.0,2.9,5,3
752,Research & Development,Research Scientist,Male,42,3,Travel_Frequently,2,1,2759,Yes,86.6,13,Completed,Yes,Yes,Yes,2024-08-09,0.0,0.0,,7,5
754,Sales,Sales Executive,Male,43,3,Travel_Frequently,2,2,6804,Yes,87.7,9,Completed,Yes,Yes,Yes,2024-06-27,0.0,0.0,,5,4
757,Research & Development,Healthcare Representative,Female,34,2,Travel_Rarely,5,2,6142,Yes,97.0,14,Completed,Yes,Yes,Yes,2021-06-30,0.0,0.0,,9,7
758,Research & Development,Laboratory Technician,Male,23,1,Travel_Rarely,4,1,2500,Yes,83.0,6,Completed,Yes,Yes,Yes,2022-06-13,0.0,0.0,,5,5
760,Human Resources,Human Resources,Female,39,3,Travel_Rarely,8,2,6389,Yes,93.3,10,Completed,Yes,Yes,Yes,2018-07-06,1.0,1.0,56.8,8,6
762,Research & Development,Healthcare Representative,Male,56,3,Travel_Rarely,10,4,11103,Yes,99.4,16,Completed,Yes,Yes,Yes,2016-08-18,1.0,1.0,44.7,8,7
763,Research & Development,Research Scientist,Female,40,1,Travel_Rarely,4,1,2342,Yes,87.8,14,Completed,Yes,Yes,Yes,2022-07-04,1.0,0.0,0.8,8,7
764,Research & Development,Healthcare Representative,Female,27,3,Travel_Rarely,7,2,6811,Yes,98.8,9,Completed,Yes,Yes,Yes,2019-06-27,0.0,0.0,,4,4
766,Sales,Sales Representative,Male,29,3,Travel_Rarely,2,1,2297,Yes,87.5,17,Completed,Yes,Yes,Yes,2024-07-13,1.0,0.0,8.3,7,6
769,Research & Development,Laboratory Technician,Male,53,3,Travel_Rarely,2,2,2450,Yes,96.3,15,Completed,Yes,Yes,Yes,2024-07-25,0.0,0.0,,3,2
771,Research & Development,Healthcare Representative,Female,35,4,Non-Travel,1,2,5093,Yes,94.8,15,Completed,Yes,Yes,Yes,2025-08-21,2.0,0.0,5.0,4,3
772,Research & Development,Laboratory Technician,Male,32,4,Travel_Frequently,10,2,5309,Yes,90.5,15,Completed,Yes,Yes,Yes,2016-08-17,0.0,0.0,,3,3
773,Research & Development,Research Scientist,Male,38,5,Travel_Rarely,1,1,3057,Yes,87.2,10,Completed,Yes,Yes,Yes,2025-08-24,1.0,0.0,0.8,8,6
775,Research & Development,Manufacturing Director,Female,34,5,Travel_Rarely,0,2,5121,Yes,84.3,17,Completed,Yes,Yes,Yes,2026-05-20,2.0,2.0,33.1,5,4
776,Sales,Manager,Male,52,4,Travel_Rarely,34,4,16856,Yes,83.8,7,Completed,Yes,Yes,Yes,2016-08-09,2.0,1.0,19.4,2,2
780,Research & Development,Research Scientist,Male,33,4,Travel_Rarely,10,1,2686,Yes,81.5,18,Completed,Yes,Yes,Yes,2016-08-20,0.0,0.0,,3,3
781,Sales,Sales Executive,Female,25,1,Travel_Rarely,6,2,6180,Yes,82.0,17,Completed,Yes,Yes,Yes,2020-06-29,2.0,0.0,3.6,7,6
783,Sales,Sales Representative,Male,45,2,Travel_Rarely,8,2,6632,Yes,96.7,13,Completed,Yes,Yes,Yes,2018-07-12,1.0,0.0,3.9,6,6
784,Research & Development,Research Scientist,Male,23,1,Travel_Rarely,2,1,3505,Yes,93.2,17,Completed,Yes,Yes,Yes,2024-08-15,0.0,0.0,,5,5
785,Sales,Sales Executive,Female,47,2,Travel_Frequently,5,2,6397,Yes,82.6,11,Completed,Yes,Yes,Yes,2021-07-04,1.0,0.0,6.9,6,5
786,Sales,Sales Executive,Male,34,3,Travel_Rarely,6,2,6274,Yes,83.2,18,Completed,Yes,Yes,Yes,2020-08-10,0.0,0.0,,4,4
787,Research & Development,Manager,Male,55,3,Travel_Rarely,5,5,19859,Yes,95.4,17,Completed,Yes,Yes,Yes,2021-07-05,0.0,0.0,,5,5
789,Sales,Sales Executive,Male,36,4,Non-Travel,10,3,7587,Yes,83.3,12,Completed,Yes,Yes,Yes,2016-08-14,0.0,0.0,,4,4
791,Research & Development,Research Scientist,Male,52,4,Non-Travel,4,1,4258,Yes,88.2,15,Completed,Yes,Yes,Yes,2022-08-14,0.0,0.0,,6,6
792,Research & Development,Laboratory Technician,Female,26,2,Travel_Frequently,2,1,4364,Yes,84.8,12,Completed,Yes,Yes,Yes,2024-06-27,0.0,0.0,,5,5
793,Research & Development,Healthcare Representative,Female,29,3,Travel_Rarely,8,2,4335,Yes,85.7,16,Completed,Yes,Yes,Yes,2018-07-10,1.0,0.0,2.2,6,6
796,Sales,Sales Executive,Male,26,3,Travel_Rarely,4,2,5326,Yes,89.0,13,Completed,Yes,Yes,Yes,2022-06-25,0.0,0.0,,5,4
797,Research & Development,Research Scientist,Female,34,4,Travel_Rarely,4,1,3280,Yes,86.2,17,Completed,Yes,Yes,Yes,2022-08-03,0.0,0.0,,5,5
799,Research & Development,Manufacturing Director,Female,54,4,Travel_Rarely,5,2,5485,Yes,89.4,18,Completed,Yes,Yes,Yes,2021-06-30,0.0,0.0,,3,3
800,Sales,Sales Executive,Male,27,1,Travel_Frequently,4,2,4342,Yes,87.4,14,Completed,Yes,Yes,Yes,2022-08-03,0.0,0.0,,5,4
802,Research & Development,Research Scientist,Female,37,1,Travel_Rarely,5,1,2782,Yes,89.2,9,Completed,Yes,Yes,Yes,2021-07-13,0.0,0.0,,4,4
803,Research & Development,Manufacturing Director,Female,38,4,Travel_Frequently,15,2,5980,Yes,87.6,13,Completed,Yes,Yes,Yes,2016-08-15,0.0,0.0,,8,7
804,Research & Development,Research Scientist,Female,34,4,Travel_Rarely,6,1,4381,Yes,99.3,18,Completed,Yes,Yes,Yes,2020-07-24,0.0,0.0,,5,5
805,Sales,Sales Representative,Female,35,4,Travel_Rarely,3,1,2572,Yes,96.0,7,Completed,Yes,Yes,Yes,2023-07-27,1.0,0.0,6.6,5,4
806,Research & Development,Laboratory Technician,Male,30,3,Travel_Rarely,2,1,3833,Yes,85.0,15,Completed,Yes,Yes,Yes,2024-06-21,1.0,0.0,1.8,5,4
807,Research & Development,Healthcare Representative,Female,40,2,Travel_Frequently,8,2,4244,Yes,97.5,13,Completed,Yes,Yes,Yes,2018-07-16,1.0,0.0,11.9,7,7
808,Sales,Sales Executive,Female,34,2,Travel_Rarely,3,2,6500,Yes,82.1,18,Completed,Yes,Yes,Yes,2023-06-21,0.0,0.0,,3,3
809,Research & Development,Manager,Male,42,3,Travel_Frequently,24,5,18430,Yes,97.0,9,Completed,Yes,Yes,Yes,2016-08-11,0.0,0.0,,6,4
811,Research & Development,Laboratory Technician,Male,23,3,Travel_Rarely,0,1,1601,Yes,76.1,19,In Progress,Yes,No,Yes,,4.0,2.0,20.375,3,3
812,Research & Development,Laboratory Technician,Male,24,3,Non-Travel,1,1,2694,Yes,98.2,18,Completed,Yes,Yes,Yes,2025-10-31,2.0,0.0,2.4,6,6
813,Research & Development,Laboratory Technician,Female,52,4,Travel_Rarely,5,2,3149,Yes,97.7,5,Completed,Yes,Yes,Yes,2021-07-09,0.0,0.0,,4,4
815,Research & Development,Research Director,Male,50,3,Travel_Rarely,4,4,17639,Yes,81.1,13,Completed,Yes,Yes,Yes,2022-07-19,1.0,1.0,24.8,6,6
816,Research & Development,Laboratory Technician,Female,29,2,Travel_Rarely,1,1,2319,Yes,99.9,10,Completed,Yes,Yes,Yes,2025-11-08,1.0,0.0,4.9,9,7
817,Research & Development,Research Director,Male,33,3,Travel_Rarely,13,3,11691,Yes,80.6,6,Completed,Yes,Yes,Yes,2016-08-08,1.0,0.0,2.5,8,6
819,Sales,Sales Executive,Female,33,3,Travel_Rarely,3,2,5324,Yes,94.3,10,Completed,Yes,Yes,Yes,2023-06-19,0.0,0.0,,9,7
820,Research & Development,Manager,Female,47,2,Travel_Rarely,26,4,16752,Yes,82.9,5,Completed,Yes,Yes,Yes,2016-08-07,0.0,0.0,,5,5
823,Research & Development,Manufacturing Director,Female,36,3,Travel_Rarely,9,2,5228,Yes,98.3,12,Completed,Yes,Yes,Yes,2017-07-27,1.0,0.0,3.0,7,6
824,Research & Development,Research Scientist,Male,29,2,Travel_Rarely,10,1,2700,Yes,96.6,17,Completed,Yes,Yes,Yes,2016-08-19,0.0,0.0,,4,3
825,Research & Development,Research Director,Male,58,4,Travel_Rarely,31,5,19246,Yes,89.4,14,Completed,Yes,Yes,Yes,2016-08-16,0.0,0.0,,7,7
826,Research & Development,Research Scientist,Female,35,4,Travel_Rarely,2,1,2506,Yes,98.1,5,Completed,Yes,Yes,Yes,2024-08-05,0.0,0.0,,6,4
827,Research & Development,Manufacturing Director,Female,42,2,Travel_Rarely,4,2,6062,Yes,84.3,7,Completed,Yes,Yes,Yes,2022-07-23,1.0,0.0,2.6,4,4
828,Research & Development,Research Scientist,Male,28,4,Travel_Rarely,2,1,4382,Yes,98.8,14,Completed,Yes,Yes,Yes,2024-07-10,0.0,0.0,,5,5
829,Human Resources,Human Resources,Male,36,3,Travel_Rarely,5,1,2143,Yes,88.5,17,Completed,Yes,Yes,Yes,2021-07-16,0.0,0.0,,4,4
830,Research & Development,Manufacturing Director,Female,32,3,Travel_Rarely,14,2,6162,Yes,84.8,6,Completed,Yes,Yes,Yes,2016-08-08,1.0,1.0,19.9,6,3
832,Research & Development,Laboratory Technician,Male,40,4,Travel_Frequently,1,2,5094,Yes,92.8,14,Completed,Yes,Yes,Yes,2026-02-03,4.0,1.0,10.75,3,3
833,Research & Development,Manufacturing Director,Female,30,3,Travel_Rarely,0,2,6877,Yes,96.7,12,Completed,Yes,Yes,Yes,2026-04-07,3.0,0.0,4.666666666666667,2,2
834,Research & Development,Research Scientist,Female,45,3,Travel_Rarely,1,1,2274,Yes,92.6,14,Completed,Yes,Yes,Yes,2025-09-16,2.0,0.0,8.15,4,3
836,Research & Development,Manufacturing Director,Male,42,3,Travel_Rarely,9,2,4434,Yes,94.4,9,Completed,Yes,Yes,Yes,2017-07-27,0.0,0.0,,6,5
837,Research & Development,Healthcare Representative,Male,38,3,Travel_Frequently,4,2,6288,Yes,80.0,10,Completed,Yes,Yes,Yes,2022-07-15,0.0,0.0,,5,5
838,Research & Development,Research Scientist,Female,34,4,Travel_Frequently,5,1,2553,Yes,91.4,7,Completed,Yes,Yes,Yes,2021-07-24,0.0,0.0,,8,7
840,Sales,Sales Executive,Female,49,3,Travel_Rarely,9,3,7654,Yes,93.4,13,Completed,Yes,Yes,Yes,2017-07-04,2.0,1.0,27.1,4,3
842,Sales,Sales Executive,Male,55,1,Travel_Rarely,9,2,5160,Yes,81.4,13,Completed,Yes,Yes,Yes,2017-07-23,2.0,0.0,4.8,7,6
843,Research & Development,Research Director,Male,43,2,Travel_Rarely,4,4,17159,Yes,90.1,13,Completed,Yes,Yes,Yes,2022-07-11,1.0,0.0,3.7,4,4
844,Research & Development,Research Director,Male,27,1,Travel_Rarely,9,3,12808,Yes,80.4,18,Completed,Yes,Yes,Yes,2017-07-16,0.0,0.0,,4,4
845,Research & Development,Manufacturing Director,Male,35,3,Travel_Rarely,8,3,10221,Yes,80.9,11,Completed,Yes,Yes,Yes,2018-07-14,0.0,0.0,,4,4
846,Sales,Sales Executive,Female,28,4,Travel_Rarely,8,2,4779,Yes,85.1,5,Completed,Yes,Yes,Yes,2018-07-15,0.0,0.0,,9,8
847,Human Resources,Human Resources,Male,34,2,Travel_Rarely,3,1,3737,Yes,95.8,10,Completed,Yes,Yes,Yes,2023-07-20,0.0,0.0,,8,6
848,Research & Development,Research Scientist,Female,26,2,Travel_Frequently,8,1,2366,Yes,94.7,15,Completed,Yes,Yes,Yes,2018-08-02,1.0,0.0,0.7,4,3
850,Research & Development,Research Scientist,Male,27,3,Non-Travel,0,1,1706,No,41.8,25,In Progress,Yes,No,Yes,,0.0,0.0,,2,2
851,Sales,Manager,Female,51,4,Travel_Rarely,20,4,16307,Yes,92.9,18,Completed,Yes,Yes,Yes,2016-08-20,0.0,0.0,,4,3
852,Research & Development,Healthcare Representative,Male,44,3,Travel_Rarely,5,2,5933,Yes,93.7,16,Completed,Yes,Yes,Yes,2021-06-29,0.0,0.0,,4,4
854,Research & Development,Research Scientist,Male,25,1,Travel_Rarely,4,1,3424,Yes,92.6,17,Completed,Yes,Yes,Yes,2022-07-19,0.0,0.0,,7,5
855,Sales,Sales Executive,Male,33,3,Travel_Rarely,9,2,4037,Yes,81.3,17,Completed,Yes,Yes,Yes,2017-08-11,0.0,0.0,,2,2
856,Research & Development,Research Scientist,Female,35,1,Travel_Rarely,6,1,2559,Yes,89.2,9,Completed,Yes,Yes,Yes,2020-06-11,0.0,0.0,,5,4
857,Sales,Sales Executive,Male,36,2,Travel_Rarely,18,2,6201,Yes,80.9,8,Completed,Yes,Yes,Yes,2016-08-10,1.0,0.0,11.1,4,4
859,Sales,Sales Executive,Male,32,4,Travel_Rarely,5,2,4403,Yes,80.8,9,Completed,Yes,Yes,Yes,2021-06-15,0.0,0.0,,4,4
861,Research & Development,Research Scientist,Male,30,4,Travel_Frequently,5,1,3761,Yes,88.0,18,Completed,Yes,Yes,Yes,2021-07-18,0.0,0.0,,6,6
862,Sales,Sales Executive,Female,53,2,Travel_Rarely,5,3,10934,Yes,89.5,5,Completed,Yes,Yes,Yes,2021-07-03,0.0,0.0,,7,6
864,Sales,Sales Executive,Male,45,3,Travel_Rarely,5,3,10761,Yes,92.9,9,Completed,Yes,Yes,Yes,2021-06-23,0.0,0.0,,7,5
865,Research & Development,Research Scientist,Female,32,2,Travel_Rarely,5,2,5175,Yes,97.2,5,Completed,Yes,Yes,Yes,2021-07-15,0.0,0.0,,5,5
867,Research & Development,Manufacturing Director,Female,52,4,Travel_Frequently,9,4,13826,Yes,93.1,9,Completed,Yes,Yes,Yes,2017-06-17,1.0,0.0,3.5,4,4
868,Sales,Sales Executive,Male,37,4,Travel_Rarely,1,2,6334,Yes,88.7,11,Completed,Yes,Yes,Yes,2026-01-12,1.0,0.0,1.8,7,5
869,Human Resources,Human Resources,Male,28,2,Travel_Rarely,5,1,4936,Yes,88.8,11,Completed,Yes,Yes,Yes,2021-06-26,0.0,0.0,,6,6
872,Research & Development,Manufacturing Director,Male,22,2,Travel_Rarely,2,2,4775,Yes,99.5,12,Completed,Yes,Yes,Yes,2024-07-22,0.0,0.0,,8,6
874,Research & Development,Laboratory Technician,Male,44,4,Travel_Rarely,3,1,2818,Yes,90.0,17,Completed,Yes,Yes,Yes,2023-07-05,0.0,0.0,,6,4
875,Research & Development,Research Scientist,Male,42,1,Travel_Frequently,2,1,2515,Yes,85.3,6,Completed,Yes,Yes,Yes,2024-07-04,0.0,0.0,,8,8
878,Human Resources,Human Resources,Male,36,3,Travel_Rarely,5,1,2342,Yes,88.5,11,Completed,Yes,Yes,Yes,2021-06-27,0.0,0.0,,7,5
879,Sales,Sales Executive,Male,25,1,Travel_Rarely,5,2,4194,Yes,99.9,7,Completed,Yes,Yes,Yes,2021-07-01,0.0,0.0,,5,5
880,Research & Development,Manufacturing Director,Female,35,3,Travel_Rarely,17,3,10685,Yes,85.9,6,Completed,Yes,Yes,Yes,2016-08-08,0.0,0.0,,5,4
881,Research & Development,Research Scientist,Female,35,4,Travel_Frequently,10,1,2022,Yes,86.6,9,Completed,Yes,Yes,Yes,2016-08-11,0.0,0.0,,5,5
882,Research & Development,Laboratory Technician,Male,32,3,Non-Travel,3,1,2314,Yes,88.9,16,Completed,Yes,Yes,Yes,2023-07-29,0.0,0.0,,3,2
885,Sales,Sales Executive,Male,25,1,Travel_Rarely,5,2,4256,Yes,83.3,12,Completed,Yes,Yes,Yes,2021-07-17,0.0,0.0,,7,5
887,Research & Development,Research Scientist,Female,49,3,Travel_Rarely,4,1,3580,Yes,88.9,16,Completed,Yes,Yes,Yes,2022-07-26,1.0,0.0,10.1,4,3
888,Research & Development,Laboratory Technician,Male,24,1,Non-Travel,5,1,3162,Yes,98.2,14,Completed,Yes,Yes,Yes,2021-06-21,0.0,0.0,,7,7
889,Sales,Sales Executive,Male,32,2,Travel_Frequently,10,2,6524,Yes,85.5,17,Completed,Yes,Yes,Yes,2016-08-19,0.0,0.0,,5,5
893,Sales,Sales Representative,Male,38,3,Travel_Rarely,2,1,2899,Yes,81.1,15,Completed,Yes,Yes,Yes,2024-06-16,2.0,0.0,5.35,2,2
894,Research & Development,Laboratory Technician,Female,42,3,Travel_Rarely,5,2,5231,Yes,88.1,13,Completed,Yes,Yes,Yes,2021-07-05,0.0,0.0,,9,6
895,Research & Development,Research Scientist,Male,31,4,Travel_Rarely,6,1,2356,Yes,95.0,7,Completed,Yes,Yes,Yes,2020-06-18,1.0,0.0,5.0,5,5
896,Sales,Sales Representative,Female,29,3,Travel_Rarely,3,1,2800,Yes,80.6,18,Completed,Yes,Yes,Yes,2023-06-20,2.0,1.0,11.049999999999999,2,2
897,Sales,Sales Executive,Male,53,3,Travel_Rarely,2,4,11836,Yes,93.6,12,Completed,Yes,Yes,Yes,2024-07-05,1.0,0.0,5.2,7,7
899,Research & Development,Manufacturing Director,Male,35,3,Travel_Rarely,13,3,10903,Yes,82.5,8,Completed,Yes,Yes,Yes,2016-08-10,0.0,0.0,,7,7
900,Sales,Sales Representative,Female,37,2,Travel_Frequently,5,1,2973,Yes,92.9,10,Completed,Yes,Yes,Yes,2021-06-23,1.0,0.0,1.3,7,6
901,Research & Development,Research Director,Female,53,4,Travel_Rarely,12,4,14275,Yes,99.0,5,Completed,Yes,Yes,Yes,2016-08-07,0.0,0.0,,6,6
902,Research & Development,Healthcare Representative,Female,43,3,Travel_Frequently,5,2,5562,Yes,83.1,12,Completed,Yes,Yes,Yes,2021-07-06,1.0,1.0,28.9,7,6
903,Sales,Sales Executive,Female,47,2,Travel_Rarely,7,2,4537,Yes,87.4,12,Completed,Yes,Yes,Yes,2019-06-15,0.0,0.0,,4,4
904,Sales,Sales Executive,Male,37,2,Non-Travel,10,3,7642,Yes,81.5,7,Completed,Yes,Yes,Yes,2016-08-09,1.0,0.0,3.6,7,7
905,Research & Development,Manager,Male,50,4,Non-Travel,31,4,17924,Yes,87.3,10,Completed,Yes,Yes,Yes,2016-08-12,1.0,0.0,2.9,7,5
909,Human Resources,Human Resources,Female,39,3,Travel_Rarely,5,2,5204,Yes,85.6,6,Completed,Yes,Yes,Yes,2021-06-27,0.0,0.0,,6,5
910,Human Resources,Human Resources,Male,33,2,Travel_Rarely,4,1,2277,Yes,94.7,12,Completed,Yes,Yes,Yes,2022-08-12,1.0,0.0,10.2,7,6
911,Research & Development,Laboratory Technician,Male,32,4,Travel_Rarely,1,1,2795,Yes,91.2,9,Completed,Yes,Yes,Yes,2025-10-01,0.0,0.0,,6,6
912,Research & Development,Laboratory Technician,Female,29,1,Travel_Rarely,4,1,2532,Yes,85.2,12,Completed,Yes,Yes,Yes,2022-06-25,1.0,0.0,11.2,9,7
913,Research & Development,Research Scientist,Male,44,2,Travel_Rarely,8,1,2559,Yes,99.9,9,Completed,Yes,Yes,Yes,2018-07-29,0.0,0.0,,6,5
916,Sales,Sales Executive,Male,28,4,Travel_Rarely,4,2,4908,Yes,98.3,12,Completed,Yes,Yes,Yes,2022-06-30,0.0,0.0,,4,4
918,Research & Development,Laboratory Technician,Male,58,1,Travel_Frequently,1,1,2380,Yes,97.1,12,Completed,Yes,Yes,Yes,2025-12-24,1.0,0.0,2.8,3,3
920,Research & Development,Manufacturing Director,Female,43,3,Travel_Rarely,1,2,4765,Yes,72.3,25,In Progress,Yes,Yes,Yes,,2.0,0.0,5.75,3,3
922,Sales,Sales Representative,Female,20,3,Travel_Rarely,2,1,2044,Yes,86.9,6,Completed,Yes,Yes,Yes,2024-06-25,1.0,0.0,3.6,5,4
923,Research & Development,Research Scientist,Female,21,1,Travel_Rarely,1,1,2693,Yes,97.8,18,Completed,Yes,Yes,Yes,2025-10-02,1.0,0.0,2.1,8,6
924,Research & Development,Healthcare Representative,Male,36,1,Travel_Rarely,16,2,6586,Yes,94.2,16,Completed,Yes,Yes,Yes,2016-08-18,1.0,0.0,7.8,6,6
925,Sales,Sales Representative,Female,47,4,Travel_Rarely,3,1,3294,Yes,83.5,10,Completed,Yes,Yes,Yes,2023-07-02,1.0,0.0,3.6,9,7
926,Research & Development,Manufacturing Director,Female,22,1,Travel_Rarely,3,2,4171,Yes,84.5,8,Completed,Yes,Yes,Yes,2023-07-08,0.0,0.0,,6,5
927,Research & Development,Laboratory Technician,Female,41,4,Travel_Rarely,7,1,2778,Yes,82.8,17,Completed,Yes,Yes,Yes,2019-06-30,0.0,0.0,,4,4
930,Research & Development,Research Scientist,Female,28,3,Travel_Rarely,2,1,2377,Yes,80.5,13,Completed,Yes,Yes,Yes,2024-07-13,2.0,0.0,4.75,8,6
932,Research & Development,Laboratory Technician,Male,39,3,Travel_Rarely,2,1,2404,Yes,87.4,17,Completed,Yes,Yes,Yes,2024-07-12,2.0,0.0,3.6999999999999997,6,5
933,Research & Development,Research Scientist,Female,27,3,Travel_Rarely,1,1,2318,Yes,97.7,6,Completed,Yes,Yes,Yes,2025-09-19,3.0,0.0,6.533333333333334,2,2
934,Research & Development,Laboratory Technician,Male,34,3,Travel_Rarely,1,1,2008,Yes,94.3,12,Completed,Yes,Yes,Yes,2025-11-26,1.0,0.0,1.8,5,4
936,Sales,Sales Executive,Female,42,2,Travel_Rarely,5,2,6244,Yes,88.2,11,Completed,Yes,Yes,Yes,2021-07-10,1.0,0.0,3.8,7,5
939,Research & Development,Research Scientist,Male,33,4,Travel_Rarely,3,1,2799,Yes,91.5,7,Completed,Yes,Yes,Yes,2023-06-17,0.0,0.0,,5,5
940,Research & Development,Healthcare Representative,Female,58,3,Travel_Rarely,6,3,10552,Yes,92.8,12,Completed,Yes,Yes,Yes,2020-07-24,0.0,0.0,,3,2
941,Sales,Sales Representative,Male,31,4,Travel_Rarely,7,1,2329,Yes,93.6,10,Completed,Yes,Yes,Yes,2019-07-14,0.0,0.0,,3,3
942,Research & Development,Healthcare Representative,Female,35,1,Travel_Rarely,10,2,4014,Yes,97.6,17,Completed,Yes,Yes,Yes,2016-08-19,0.0,0.0,,3,2
944,Research & Development,Laboratory Technician,Female,49,2,Travel_Rarely,26,3,7403,Yes,92.8,7,Completed,Yes,Yes,Yes,2016-08-09,1.0,0.0,0.9,8,8
945,Research & Development,Research Scientist,Male,48,4,Travel_Rarely,0,1,2259,Yes,98.2,5,Completed,Yes,Yes,Yes,2026-06-23,2.0,1.0,16.150000000000002,4,4
947,Sales,Sales Executive,Female,31,2,Non-Travel,9,2,6932,Yes,82.5,7,Completed,Yes,Yes,Yes,2017-06-17,2.0,1.0,34.55,5,5
949,Research & Development,Research Scientist,Male,36,4,Travel_Rarely,6,1,4678,Yes,83.3,10,Completed,Yes,Yes,Yes,2020-07-23,2.0,0.0,6.6,4,4
950,Research & Development,Research Director,Female,38,3,Travel_Rarely,15,3,13582,Yes,94.2,10,Completed,Yes,Yes,Yes,2016-08-12,1.0,0.0,11.1,6,5
951,Research & Development,Laboratory Technician,Female,32,3,Non-Travel,3,1,2332,Yes,98.8,9,Completed,Yes,Yes,Yes,2023-06-11,0.0,0.0,,5,4
952,Sales,Sales Representative,Male,25,2,Travel_Rarely,1,1,2413,Yes,92.7,13,Completed,Yes,Yes,Yes,2026-01-25,1.0,1.0,20.5,5,4
954,Sales,Sales Executive,Male,40,4,Travel_Rarely,1,3,9705,Yes,86.1,13,Completed,Yes,Yes,Yes,2025-12-06,0.0,0.0,,6,6
956,Sales,Sales Executive,Male,26,3,Travel_Frequently,7,2,4294,Yes,90.1,7,Completed,Yes,Yes,Yes,2019-08-04,0.0,0.0,,5,4
957,Research & Development,Laboratory Technician,Male,41,3,Travel_Rarely,18,1,4721,Yes,98.8,7,Completed,Yes,Yes,Yes,2016-08-09,0.0,0.0,,4,4
958,Research & Development,Laboratory Technician,Male,36,4,Travel_Rarely,11,1,2519,Yes,93.2,16,Completed,Yes,Yes,Yes,2016-08-18,0.0,0.0,,7,6
959,Sales,Sales Representative,Male,19,3,Travel_Rarely,1,1,2121,Yes,98.5,5,Completed,Yes,Yes,Yes,2025-09-05,3.0,1.0,16.266666666666666,2,2
960,Research & Development,Laboratory Technician,Male,20,3,Travel_Rarely,1,1,2973,Yes,99.0,17,Completed,Yes,Yes,Yes,2026-02-11,1.0,0.0,1.8,7,6
961,Research & Development,Healthcare Representative,Female,31,3,Travel_Rarely,9,2,5855,Yes,85.3,8,Completed,Yes,Yes,Yes,2017-07-05,0.0,0.0,,5,5
964,Research & Development,Research Scientist,Male,40,4,Travel_Frequently,1,1,3617,Yes,92.8,12,Completed,Yes,Yes,Yes,2025-09-20,4.0,1.0,5.1000000000000005,2,2
966,Research & Development,Manufacturing Director,Female,32,4,Travel_Rarely,8,2,6725,Yes,92.5,9,Completed,Yes,Yes,Yes,2018-06-16,2.0,1.0,9.25,3,2
967,Sales,Sales Executive,Male,36,1,Travel_Rarely,16,3,10325,Yes,99.1,12,Completed,Yes,Yes,Yes,2016-08-14,1.0,0.0,1.8,3,2
969,Research & Development,Healthcare Representative,Female,33,3,Travel_Rarely,5,2,6949,Yes,96.1,15,Completed,Yes,Yes,Yes,2021-08-01,0.0,0.0,,4,4
970,Sales,Sales Executive,Male,37,4,Travel_Rarely,14,3,10609,Yes,85.9,6,Completed,Yes,Yes,Yes,2016-08-08,1.0,0.0,2.5,7,5
972,Research & Development,Laboratory Technician,Male,45,2,Non-Travel,9,2,4447,Yes,81.2,12,Completed,Yes,Yes,Yes,2017-07-01,0.0,0.0,,6,5
974,Sales,Sales Representative,Female,29,3,Travel_Frequently,3,1,2157,Yes,89.7,8,Completed,Yes,Yes,Yes,2023-07-14,0.0,0.0,,7,6
975,Sales,Sales Executive,Female,35,3,Travel_Rarely,5,2,4601,Yes,92.1,10,Completed,Yes,Yes,Yes,2021-07-21,0.0,0.0,,5,4
976,Research & Development,Manager,Male,52,2,Travel_Rarely,9,4,17099,Yes,94.4,16,Completed,Yes,Yes,Yes,2017-06-24,2.0,1.0,14.450000000000001,6,6
977,Research & Development,Research Scientist,Male,58,3,Travel_Rarely,1,1,2479,Yes,26.2,39,Delayed,No,Yes,Yes,,2.0,0.0,6.8,1,1
981,Sales,Manager,Male,53,2,Travel_Rarely,17,4,14852,Yes,85.3,8,Completed,Yes,Yes,Yes,2016-08-10,0.0,0.0,,8,8
982,Sales,Sales Executive,Male,30,2,Travel_Rarely,8,3,7264,Yes,81.9,9,Completed,Yes,Yes,Yes,2018-08-02,1.0,1.0,12.6,5,5
983,Sales,Sales Executive,Female,38,3,Non-Travel,5,2,5666,Yes,87.7,14,Completed,Yes,Yes,Yes,2021-06-16,0.0,0.0,,5,5
984,Sales,Sales Executive,Male,35,4,Travel_Rarely,10,3,7823,Yes,85.0,18,Completed,Yes,Yes,Yes,2016-08-20,1.0,0.0,1.5,7,7
985,Sales,Sales Executive,Male,39,5,Travel_Rarely,8,3,7880,Yes,83.2,10,Completed,Yes,Yes,Yes,2018-06-16,2.0,1.0,7.75,3,3
986,Sales,Sales Executive,Female,40,3,Non-Travel,1,4,13194,Yes,83.8,7,Completed,Yes,Yes,Yes,2025-09-14,2.0,1.0,20.2,4,2
987,Research & Development,Manufacturing Director,Male,47,4,Travel_Frequently,19,2,5067,Yes,99.9,12,Completed,Yes,Yes,Yes,2016-08-14,0.0,0.0,,9,7
990,Sales,Sales Executive,Male,36,4,Non-Travel,7,2,5079,Yes,97.6,12,Completed,Yes,Yes,Yes,2019-07-14,1.0,0.0,6.4,8,6
991,Research & Development,Research Scientist,Male,31,2,Non-Travel,3,1,2321,Yes,81.8,11,Completed,Yes,Yes,Yes,2023-08-11,0.0,0.0,,7,6
992,Sales,Manager,Male,33,3,Non-Travel,10,4,17444,Yes,89.1,8,Completed,Yes,Yes,Yes,2016-08-10,1.0,0.0,1.3,6,5
994,Research & Development,Research Scientist,Female,29,3,Travel_Rarely,0,1,2404,Yes,81.0,9,Completed,Yes,Yes,Yes,2026-06-05,3.0,3.0,22.599999999999998,3,3
995,Research & Development,Research Scientist,Female,33,1,Travel_Rarely,3,1,3452,Yes,92.0,18,Completed,Yes,Yes,Yes,2023-07-19,0.0,0.0,,5,4
996,Research & Development,Laboratory Technician,Female,45,4,Travel_Rarely,5,1,2270,Yes,93.5,9,Completed,Yes,Yes,Yes,2021-06-30,0.0,0.0,,3,3
997,Research & Development,Research Director,Male,50,2,Travel_Rarely,5,4,17399,Yes,80.2,6,Completed,Yes,Yes,Yes,2021-07-04,1.0,0.0,11.7,7,7
998,Research & Development,Healthcare Representative,Female,33,4,Travel_Frequently,6,2,5488,Yes,82.7,9,Completed,Yes,Yes,Yes,2020-07-14,0.0,0.0,,6,6
999,Research & Development,Research Director,Male,41,3,Travel_Frequently,18,5,19419,Yes,87.3,11,Completed,Yes,Yes,Yes,2016-08-13,1.0,0.0,2.9,5,5
1001,Research & Development,Laboratory Technician,Female,27,4,Travel_Rarely,2,1,2811,Yes,80.9,5,Completed,Yes,Yes,Yes,2024-07-13,0.0,0.0,,7,5
1002,Research & Development,Laboratory Technician,Male,45,2,Non-Travel,9,2,3633,Yes,91.2,10,Completed,Yes,Yes,Yes,2017-07-07,0.0,0.0,,5,4
1003,Sales,Sales Executive,Female,47,2,Travel_Rarely,9,2,4163,Yes,85.8,11,Completed,Yes,Yes,Yes,2017-07-09,2.0,0.0,3.25,4,4
1004,Research & Development,Research Scientist,Female,30,3,Travel_Rarely,5,1,2132,Yes,89.0,13,Completed,Yes,Yes,Yes,2021-07-13,0.0,0.0,,4,4
1005,Research & Development,Manufacturing Director,Male,50,3,Travel_Rarely,12,4,13973,Yes,96.5,14,Completed,Yes,Yes,Yes,2016-08-16,0.0,0.0,,5,5
1006,Research & Development,Research Scientist,Male,38,1,Travel_Frequently,2,1,2684,Yes,92.2,7,Completed,Yes,Yes,Yes,2024-06-25,0.0,0.0,,5,5
1007,Research & Development,Manufacturing Director,Male,46,2,Travel_Rarely,8,3,10845,Yes,87.9,17,Completed,Yes,Yes,Yes,2018-08-13,0.0,0.0,,3,2
1009,Research & Development,Manufacturing Director,Female,24,1,Travel_Rarely,4,2,4377,Yes,91.2,10,Completed,Yes,Yes,Yes,2022-07-21,1.0,1.0,33.8,5,4
1010,Research & Development,Laboratory Technician,Male,35,4,Travel_Rarely,4,1,3743,Yes,82.9,14,Completed,Yes,Yes,Yes,2022-06-28,2.0,0.0,1.05,6,5
1011,Research & Development,Manufacturing Director,Female,31,1,Travel_Frequently,4,2,4148,Yes,88.0,5,Completed,Yes,Yes,Yes,2022-07-05,1.0,0.0,3.9,4,4
1012,Research & Development,Research Scientist,Male,18,2,Non-Travel,0,1,1051,Yes,94.3,17,Completed,Yes,Yes,Yes,2026-07-27,0.0,0.0,,4,4
1013,Research & Development,Manufacturing Director,Female,54,3,Travel_Rarely,10,3,10739,Yes,90.4,7,Completed,Yes,Yes,Yes,2016-08-09,0.0,0.0,,9,9
1014,Research & Development,Healthcare Representative,Female,35,4,Travel_Rarely,16,3,10388,Yes,97.9,7,Completed,Yes,Yes,Yes,2016-08-09,0.0,0.0,,8,8
1015,Research & Development,Research Director,Female,30,2,Travel_Rarely,8,3,11416,Yes,98.6,10,Completed,Yes,Yes,Yes,2018-07-23,0.0,0.0,,5,5
1016,Research & Development,Research Scientist,Female,20,3,Travel_Rarely,1,1,2600,Yes,92.3,18,Completed,Yes,Yes,Yes,2026-01-09,3.0,1.0,13.233333333333334,3,3
1017,Research & Development,Laboratory Technician,Female,30,3,Travel_Frequently,3,1,2422,Yes,91.9,13,Completed,Yes,Yes,Yes,2023-07-26,0.0,0.0,,4,4
1018,Research & Development,Manufacturing Director,Male,26,2,Travel_Rarely,8,2,5472,Yes,90.2,12,Completed,Yes,Yes,Yes,2018-06-22,0.0,0.0,,4,3
1019,Research & Development,Laboratory Technician,Male,22,1,Travel_Rarely,4,1,2451,Yes,91.3,12,Completed,Yes,Yes,Yes,2022-06-29,0.0,0.0,,8,7
1022,Research & Development,Healthcare Representative,Male,48,3,Travel_Rarely,2,2,4240,Yes,80.3,10,Completed,Yes,Yes,Yes,2024-06-19,2.0,0.0,2.2,4,3
1024,Research & Development,Healthcare Representative,Male,48,4,Travel_Rarely,15,3,10999,Yes,82.2,11,Completed,Yes,Yes,Yes,2016-08-13,0.0,0.0,,8,7
1025,Research & Development,Manufacturing Director,Female,41,2,Travel_Rarely,2,2,5003,Yes,86.2,16,Completed,Yes,Yes,Yes,2024-07-10,0.0,0.0,,6,5
1026,Research & Development,Manufacturing Director,Female,39,1,Travel_Rarely,21,4,12742,Yes,93.8,5,Completed,Yes,Yes,Yes,2016-08-07,0.0,0.0,,6,5
1027,Research & Development,Manufacturing Director,Female,27,4,Travel_Rarely,3,2,4227,Yes,89.5,15,Completed,Yes,Yes,Yes,2023-07-09,0.0,0.0,,3,3
1028,Research & Development,Laboratory Technician,Male,35,3,Travel_Rarely,3,1,3917,Yes,99.4,14,Completed,Yes,Yes,Yes,2023-06-26,2.0,1.0,18.05,3,3
1029,Sales,Manager,Male,42,2,Travel_Rarely,1,5,18303,Yes,81.0,12,Completed,Yes,Yes,Yes,2025-09-19,1.0,0.0,3.9,5,4
1030,Research & Development,Laboratory Technician,Male,50,3,Travel_Rarely,1,1,2380,Yes,94.4,17,Completed,Yes,Yes,Yes,2026-01-06,2.0,1.0,18.65,3,3
1032,Research & Development,Manufacturing Director,Female,59,3,Travel_Rarely,5,4,13726,Yes,87.6,18,Completed,Yes,Yes,Yes,2021-06-27,2.0,0.0,8.7,7,5
1033,Research & Development,Healthcare Representative,Female,37,2,Travel_Rarely,1,2,4777,Yes,91.5,16,Completed,Yes,Yes,Yes,2025-08-27,2.0,1.0,22.7,3,3
1034,Research & Development,Healthcare Representative,Male,55,4,Travel_Frequently,8,2,6385,Yes,83.8,12,Completed,Yes,Yes,Yes,2018-08-07,0.0,0.0,,6,5
1035,Research & Development,Research Director,Female,41,1,Non-Travel,21,5,19973,Yes,88.4,11,Completed,Yes,Yes,Yes,2016-08-13,0.0,0.0,,5,3
1036,Sales,Sales Executive,Male,38,4,Travel_Rarely,1,2,6861,Yes,90.0,14,Completed,Yes,Yes,Yes,2025-08-23,1.0,0.0,0.7,5,3
1037,Sales,Sales Executive,Male,26,2,Non-Travel,2,2,4969,Yes,89.4,18,Completed,Yes,Yes,Yes,2024-06-21,1.0,0.0,5.9,3,3
1038,Sales,Manager,Female,52,1,Travel_Rarely,32,5,19845,Yes,94.5,16,Completed,Yes,Yes,Yes,2016-08-18,0.0,0.0,,6,6
1039,Sales,Sales Executive,Female,44,3,Travel_Rarely,12,4,13320,Yes,90.4,13,Completed,Yes,Yes,Yes,2016-08-15,1.0,1.0,30.2,6,6
1040,Sales,Sales Executive,Female,50,3,Non-Travel,18,2,6347,Yes,100.0,12,Completed,Yes,Yes,Yes,2016-08-14,1.0,0.0,1.7,8,5
1042,Research & Development,Laboratory Technician,Female,36,4,Travel_Rarely,17,1,2743,Yes,87.5,7,Completed,Yes,Yes,Yes,2016-08-09,0.0,0.0,,10,7
1043,Research & Development,Manufacturing Director,Female,39,3,Travel_Frequently,21,3,10880,Yes,98.2,10,Completed,Yes,Yes,Yes,2016-08-12,2.0,1.0,7.300000000000001,3,3
1044,Sales,Sales Representative,Female,33,1,Non-Travel,2,1,2342,Yes,87.1,17,Completed,Yes,Yes,Yes,2024-07-14,1.0,1.0,12.6,4,3
1045,Sales,Manager,Female,45,2,Travel_Rarely,9,4,17650,Yes,94.4,15,Completed,Yes,Yes,Yes,2017-06-23,0.0,0.0,,5,3
1046,Research & Development,Laboratory Technician,Female,32,4,Non-Travel,8,1,4025,Yes,93.9,14,Completed,Yes,Yes,Yes,2018-06-26,0.0,0.0,,6,6
1047,Sales,Sales Executive,Male,34,4,Travel_Rarely,15,2,9725,Yes,83.8,8,Completed,Yes,Yes,Yes,2016-08-10,1.0,0.0,9.2,4,4
1048,Sales,Manager,Male,59,2,Travel_Rarely,6,3,11904,Yes,91.2,8,Completed,Yes,Yes,Yes,2020-07-23,0.0,0.0,,4,4
1049,Human Resources,Human Resources,Male,45,4,Travel_Rarely,6,1,2177,Yes,99.5,9,Completed,Yes,Yes,Yes,2020-06-11,1.0,0.0,2.2,9,7
1050,Sales,Sales Executive,Female,53,3,Travel_Frequently,15,3,7525,Yes,85.8,8,Completed,Yes,Yes,Yes,2016-08-10,0.0,0.0,,7,6
1052,Research & Development,Laboratory Technician,Male,36,3,Travel_Rarely,1,2,4834,Yes,86.3,10,Completed,Yes,Yes,Yes,2025-08-19,1.0,0.0,2.6,7,5
1053,Research & Development,Research Scientist,Male,26,3,Travel_Frequently,3,1,2042,Yes,98.7,17,Completed,Yes,Yes,Yes,2023-07-14,0.0,0.0,,3,2
1055,Sales,Sales Representative,Female,34,4,Travel_Rarely,1,1,2220,Yes,82.4,15,Completed,Yes,Yes,Yes,2025-08-16,3.0,2.0,23.63333333333333,1,1
1056,Sales,Sales Representative,Male,28,1,Travel_Rarely,1,1,1052,Yes,99.6,18,Completed,Yes,Yes,Yes,2025-10-03,2.0,0.0,3.95,4,4
1060,Research & Development,Research Scientist,Male,38,4,Travel_Frequently,2,1,2821,Yes,99.1,17,Completed,Yes,Yes,Yes,2024-07-26,0.0,0.0,,7,7
1061,Research & Development,Research Director,Male,50,4,Travel_Rarely,8,5,19237,Yes,85.8,9,Completed,Yes,Yes,Yes,2018-08-02,0.0,0.0,,4,4
1062,Research & Development,Healthcare Representative,Female,37,3,Travel_Rarely,4,2,4107,Yes,81.6,12,Completed,Yes,Yes,Yes,2022-06-29,1.0,0.0,1.9,5,5
1066,Sales,Sales Executive,Male,40,3,Travel_Rarely,7,2,8396,Yes,85.1,12,Completed,Yes,Yes,Yes,2019-07-04,1.0,0.0,2.3,7,5
1068,Research & Development,Research Scientist,Female,26,1,Travel_Frequently,5,1,2007,Yes,84.0,13,Completed,Yes,Yes,Yes,2021-08-01,0.0,0.0,,8,7
1069,Research & Development,Research Director,Male,46,4,Travel_Rarely,2,5,19627,Yes,98.7,16,Completed,Yes,Yes,Yes,2024-07-30,0.0,0.0,,5,4
1070,Sales,Sales Executive,Female,54,4,Travel_Rarely,9,3,10686,Yes,82.7,14,Completed,Yes,Yes,Yes,2017-07-30,0.0,0.0,,7,6
1071,Research & Development,Research Scientist,Female,56,3,Travel_Frequently,5,1,2942,Yes,91.7,8,Completed,Yes,Yes,Yes,2021-06-23,0.0,0.0,,4,3
1073,Research & Development,Manufacturing Director,Female,36,5,Travel_Rarely,14,3,8858,Yes,93.4,13,Completed,Yes,Yes,Yes,2016-08-15,0.0,0.0,,5,5
1074,Research & Development,Manager,Male,55,1,Non-Travel,9,4,16756,Yes,92.8,5,Completed,Yes,Yes,Yes,2017-07-24,1.0,1.0,23.0,4,4
1076,Sales,Sales Executive,Male,43,3,Travel_Rarely,1,3,10798,Yes,94.3,6,Completed,Yes,Yes,Yes,2026-01-13,0.0,0.0,,7,6
1077,Sales,Sales Representative,Female,20,3,Travel_Frequently,2,1,2323,Yes,95.4,5,Completed,Yes,Yes,Yes,2024-06-23,2.0,0.0,8.55,5,4
1079,Research & Development,Laboratory Technician,Female,21,3,Travel_Rarely,1,1,1416,Yes,31.7,31,Delayed,No,No,Yes,,1.0,0.0,0.8,1,1
1080,Research & Development,Research Scientist,Female,46,4,Travel_Rarely,16,2,4615,Yes,99.3,10,Completed,Yes,Yes,Yes,2016-08-12,0.0,0.0,,9,6
1081,Research & Development,Research Scientist,Male,51,4,Travel_Rarely,10,1,2461,Yes,92.9,17,Completed,Yes,Yes,Yes,2016-08-19,0.0,0.0,,4,4
1082,Research & Development,Healthcare Representative,Male,28,2,Non-Travel,10,3,8722,Yes,93.0,8,Completed,Yes,Yes,Yes,2016-08-10,1.0,0.0,5.3,6,6
1083,Research & Development,Laboratory Technician,Male,26,2,Travel_Rarely,5,1,3955,Yes,94.8,18,Completed,Yes,Yes,Yes,2021-07-16,1.0,1.0,25.6,6,4
1084,Research & Development,Manufacturing Director,Male,30,3,Travel_Rarely,6,2,9957,Yes,80.7,7,Completed,Yes,Yes,Yes,2020-06-10,0.0,0.0,,7,4
1085,Research & Development,Research Scientist,Female,41,2,Travel_Rarely,10,1,3376,Yes,97.6,7,Completed,Yes,Yes,Yes,2016-08-09,0.0,0.0,,8,7
1088,Research & Development,Healthcare Representative,Female,38,1,Travel_Rarely,19,3,8823,Yes,98.4,18,Completed,Yes,Yes,Yes,2016-08-20,1.0,0.0,2.7,7,6
1092,Research & Development,Healthcare Representative,Male,40,4,Travel_Rarely,11,3,10322,Yes,95.8,7,Completed,Yes,Yes,Yes,2016-08-09,1.0,1.0,58.9,6,3
1094,Research & Development,Laboratory Technician,Male,27,5,Non-Travel,3,1,4621,Yes,95.0,18,Completed,Yes,Yes,Yes,2023-06-21,0.0,0.0,,3,3
1096,Research & Development,Manufacturing Director,Male,55,1,Travel_Frequently,3,3,10976,Yes,85.8,5,Completed,Yes,Yes,Yes,2023-06-08,0.0,0.0,,4,4
1097,Research & Development,Research Scientist,Female,28,3,Travel_Rarely,8,2,3660,Yes,86.0,14,Completed,Yes,Yes,Yes,2018-08-16,0.0,0.0,,5,5
1098,Human Resources,Human Resources,Male,44,2,Travel_Rarely,20,3,10482,Yes,98.6,10,Completed,Yes,Yes,Yes,2016-08-12,1.0,1.0,19.5,6,4
1099,Research & Development,Healthcare Representative,Male,33,3,Travel_Rarely,3,3,7119,Yes,89.1,15,Completed,Yes,Yes,Yes,2023-07-29,1.0,1.0,15.5,5,5
1100,Sales,Sales Executive,Male,35,3,Travel_Rarely,8,3,9582,Yes,90.5,7,Completed,Yes,Yes,Yes,2018-07-06,0.0,0.0,,8,6
1101,Research & Development,Research Scientist,Female,33,4,Travel_Frequently,13,2,4508,Yes,90.1,9,Completed,Yes,Yes,Yes,2016-08-11,1.0,0.0,1.0,8,6
1102,Research & Development,Laboratory Technician,Male,28,2,Travel_Rarely,4,1,2207,Yes,96.2,10,Completed,Yes,Yes,Yes,2022-07-30,1.0,0.0,11.9,6,6
1103,Research & Development,Healthcare Representative,Male,34,1,Travel_Frequently,6,2,7756,Yes,94.6,15,Completed,Yes,Yes,Yes,2020-08-06,1.0,0.0,0.6,4,4
1105,Sales,Sales Executive,Female,37,4,Travel_Rarely,1,2,6694,Yes,80.3,10,Completed,Yes,Yes,Yes,2025-12-08,1.0,0.0,3.4,6,5
1106,Research & Development,Laboratory Technician,Male,25,1,Travel_Rarely,7,1,3691,Yes,85.9,15,Completed,Yes,Yes,Yes,2019-06-28,1.0,0.0,1.5,7,7
1107,Research & Development,Laboratory Technician,Male,26,3,Travel_Rarely,1,1,2377,Yes,97.1,11,Completed,Yes,Yes,Yes,2025-12-25,4.0,1.0,9.925,3,2
1108,Research & Development,Research Scientist,Male,33,3,Travel_Rarely,2,1,2313,Yes,88.6,10,Completed,Yes,Yes,Yes,2024-06-19,0.0,0.0,,6,6
1109,Research & Development,Manager,Male,42,2,Travel_Rarely,22,4,17665,Yes,88.0,6,Completed,Yes,Yes,Yes,2016-08-08,1.0,0.0,10.3,3,3
1111,Research & Development,Laboratory Technician,Male,28,3,Travel_Frequently,1,1,2596,Yes,15.2,37,Delayed,No,Yes,Yes,,3.0,1.0,4.266666666666667,2,2
1113,Sales,Sales Executive,Male,50,4,Travel_Frequently,0,2,4728,Yes,85.3,10,Completed,Yes,Yes,Yes,2026-06-01,4.0,1.0,17.525,2,2
1114,Sales,Sales Executive,Female,33,3,Travel_Frequently,3,2,4302,Yes,91.6,14,Completed,Yes,Yes,Yes,2023-07-27,1.0,1.0,32.0,6,4
1115,Research & Development,Research Scientist,Male,34,4,Non-Travel,0,1,2979,Yes,87.2,8,Completed,Yes,Yes,Yes,2026-07-27,3.0,1.0,6.533333333333334,4,4
1116,Research & Development,Manager,Male,48,4,Non-Travel,5,4,16885,Yes,93.4,12,Completed,Yes,Yes,Yes,2021-08-10,1.0,0.0,11.3,5,4
1117,Sales,Sales Executive,Female,45,4,Non-Travel,15,2,5593,Yes,83.2,15,Completed,Yes,Yes,Yes,2016-08-17,0.0,0.0,,4,3
1118,Research & Development,Healthcare Representative,Male,52,4,Travel_Rarely,8,3,10445,Yes,98.5,16,Completed,Yes,Yes,Yes,2018-07-17,1.0,0.0,7.6,5,5
1119,Sales,Sales Executive,Male,38,4,Travel_Rarely,8,3,8740,Yes,86.2,6,Completed,Yes,Yes,Yes,2018-06-20,0.0,0.0,,7,6
1120,Research & Development,Research Scientist,Female,29,4,Travel_Rarely,7,1,2514,Yes,98.3,9,Completed,Yes,Yes,Yes,2019-07-02,1.0,0.0,3.2,5,4
1121,Research & Development,Manufacturing Director,Female,28,3,Travel_Rarely,9,3,7655,Yes,92.3,8,Completed,Yes,Yes,Yes,2017-07-18,0.0,0.0,,6,5
1124,Sales,Manager,Male,46,1,Travel_Rarely,12,4,17465,Yes,89.6,12,Completed,Yes,Yes,Yes,2016-08-14,0.0,0.0,,5,5
1125,Sales,Sales Executive,Male,38,2,Travel_Rarely,1,3,7351,Yes,94.0,12,Completed,Yes,Yes,Yes,2025-09-11,2.0,0.0,5.5,4,2
1126,Research & Development,Manufacturing Director,Female,43,3,Travel_Frequently,8,3,10820,Yes,90.8,15,Completed,Yes,Yes,Yes,2018-06-30,1.0,1.0,27.2,6,6
1127,Research & Development,Healthcare Representative,Male,39,3,Travel_Frequently,18,4,12169,Yes,84.4,8,Completed,Yes,Yes,Yes,2016-08-10,0.0,0.0,,4,3
1128,Research & Development,Research Director,Male,40,3,Travel_Rarely,20,5,19626,Yes,95.1,18,Completed,Yes,Yes,Yes,2016-08-20,0.0,0.0,,5,5
1131,Research & Development,Research Scientist,Female,21,1,Travel_Rarely,2,1,2070,Yes,81.6,12,Completed,Yes,Yes,Yes,2024-06-23,1.0,0.0,10.4,8,7
1132,Research & Development,Laboratory Technician,Male,39,3,Non-Travel,5,2,6782,Yes,94.1,6,Completed,Yes,Yes,Yes,2021-07-05,0.0,0.0,,8,6
1133,Research & Development,Manufacturing Director,Male,36,4,Non-Travel,11,2,7779,Yes,91.3,5,Completed,Yes,Yes,Yes,2016-08-07,0.0,0.0,,8,7
1135,Sales,Sales Representative,Male,31,3,Travel_Frequently,2,1,2791,Yes,91.0,13,Completed,Yes,Yes,Yes,2024-06-21,0.0,0.0,,7,5
1136,Research & Development,Research Scientist,Male,28,1,Travel_Rarely,5,1,3201,Yes,91.5,7,Completed,Yes,Yes,Yes,2021-07-27,1.0,0.0,3.8,7,5
1137,Sales,Sales Executive,Male,35,2,Travel_Frequently,5,2,4968,Yes,86.6,13,Completed,Yes,Yes,Yes,2021-08-04,0.0,0.0,,6,6
1138,Sales,Sales Executive,Male,49,4,Travel_Rarely,9,4,13120,Yes,82.3,8,Completed,Yes,Yes,Yes,2017-07-13,1.0,1.0,33.5,9,8
1140,Research & Development,Manufacturing Director,Male,34,2,Travel_Frequently,3,2,4033,Yes,91.7,6,Completed,Yes,Yes,Yes,2023-06-23,0.0,0.0,,7,6
1143,Research & Development,Research Scientist,Female,29,3,Travel_Frequently,7,1,3291,Yes,90.2,17,Completed,Yes,Yes,Yes,2019-06-23,0.0,0.0,,3,3
1148,Research & Development,Laboratory Technician,Male,42,3,Travel_Rarely,1,2,4272,Yes,90.3,12,Completed,Yes,Yes,Yes,2026-01-30,1.0,0.0,1.8,7,7
1150,Research & Development,Manufacturing Director,Male,29,1,Travel_Rarely,10,2,5056,Yes,81.2,12,Completed,Yes,Yes,Yes,2016-08-14,0.0,0.0,,7,7
1152,Human Resources,Human Resources,Male,38,3,Travel_Rarely,7,1,2844,Yes,96.1,16,Completed,Yes,Yes,Yes,2019-07-06,1.0,1.0,21.8,5,4
1154,Research & Development,Research Scientist,Male,28,3,Travel_Frequently,3,1,2703,Yes,87.9,18,Completed,Yes,Yes,Yes,2023-08-18,0.0,0.0,,3,2
1156,Research & Development,Laboratory Technician,Male,18,1,Non-Travel,0,1,1904,No,56.9,17,In Progress,Yes,Yes,Yes,,3.0,0.0,6.966666666666666,4,3
1157,Sales,Sales Executive,Female,33,4,Travel_Rarely,5,2,8224,Yes,99.9,6,Completed,Yes,Yes,Yes,2021-07-04,0.0,0.0,,6,5
1158,Research & Development,Laboratory Technician,Male,41,4,Travel_Rarely,1,1,4766,Yes,88.2,17,Completed,Yes,Yes,Yes,2025-10-21,1.0,1.0,18.3,2,2
1160,Research & Development,Laboratory Technician,Male,31,3,Travel_Frequently,2,1,2610,Yes,95.3,16,Completed,Yes,Yes,Yes,2024-08-08,0.0,0.0,,7,6
1161,Research & Development,Healthcare Representative,Female,37,2,Travel_Rarely,6,2,5731,Yes,99.3,10,Completed,Yes,Yes,Yes,2020-07-01,0.0,0.0,,8,8
1162,Research & Development,Research Scientist,Male,27,3,Travel_Rarely,4,1,2539,Yes,87.6,18,Completed,Yes,Yes,Yes,2022-06-23,0.0,0.0,,4,4
1163,Sales,Sales Executive,Female,34,1,Travel_Rarely,6,2,5714,Yes,98.1,11,Completed,Yes,Yes,Yes,2020-06-15,0.0,0.0,,9,8
1164,Human Resources,Human Resources,Male,35,4,Travel_Rarely,5,1,4323,Yes,93.7,15,Completed,Yes,Yes,Yes,2021-08-11,1.0,0.0,9.4,4,3
1165,Sales,Sales Executive,Female,29,1,Travel_Rarely,11,3,7336,Yes,90.8,15,Completed,Yes,Yes,Yes,2016-08-17,0.0,0.0,,5,4
1166,Research & Development,Research Director,Female,40,4,Travel_Frequently,18,3,13499,Yes,87.0,7,Completed,Yes,Yes,Yes,2016-08-09,0.0,0.0,,6,6
1167,Sales,Sales Executive,Male,42,3,Travel_Frequently,21,4,13758,Yes,87.9,7,Completed,Yes,Yes,Yes,2016-08-09,0.0,0.0,,5,4
1171,Sales,Sales Executive,Male,42,4,Travel_Rarely,6,2,5155,Yes,99.6,18,Completed,Yes,Yes,Yes,2020-07-04,0.0,0.0,,5,3
1172,Research & Development,Laboratory Technician,Male,35,4,Travel_Rarely,8,1,2258,Yes,95.1,9,Completed,Yes,Yes,Yes,2018-08-11,0.0,0.0,,7,5
1173,Research & Development,Laboratory Technician,Male,24,3,Travel_Rarely,4,1,3597,Yes,93.5,13,Completed,Yes,Yes,Yes,2022-07-16,1.0,0.0,10.3,7,5
1175,Research & Development,Laboratory Technician,Female,28,1,Travel_Rarely,1,1,2515,Yes,96.5,8,Completed,Yes,Yes,Yes,2025-10-24,1.0,1.0,56.2,7,7
1177,Research & Development,Laboratory Technician,Male,26,4,Travel_Rarely,8,1,4420,Yes,86.9,9,Completed,Yes,Yes,Yes,2018-07-13,1.0,0.0,1.1,9,9
1179,Sales,Sales Executive,Male,30,3,Travel_Rarely,10,2,6578,Yes,98.7,16,Completed,Yes,Yes,Yes,2016-08-18,0.0,0.0,,5,5
1180,Research & Development,Research Scientist,Female,40,2,Travel_Frequently,1,2,4422,Yes,93.2,14,Completed,Yes,Yes,Yes,2026-01-18,1.0,0.0,6.9,3,2
1182,Research & Development,Manufacturing Director,Male,35,3,Travel_Rarely,7,3,10274,Yes,98.7,5,Completed,Yes,Yes,Yes,2019-06-19,0.0,0.0,,5,5
1184,Research & Development,Healthcare Representative,Male,34,3,Travel_Frequently,13,2,5343,Yes,84.1,6,Completed,Yes,Yes,Yes,2016-08-08,2.0,0.0,10.600000000000001,4,3
1185,Research & Development,Laboratory Technician,Male,35,4,Travel_Frequently,2,1,2376,Yes,80.7,14,Completed,Yes,Yes,Yes,2024-07-07,0.0,0.0,,9,6
1188,Sales,Sales Executive,Female,43,3,Travel_Rarely,4,2,5346,Yes,94.1,5,Completed,Yes,Yes,Yes,2022-06-24,1.0,1.0,12.2,6,6
1190,Sales,Sales Representative,Female,32,1,Non-Travel,1,1,2827,Yes,88.0,8,Completed,Yes,Yes,Yes,2025-12-09,2.0,0.0,2.0,3,3
1191,Research & Development,Manager,Female,56,4,Travel_Rarely,5,5,19943,Yes,84.3,18,Completed,Yes,Yes,Yes,2021-07-16,2.0,0.0,6.1499999999999995,5,5
1192,Research & Development,Laboratory Technician,Female,29,1,Travel_Rarely,10,1,3131,Yes,81.1,13,Completed,Yes,Yes,Yes,2016-08-15,0.0,0.0,,4,3
1193,Research & Development,Research Scientist,Male,19,2,Travel_Rarely,1,1,2552,Yes,98.3,14,Completed,Yes,Yes,Yes,2025-12-03,0.0,0.0,,4,3
1195,Research & Development,Research Scientist,Female,45,3,Travel_Rarely,3,1,4477,Yes,91.5,17,Completed,Yes,Yes,Yes,2023-07-29,1.0,0.0,10.4,3,3
1196,Research & Development,Manufacturing Director,Female,37,3,Travel_Rarely,14,2,6474,Yes,96.4,8,Completed,Yes,Yes,Yes,2016-08-10,1.0,1.0,24.2,5,4
1198,Research & Development,Laboratory Technician,Male,20,3,Travel_Rarely,2,1,3033,Yes,97.5,15,Completed,Yes,Yes,Yes,2024-07-27,0.0,0.0,,5,4
1200,Research & Development,Research Scientist,Male,44,4,Travel_Rarely,6,1,2936,Yes,84.4,9,Completed,Yes,Yes,Yes,2020-07-08,2.0,0.0,6.8,5,5
1201,Research & Development,Manager,Female,53,2,Travel_Rarely,7,5,18606,Yes,81.2,14,Completed,Yes,Yes,Yes,2019-07-30,1.0,0.0,3.4,9,7
1202,Research & Development,Research Scientist,Female,29,1,Travel_Rarely,5,1,2168,Yes,94.7,7,Completed,Yes,Yes,Yes,2021-06-13,0.0,0.0,,7,6
1203,Research & Development,Research Scientist,Male,22,4,Travel_Frequently,0,1,2853,No,78.8,27,In Progress,Yes,No,Yes,,4.0,2.0,27.05,3,3
1204,Sales,Manager,Female,46,3,Travel_Rarely,26,4,17048,Yes,90.5,16,Completed,Yes,Yes,Yes,2016-08-18,0.0,0.0,,3,2
1206,Research & Development,Research Scientist,Male,44,3,Non-Travel,0,1,2290,Yes,86.0,7,Completed,Yes,Yes,Yes,2026-04-13,0.0,0.0,,4,4
1207,Human Resources,Human Resources,Male,33,3,Travel_Rarely,5,1,3600,Yes,90.8,8,Completed,Yes,Yes,Yes,2021-06-22,0.0,0.0,,6,6
1210,Research & Development,Research Scientist,Male,41,2,Non-Travel,1,1,2107,Yes,94.2,17,Completed,Yes,Yes,Yes,2025-12-23,1.0,0.0,3.5,4,4
1211,Sales,Sales Executive,Male,30,4,Travel_Rarely,4,2,4115,Yes,98.3,13,Completed,Yes,Yes,Yes,2022-07-16,1.0,0.0,2.2,8,5
1212,Sales,Sales Executive,Male,40,4,Travel_Frequently,0,2,4327,No,23.9,35,Delayed,Yes,No,Yes,,3.0,0.0,4.033333333333333,1,1
1215,Research & Development,Manager,Female,50,3,Travel_Frequently,2,4,17856,Yes,81.6,12,Completed,Yes,Yes,Yes,2024-07-02,0.0,0.0,,4,3
1216,Research & Development,Laboratory Technician,Male,28,4,Travel_Rarely,6,1,3196,Yes,87.4,13,Completed,Yes,Yes,Yes,2020-06-21,0.0,0.0,,6,5
1217,Research & Development,Research Director,Male,46,2,Travel_Rarely,4,5,19081,Yes,96.6,5,Completed,Yes,Yes,Yes,2022-06-21,0.0,0.0,,7,5
1218,Sales,Sales Executive,Male,35,4,Travel_Rarely,7,2,8966,Yes,87.5,14,Completed,Yes,Yes,Yes,2019-07-30,0.0,0.0,,4,4
1219,Research & Development,Laboratory Technician,Female,24,2,Travel_Rarely,1,1,2210,Yes,81.5,17,Completed,Yes,Yes,Yes,2025-09-17,1.0,0.0,2.9,2,2
1220,Sales,Sales Executive,Female,33,3,Travel_Frequently,10,2,4539,Yes,91.8,15,Completed,Yes,Yes,Yes,2016-08-17,0.0,0.0,,5,5
1221,Research & Development,Laboratory Technician,Male,36,4,Travel_Rarely,7,1,2741,Yes,84.3,8,Completed,Yes,Yes,Yes,2019-07-06,1.0,0.0,2.0,5,4
1224,Research & Development,Laboratory Technician,Male,30,4,Travel_Rarely,10,2,3491,Yes,98.1,9,Completed,Yes,Yes,Yes,2016-08-11,0.0,0.0,,6,5
1225,Research & Development,Research Scientist,Male,44,4,Travel_Rarely,20,2,4541,Yes,80.3,8,Completed,Yes,Yes,Yes,2016-08-10,0.0,0.0,,5,5
1226,Sales,Sales Representative,Male,20,3,Travel_Rarely,2,1,2678,Yes,82.3,17,Completed,Yes,Yes,Yes,2024-07-01,0.0,0.0,,4,4
1228,Research & Development,Manufacturing Director,Male,46,4,Travel_Rarely,6,2,7379,Yes,98.3,16,Completed,Yes,Yes,Yes,2020-07-18,1.0,0.0,5.7,4,4
1231,Human Resources,Human Resources,Male,42,5,Non-Travel,4,2,6272,Yes,94.1,11,Completed,Yes,Yes,Yes,2022-07-05,0.0,0.0,,7,7
1233,Sales,Sales Executive,Male,60,4,Travel_Rarely,11,2,5220,Yes,84.8,10,Completed,Yes,Yes,Yes,2016-08-12,0.0,0.0,,5,5
1234,Research & Development,Laboratory Technician,Female,32,3,Travel_Frequently,2,1,2743,Yes,85.7,12,Completed,Yes,Yes,Yes,2024-06-24,0.0,0.0,,6,5
1235,Research & Development,Research Scientist,Female,32,2,Travel_Frequently,8,2,4998,Yes,93.0,9,Completed,Yes,Yes,Yes,2018-07-08,0.0,0.0,,5,4
1237,Research & Development,Manufacturing Director,Female,36,3,Travel_Rarely,7,3,10252,Yes,87.2,12,Completed,Yes,Yes,Yes,2019-07-29,0.0,0.0,,9,7
1238,Research & Development,Research Scientist,Male,33,3,Travel_Rarely,14,1,2781,Yes,82.0,16,Completed,Yes,Yes,Yes,2016-08-18,1.0,0.0,2.5,3,3
1239,Sales,Sales Executive,Female,40,3,Travel_Rarely,5,2,6852,Yes,95.2,10,Completed,Yes,Yes,Yes,2021-07-12,0.0,0.0,,5,5
1240,Sales,Sales Executive,Male,25,4,Travel_Rarely,4,2,4950,Yes,84.1,10,Completed,Yes,Yes,Yes,2022-06-14,1.0,1.0,31.6,6,5
1241,Research & Development,Research Scientist,Male,30,3,Travel_Rarely,11,1,3579,Yes,80.9,18,Completed,Yes,Yes,Yes,2016-08-20,0.0,0.0,,6,6
1242,Research & Development,Research Director,Female,42,5,Travel_Frequently,1,3,13191,Yes,80.3,13,Completed,Yes,Yes,Yes,2025-12-20,2.0,0.0,6.75,5,5
1243,Sales,Sales Executive,Female,35,2,Non-Travel,13,3,10377,Yes,91.7,16,Completed,Yes,Yes,Yes,2016-08-18,0.0,0.0,,7,5
1244,Research & Development,Research Scientist,Male,27,3,Travel_Rarely,9,1,2235,Yes,85.9,8,Completed,Yes,Yes,Yes,2017-07-15,0.0,0.0,,7,6
1245,Research & Development,Manufacturing Director,Female,54,4,Travel_Frequently,5,3,10502,Yes,84.6,14,Completed,Yes,Yes,Yes,2021-07-25,2.0,0.0,5.15,4,2
1246,Research & Development,Research Scientist,Female,44,1,Travel_Rarely,10,1,2011,Yes,84.9,13,Completed,Yes,Yes,Yes,2016-08-15,1.0,0.0,5.7,4,4
1248,Research & Development,Research Scientist,Female,19,3,Non-Travel,1,1,1859,Yes,70.5,30,In Progress,Yes,No,Yes,,2.0,1.0,28.8,5,5
1249,Research & Development,Research Scientist,Female,29,3,Travel_Rarely,3,1,3760,Yes,92.8,12,Completed,Yes,Yes,Yes,2023-06-28,1.0,0.0,2.8,7,7
1250,Research & Development,Research Director,Male,54,3,Travel_Rarely,10,4,17779,Yes,83.4,17,Completed,Yes,Yes,Yes,2016-08-19,0.0,0.0,,5,4
1251,Research & Development,Healthcare Representative,Male,31,2,Travel_Rarely,6,2,6833,Yes,83.4,16,Completed,Yes,Yes,Yes,2020-07-26,1.0,0.0,1.6,4,4
1252,Research & Development,Healthcare Representative,Female,31,3,Travel_Rarely,10,2,6812,Yes,89.8,13,Completed,Yes,Yes,Yes,2016-08-15,0.0,0.0,,7,5
1254,Sales,Sales Executive,Female,59,3,Travel_Rarely,6,2,5171,Yes,99.1,13,Completed,Yes,Yes,Yes,2020-07-04,0.0,0.0,,6,6
1255,Research & Development,Research Director,Male,43,3,Travel_Rarely,8,5,19740,Yes,96.8,6,Completed,Yes,Yes,Yes,2018-08-06,0.0,0.0,,6,5
1256,Research & Development,Manager,Male,49,2,Travel_Rarely,1,5,18711,Yes,80.1,7,Completed,Yes,Yes,Yes,2025-08-21,0.0,0.0,,9,9
1257,Research & Development,Research Scientist,Male,36,3,Travel_Frequently,11,1,3692,Yes,92.6,6,Completed,Yes,Yes,Yes,2016-08-08,1.0,0.0,2.1,5,5
1258,Research & Development,Laboratory Technician,Male,48,2,Travel_Rarely,1,1,2559,Yes,84.4,12,Completed,Yes,Yes,Yes,2025-08-16,1.0,0.0,0.5,6,6
1259,Research & Development,Research Scientist,Male,27,2,Travel_Rarely,5,1,2517,Yes,81.2,15,Completed,Yes,Yes,Yes,2021-07-24,1.0,0.0,8.4,3,2
1260,Research & Development,Healthcare Representative,Male,29,3,Travel_Rarely,6,2,6623,Yes,98.7,12,Completed,Yes,Yes,Yes,2020-07-02,0.0,0.0,,6,4
1263,Research & Development,Research Director,Male,48,3,Travel_Rarely,1,5,18265,Yes,80.1,13,Completed,Yes,Yes,Yes,2025-08-30,1.0,0.0,8.5,3,2
1264,Research & Development,Research Director,Female,29,3,Travel_Rarely,7,4,16124,Yes,80.2,13,Completed,Yes,Yes,Yes,2019-07-20,1.0,0.0,7.8,7,6
1265,Research & Development,Research Scientist,Female,34,3,Travel_Rarely,1,1,2585,Yes,99.5,5,Completed,Yes,Yes,Yes,2025-08-06,1.0,1.0,19.7,5,5
1267,Sales,Manager,Male,44,3,Travel_Rarely,22,5,18213,Yes,96.3,15,Completed,Yes,Yes,Yes,2016-08-17,0.0,0.0,,6,5
1268,Sales,Sales Executive,Male,33,5,Travel_Rarely,9,3,8380,Yes,96.1,7,Completed,Yes,Yes,Yes,2017-07-13,1.0,0.0,3.2,9,6
1269,Research & Development,Research Scientist,Female,19,3,Travel_Rarely,1,1,2994,No,47.7,23,In Progress,Yes,Yes,Yes,,0.0,0.0,,3,3
1270,Research & Development,Research Scientist,Male,23,2,Travel_Rarely,1,1,1223,Yes,87.9,10,Completed,Yes,Yes,Yes,2025-11-13,1.0,0.0,3.7,6,6
1273,Sales,Sales Representative,Male,25,1,Travel_Frequently,1,1,1118,Yes,84.9,16,Completed,Yes,Yes,Yes,2025-11-06,2.0,1.0,34.1,5,3
1275,Research & Development,Research Scientist,Male,26,2,Travel_Rarely,8,1,2875,Yes,86.0,18,Completed,Yes,Yes,Yes,2018-08-06,1.0,1.0,31.6,3,3
1277,Sales,Manager,Female,45,3,Travel_Rarely,24,5,18824,Yes,81.6,18,Completed,Yes,Yes,Yes,2016-08-20,0.0,0.0,,3,3
1278,Research & Development,Healthcare Representative,Male,55,1,Non-Travel,33,4,13577,Yes,95.2,6,Completed,Yes,Yes,Yes,2016-08-08,1.0,0.0,1.2,3,3
1279,Research & Development,Laboratory Technician,Female,21,2,Travel_Frequently,2,1,2625,Yes,87.6,13,Completed,Yes,Yes,Yes,2024-07-19,0.0,0.0,,4,2
1280,Sales,Manager,Female,46,2,Travel_Rarely,11,5,18789,Yes,81.1,5,Completed,Yes,Yes,Yes,2016-08-07,0.0,0.0,,3,3
1281,Sales,Sales Executive,Female,34,3,Travel_Rarely,3,2,4538,Yes,83.4,12,Completed,Yes,Yes,Yes,2023-06-30,2.0,0.0,0.9,7,6
1282,Sales,Manager,Male,51,3,Travel_Frequently,29,5,19847,Yes,88.7,17,Completed,Yes,Yes,Yes,2016-08-19,1.0,0.0,0.9,5,5
1283,Research & Development,Manufacturing Director,Male,59,4,Travel_Rarely,9,3,10512,Yes,91.3,18,Completed,Yes,Yes,Yes,2017-07-30,0.0,0.0,,2,2
1285,Research & Development,Laboratory Technician,Female,34,3,Travel_Frequently,11,2,4444,Yes,97.9,5,Completed,Yes,Yes,Yes,2016-08-07,0.0,0.0,,6,3
1286,Research & Development,Laboratory Technician,Male,28,4,Travel_Frequently,4,1,2154,Yes,84.2,18,Completed,Yes,Yes,Yes,2022-08-05,2.0,2.0,31.05,5,4
1288,Research & Development,Manager,Male,44,2,Travel_Rarely,25,5,19190,Yes,97.8,12,Completed,Yes,Yes,Yes,2016-08-14,0.0,0.0,,4,3
1289,Human Resources,Human Resources,Male,34,3,Travel_Frequently,10,2,4490,Yes,80.9,6,Completed,Yes,Yes,Yes,2016-08-08,0.0,0.0,,6,6
1291,Research & Development,Research Scientist,Male,35,1,Travel_Rarely,3,1,3506,Yes,98.5,13,Completed,Yes,Yes,Yes,2023-07-02,1.0,1.0,60.3,8,7
1292,Research & Development,Research Scientist,Female,42,4,Travel_Rarely,1,2,2372,Yes,83.6,18,Completed,Yes,Yes,Yes,2025-09-28,2.0,2.0,21.35,3,2
1293,Sales,Sales Executive,Female,43,4,Travel_Rarely,21,3,10231,Yes,80.3,8,Completed,Yes,Yes,Yes,2016-08-10,0.0,0.0,,8,6
1294,Research & Development,Manufacturing Director,Female,36,4,Travel_Rarely,16,2,5410,Yes,82.9,18,Completed,Yes,Yes,Yes,2016-08-20,0.0,0.0,,4,4
1295,Research & Development,Healthcare Representative,Female,44,3,Travel_Rarely,10,3,7978,Yes,96.4,6,Completed,Yes,Yes,Yes,2016-08-08,0.0,0.0,,7,6
1296,Research & Development,Laboratory Technician,Male,28,3,Travel_Frequently,2,1,3867,Yes,83.2,8,Completed,Yes,Yes,Yes,2024-07-20,1.0,0.0,6.0,7,5
1297,Research & Development,Laboratory Technician,Female,51,2,Travel_Frequently,7,1,2838,Yes,96.7,11,Completed,Yes,Yes,Yes,2019-07-08,1.0,1.0,8.2,9,6
1298,Research & Development,Manufacturing Director,Female,30,2,Non-Travel,8,2,4695,Yes,97.9,10,Completed,Yes,Yes,Yes,2018-06-30,0.0,0.0,,9,9
1299,Research & Development,Laboratory Technician,Female,29,3,Travel_Rarely,7,1,3339,Yes,95.1,7,Completed,Yes,Yes,Yes,2019-07-16,0.0,0.0,,8,7
1301,Research & Development,Research Scientist,Male,28,3,Travel_Rarely,3,1,2080,Yes,99.8,16,Completed,Yes,Yes,Yes,2023-06-28,0.0,0.0,,3,3
1303,Research & Development,Research Scientist,Female,25,3,Travel_Rarely,2,1,2096,Yes,90.0,10,Completed,Yes,Yes,Yes,2024-08-05,0.0,0.0,,6,6
1304,Sales,Sales Executive,Male,32,3,Travel_Rarely,10,2,6209,Yes,82.0,8,Completed,Yes,Yes,Yes,2016-08-10,1.0,0.0,5.2,6,5
1306,Research & Development,Manager,Female,45,3,Travel_Frequently,0,5,18061,Yes,95.4,14,Completed,Yes,Yes,Yes,2026-07-16,1.0,0.0,2.0,4,4
1307,Research & Development,Manager,Female,39,4,Travel_Rarely,19,4,17123,Yes,99.4,10,Completed,Yes,Yes,Yes,2016-08-12,1.0,1.0,18.1,7,7
1308,Research & Development,Research Scientist,Male,58,4,Travel_Rarely,2,1,2372,Yes,92.7,17,Completed,Yes,Yes,Yes,2024-08-16,0.0,0.0,,6,6
1309,Research & Development,Laboratory Technician,Male,32,2,Travel_Rarely,10,2,4883,Yes,89.8,10,Completed,Yes,Yes,Yes,2016-08-12,0.0,0.0,,6,5
1310,Research & Development,Research Scientist,Male,39,3,Travel_Rarely,5,1,3904,Yes,98.8,11,Completed,Yes,Yes,Yes,2021-07-08,1.0,0.0,1.9,5,4
1311,Research & Development,Laboratory Technician,Female,30,3,Travel_Rarely,9,2,4627,Yes,93.6,15,Completed,Yes,Yes,Yes,2017-08-06,0.0,0.0,,3,3
1312,Research & Development,Healthcare Representative,Female,36,4,Travel_Rarely,7,3,7094,Yes,81.7,14,Completed,Yes,Yes,Yes,2019-07-23,0.0,0.0,,7,6
1314,Human Resources,Human Resources,Female,46,2,Travel_Rarely,7,1,3423,Yes,96.0,16,Completed,Yes,Yes,Yes,2019-07-31,0.0,0.0,,4,4
1315,Research & Development,Laboratory Technician,Female,28,3,Non-Travel,9,2,6674,Yes,81.6,7,Completed,Yes,Yes,Yes,2017-08-05,2.0,1.0,23.400000000000002,5,5
1317,Research & Development,Research Director,Female,50,3,Travel_Rarely,3,4,16880,Yes,94.2,15,Completed,Yes,Yes,Yes,2023-07-23,1.0,0.0,5.8,5,5
1318,Sales,Sales Executive,Male,40,4,Travel_Rarely,5,3,9094,Yes,94.8,10,Completed,Yes,Yes,Yes,2021-08-02,1.0,0.0,4.3,5,5
1319,Sales,Sales Executive,Male,52,3,Travel_Rarely,8,3,8446,Yes,82.1,5,Completed,Yes,Yes,Yes,2018-07-15,1.0,0.0,8.6,9,6
1321,Research & Development,Manager,Female,30,4,Travel_Rarely,9,3,11916,Yes,86.2,10,Completed,Yes,Yes,Yes,2017-06-13,0.0,0.0,,4,4
1322,Research & Development,Manufacturing Director,Male,39,2,Travel_Rarely,8,2,4534,Yes,85.4,7,Completed,Yes,Yes,Yes,2018-06-22,1.0,1.0,32.7,5,5
1324,Sales,Sales Executive,Female,31,4,Non-Travel,10,3,9852,Yes,83.7,12,Completed,Yes,Yes,Yes,2016-08-14,1.0,0.0,7.9,8,6
1329,Sales,Sales Executive,Male,41,2,Non-Travel,19,2,6151,Yes,91.1,11,Completed,Yes,Yes,Yes,2016-08-13,0.0,0.0,,4,4
1331,Sales,Sales Representative,Female,31,3,Travel_Frequently,3,1,2302,Yes,80.5,10,Completed,Yes,Yes,Yes,2023-08-05,0.0,0.0,,9,7
1333,Research & Development,Laboratory Technician,Male,44,3,Travel_Rarely,3,1,2362,Yes,81.9,14,Completed,Yes,Yes,Yes,2023-07-11,0.0,0.0,,5,5
1334,Research & Development,Manager,Male,42,1,Non-Travel,20,4,17861,Yes,86.5,11,Completed,Yes,Yes,Yes,2016-08-13,0.0,0.0,,4,4
1336,Research & Development,Manager,Female,55,2,Travel_Rarely,19,5,19187,Yes,85.8,11,Completed,Yes,Yes,Yes,2016-08-13,0.0,0.0,,3,3
1338,Human Resources,Manager,Male,56,4,Travel_Rarely,7,5,19717,Yes,81.7,13,Completed,Yes,Yes,Yes,2019-06-27,2.0,0.0,2.05,4,4
1340,Research & Development,Research Scientist,Male,40,2,Non-Travel,4,1,3544,Yes,99.9,8,Completed,Yes,Yes,Yes,2022-06-13,0.0,0.0,,6,6
1344,Research & Development,Healthcare Representative,Male,34,3,Travel_Rarely,9,3,8500,Yes,90.4,15,Completed,Yes,Yes,Yes,2017-07-12,0.0,0.0,,4,4
1346,Research & Development,Research Scientist,Male,40,3,Travel_Rarely,9,2,4661,Yes,83.4,9,Completed,Yes,Yes,Yes,2017-07-18,0.0,0.0,,6,5
1349,Sales,Sales Executive,Female,41,3,Travel_Frequently,9,2,4103,Yes,85.4,7,Completed,Yes,Yes,Yes,2017-07-21,1.0,0.0,3.1,7,7
1350,Research & Development,Research Scientist,Male,35,4,Travel_Frequently,9,2,4249,Yes,83.3,9,Completed,Yes,Yes,Yes,2017-08-07,2.0,0.0,6.25,6,6
1352,Human Resources,Manager,Male,51,3,Travel_Rarely,33,4,14026,Yes,86.0,17,Completed,Yes,Yes,Yes,2016-08-19,1.0,0.0,7.7,7,6
1355,Sales,Sales Executive,Female,38,2,Travel_Rarely,7,2,6893,Yes,87.2,8,Completed,Yes,Yes,Yes,2019-08-06,0.0,0.0,,6,6
1356,Sales,Sales Executive,Female,34,2,Travel_Rarely,10,2,6125,Yes,92.5,14,Completed,Yes,Yes,Yes,2016-08-16,0.0,0.0,,5,5
1358,Research & Development,Laboratory Technician,Male,25,1,Travel_Rarely,3,1,3669,Yes,83.9,6,Completed,Yes,Yes,Yes,2023-06-29,1.0,0.0,3.0,6,5
1360,Research & Development,Manufacturing Director,Female,58,4,Travel_Rarely,10,3,10008,Yes,86.1,11,Completed,Yes,Yes,Yes,2016-08-13,0.0,0.0,,5,5
1361,Research & Development,Laboratory Technician,Male,40,4,Travel_Rarely,4,1,2387,Yes,96.8,11,Completed,Yes,Yes,Yes,2022-07-22,0.0,0.0,,6,5
1362,Sales,Sales Executive,Female,36,3,Travel_Frequently,15,2,4639,Yes,97.2,12,Completed,Yes,Yes,Yes,2016-08-14,1.0,0.0,6.3,5,5
1363,Research & Development,Manufacturing Director,Male,48,3,Travel_Rarely,10,3,7898,Yes,88.6,18,Completed,Yes,Yes,Yes,2016-08-20,0.0,0.0,,4,4
1364,Sales,Sales Representative,Female,27,3,Travel_Rarely,1,1,2534,Yes,36.1,31,Delayed,No,No,Yes,,1.0,0.0,8.7,3,3
1367,Research & Development,Manufacturing Director,Female,51,2,Travel_Rarely,5,4,13142,Yes,86.3,11,Completed,Yes,Yes,Yes,2021-07-13,1.0,1.0,12.0,7,6
1368,Research & Development,Laboratory Technician,Female,18,3,Non-Travel,0,1,1611,Yes,93.9,12,Completed,Yes,Yes,Yes,2026-05-13,2.0,0.0,4.4,3,3
1369,Research & Development,Laboratory Technician,Female,35,3,Travel_Rarely,9,2,5363,Yes,95.6,10,Completed,Yes,Yes,Yes,2017-07-07,1.0,1.0,11.1,8,7
1371,Sales,Sales Executive,Male,27,1,Travel_Frequently,6,2,5071,Yes,85.6,17,Completed,Yes,Yes,Yes,2020-07-25,0.0,0.0,,4,4
1372,Sales,Sales Executive,Male,55,4,Travel_Rarely,19,4,13695,Yes,87.3,14,Completed,Yes,Yes,Yes,2016-08-16,0.0,0.0,,7,7
1373,Research & Development,Manufacturing Director,Male,56,3,Travel_Rarely,19,4,13402,Yes,91.8,13,Completed,Yes,Yes,Yes,2016-08-15,0.0,0.0,,3,3
1374,Research & Development,Research Scientist,Female,34,1,Non-Travel,5,1,2029,Yes,93.6,13,Completed,Yes,Yes,Yes,2021-08-03,0.0,0.0,,9,7
1375,Research & Development,Healthcare Representative,Female,40,1,Travel_Rarely,12,2,6377,Yes,99.1,12,Completed,Yes,Yes,Yes,2016-08-14,0.0,0.0,,5,3
1377,Research & Development,Laboratory Technician,Male,34,3,Travel_Rarely,8,2,5429,Yes,94.2,12,Completed,Yes,Yes,Yes,2018-06-15,0.0,0.0,,7,6
1379,Sales,Sales Representative,Female,31,3,Travel_Frequently,1,1,2785,Yes,81.4,18,Completed,Yes,Yes,Yes,2025-12-07,0.0,0.0,,4,4
1380,Sales,Sales Executive,Female,35,4,Travel_Frequently,4,2,4614,Yes,95.9,15,Completed,Yes,Yes,Yes,2022-06-27,0.0,0.0,,6,6
1382,Research & Development,Research Scientist,Male,38,3,Travel_Frequently,4,1,2610,Yes,82.8,9,Completed,Yes,Yes,Yes,2022-07-10,1.0,1.0,38.6,6,6
1383,Research & Development,Healthcare Representative,Female,34,4,Travel_Rarely,14,2,6687,Yes,85.1,7,Completed,Yes,Yes,Yes,2016-08-09,0.0,0.0,,7,5
1387,Sales,Sales Executive,Male,28,3,Travel_Rarely,5,2,4724,Yes,88.5,11,Completed,Yes,Yes,Yes,2021-06-28,1.0,0.0,3.6,8,6
1389,Research & Development,Manufacturing Director,Male,31,4,Travel_Rarely,10,2,6179,Yes,89.0,14,Completed,Yes,Yes,Yes,2016-08-16,0.0,0.0,,9,7
1390,Sales,Sales Executive,Male,39,4,Travel_Rarely,5,2,6120,Yes,91.6,13,Completed,Yes,Yes,Yes,2021-07-15,0.0,0.0,,4,4
1391,Sales,Sales Executive,Male,51,3,Travel_Frequently,4,3,10596,Yes,98.5,18,Completed,Yes,Yes,Yes,2022-07-18,0.0,0.0,,5,3
1392,Research & Development,Research Scientist,Female,41,3,Travel_Frequently,6,2,5467,Yes,88.4,5,Completed,Yes,Yes,Yes,2020-06-23,0.0,0.0,,9,6
1394,Research & Development,Research Scientist,Male,37,1,Travel_Rarely,6,1,2996,Yes,99.4,16,Completed,Yes,Yes,Yes,2020-06-28,0.0,0.0,,4,4
1395,Sales,Sales Executive,Male,33,1,Travel_Frequently,5,2,9998,Yes,96.2,14,Completed,Yes,Yes,Yes,2021-06-19,1.0,0.0,1.0,7,5
1396,Sales,Sales Executive,Male,32,1,Travel_Rarely,3,2,4078,Yes,98.3,6,Completed,Yes,Yes,Yes,2023-06-28,1.0,0.0,3.0,7,6
1397,Research & Development,Healthcare Representative,Male,39,2,Non-Travel,6,3,10920,Yes,85.0,15,Completed,Yes,Yes,Yes,2020-06-28,0.0,0.0,,6,6
1399,Sales,Sales Executive,Male,25,1,Travel_Rarely,3,2,6232,Yes,83.3,14,Completed,Yes,Yes,Yes,2023-07-24,1.0,1.0,17.5,5,4
1401,Research & Development,Manufacturing Director,Female,52,2,Travel_Frequently,5,4,13247,Yes,91.3,15,Completed,Yes,Yes,Yes,2021-08-14,1.0,0.0,10.8,4,4
1402,Research & Development,Research Scientist,Female,43,3,Travel_Rarely,20,2,4081,Yes,92.9,17,Completed,Yes,Yes,Yes,2016-08-19,0.0,0.0,,5,4
1403,Sales,Sales Executive,Female,27,3,Travel_Rarely,6,2,5769,Yes,99.3,11,Completed,Yes,Yes,Yes,2020-07-22,1.0,0.0,4.1,4,4
1405,Research & Development,Research Scientist,Female,27,4,Travel_Rarely,8,1,2394,Yes,80.2,9,Completed,Yes,Yes,Yes,2018-08-05,0.0,0.0,,6,4
1407,Research & Development,Research Scientist,Male,26,1,Travel_Rarely,4,1,3904,Yes,90.2,13,Completed,Yes,Yes,Yes,2022-07-31,0.0,0.0,,4,4
1408,Human Resources,Manager,Female,42,3,Travel_Rarely,20,4,16799,Yes,91.6,14,Completed,Yes,Yes,Yes,2016-08-16,0.0,0.0,,5,4
1409,Research & Development,Laboratory Technician,Female,52,4,Travel_Rarely,5,1,2950,Yes,88.9,11,Completed,Yes,Yes,Yes,2021-07-29,0.0,0.0,,4,3
1411,Research & Development,Laboratory Technician,Female,37,3,Travel_Rarely,3,1,3629,Yes,95.4,14,Completed,Yes,Yes,Yes,2023-07-17,0.0,0.0,,4,4
1412,Research & Development,Manufacturing Director,Male,35,2,Travel_Frequently,2,3,9362,Yes,90.0,10,Completed,Yes,Yes,Yes,2024-06-27,0.0,0.0,,4,4
1415,Research & Development,Laboratory Technician,Male,25,3,Travel_Rarely,3,1,3229,Yes,89.7,9,Completed,Yes,Yes,Yes,2023-08-09,0.0,0.0,,4,3
1417,Research & Development,Laboratory Technician,Male,26,3,Travel_Rarely,7,1,3578,Yes,98.4,6,Completed,Yes,Yes,Yes,2019-07-13,1.0,0.0,0.6,7,6
1419,Human Resources,Human Resources,Male,29,3,Travel_Rarely,10,3,7988,Yes,96.6,16,Completed,Yes,Yes,Yes,2016-08-18,0.0,0.0,,6,6
1420,Research & Development,Laboratory Technician,Male,49,2,Travel_Frequently,4,2,4284,Yes,87.0,10,Completed,Yes,Yes,Yes,2022-08-02,1.0,0.0,10.3,3,2
1421,Research & Development,Healthcare Representative,Female,29,1,Travel_Frequently,8,3,7553,Yes,95.7,13,Completed,Yes,Yes,Yes,2018-07-17,0.0,0.0,,9,4
1422,Research & Development,Research Director,Female,54,3,Travel_Rarely,20,4,17328,Yes,87.0,6,Completed,Yes,Yes,Yes,2016-08-08,0.0,0.0,,6,5
1423,Research & Development,Research Director,Female,58,3,Travel_Rarely,9,5,19701,Yes,94.4,12,Completed,Yes,Yes,Yes,2017-07-17,1.0,0.0,6.7,3,1
1424,Research & Development,Research Director,Male,55,4,Travel_Rarely,7,4,14732,Yes,81.3,5,Completed,Yes,Yes,Yes,2019-07-18,0.0,0.0,,9,7
1425,Sales,Sales Executive,Female,36,4,Travel_Rarely,5,2,9278,Yes,94.2,5,Completed,Yes,Yes,Yes,2021-06-16,0.0,0.0,,6,5
1427,Sales,Sales Representative,Female,31,4,Travel_Frequently,1,1,1359,Yes,93.5,7,Completed,Yes,Yes,Yes,2025-11-13,0.0,0.0,,4,3
1428,Sales,Sales Executive,Female,30,4,Travel_Rarely,3,2,4779,Yes,99.7,8,Completed,Yes,Yes,Yes,2023-06-11,0.0,0.0,,5,4
1430,Research & Development,Research Director,Female,31,5,Travel_Rarely,3,4,16422,Yes,83.5,7,Completed,Yes,Yes,Yes,2023-07-06,0.0,0.0,,7,5
1431,Research & Development,Research Scientist,Male,34,4,Travel_Frequently,4,1,2996,Yes,91.2,12,Completed,Yes,Yes,Yes,2022-07-23,0.0,0.0,,5,3
1433,Research & Development,Research Scientist,Female,31,3,Travel_Rarely,1,1,1261,Yes,92.6,7,Completed,Yes,Yes,Yes,2025-12-11,1.0,0.0,1.9,6,5
1434,Research & Development,Laboratory Technician,Male,27,1,Travel_Rarely,5,1,2099,Yes,93.1,11,Completed,Yes,Yes,Yes,2021-07-03,0.0,0.0,,7,6
1435,Research & Development,Laboratory Technician,Male,36,4,Travel_Rarely,10,2,5810,Yes,94.7,8,Completed,Yes,Yes,Yes,2016-08-10,0.0,0.0,,4,4
1436,Sales,Sales Executive,Female,36,4,Travel_Rarely,3,2,5647,Yes,91.8,11,Completed,Yes,Yes,Yes,2023-07-15,0.0,0.0,,6,6
1438,Research & Development,Research Scientist,Male,47,3,Travel_Rarely,6,1,3420,Yes,94.1,8,Completed,Yes,Yes,Yes,2020-08-09,0.0,0.0,,8,8
1439,Sales,Sales Representative,Male,25,2,Travel_Rarely,3,1,4400,Yes,95.0,17,Completed,Yes,Yes,Yes,2023-08-01,0.0,0.0,,4,3
1440,Research & Development,Laboratory Technician,Male,37,2,Non-Travel,6,1,3500,Yes,81.3,6,Completed,Yes,Yes,Yes,2020-06-18,0.0,0.0,,5,4
1441,Research & Development,Research Scientist,Female,56,2,Travel_Rarely,3,1,2066,Yes,97.4,7,Completed,Yes,Yes,Yes,2023-06-18,0.0,0.0,,5,4
1443,Research & Development,Research Director,Female,47,4,Travel_Rarely,20,4,17169,Yes,86.5,12,Completed,Yes,Yes,Yes,2016-08-14,0.0,0.0,,9,7
1445,Sales,Sales Executive,Female,24,1,Travel_Rarely,5,2,4162,Yes,85.2,18,Completed,Yes,Yes,Yes,2021-08-12,0.0,0.0,,6,6
1446,Sales,Sales Executive,Male,32,5,Travel_Rarely,4,2,9204,Yes,90.6,15,Completed,Yes,Yes,Yes,2022-07-16,1.0,0.0,3.1,2,2
1447,Research & Development,Laboratory Technician,Female,34,3,Travel_Rarely,5,1,3294,Yes,91.9,14,Completed,Yes,Yes,Yes,2021-07-26,0.0,0.0,,6,6
1448,Research & Development,Research Scientist,Male,41,5,Travel_Rarely,4,1,2127,Yes,91.7,10,Completed,Yes,Yes,Yes,2022-07-17,1.0,0.0,1.6,5,3
1449,Research & Development,Laboratory Technician,Male,40,4,Non-Travel,8,2,3975,Yes,96.9,14,Completed,Yes,Yes,Yes,2018-07-25,0.0,0.0,,8,7
1453,Sales,Sales Executive,Male,31,2,Travel_Rarely,13,3,10793,Yes,96.3,16,Completed,Yes,Yes,Yes,2016-08-18,0.0,0.0,,4,4
1457,Sales,Sales Executive,Male,46,3,Travel_Rarely,7,3,10096,Yes,85.9,14,Completed,Yes,Yes,Yes,2019-06-26,0.0,0.0,,5,3
1458,Research & Development,Laboratory Technician,Female,39,3,Non-Travel,1,1,3646,Yes,82.7,6,Completed,Yes,Yes,Yes,2025-09-09,3.0,1.0,11.466666666666667,4,3
1459,Research & Development,Manufacturing Director,Female,31,5,Travel_Frequently,10,3,7446,Yes,86.1,7,Completed,Yes,Yes,Yes,2016-08-09,0.0,0.0,,7,5
1460,Research & Development,Healthcare Representative,Male,45,3,Travel_Rarely,7,3,10851,Yes,93.9,13,Completed,Yes,Yes,Yes,2019-07-23,0.0,0.0,,5,5
1461,Human Resources,Human Resources,Female,31,2,Travel_Rarely,3,1,2109,Yes,88.4,7,Completed,Yes,Yes,Yes,2023-07-15,0.0,0.0,,3,3
1464,Research & Development,Laboratory Technician,Male,31,3,Travel_Frequently,2,1,3722,Yes,87.7,7,Completed,Yes,Yes,Yes,2024-07-02,0.0,0.0,,7,5
1465,Research & Development,Manufacturing Director,Male,45,3,Travel_Rarely,3,3,9380,Yes,92.7,16,Completed,Yes,Yes,Yes,2023-07-17,2.0,0.0,3.45,4,4
1466,Sales,Sales Executive,Male,48,3,Travel_Rarely,2,2,5486,Yes,92.9,7,Completed,Yes,Yes,Yes,2024-06-10,1.0,0.0,10.6,8,5
1467,Human Resources,Human Resources,Female,34,4,Travel_Rarely,2,1,2742,Yes,83.3,9,Completed,Yes,Yes,Yes,2024-07-05,0.0,0.0,,9,7
1468,Research & Development,Research Director,Male,40,1,Non-Travel,9,3,13757,Yes,83.7,18,Completed,Yes,Yes,Yes,2017-08-12,1.0,0.0,1.1,7,7
1469,Sales,Sales Executive,Male,28,3,Travel_Rarely,5,2,8463,Yes,92.4,18,Completed,Yes,Yes,Yes,2021-07-22,0.0,0.0,,6,4
1471,Research & Development,Laboratory Technician,Male,44,3,Non-Travel,5,1,3162,Yes,99.0,12,Completed,Yes,Yes,Yes,2021-07-22,0.0,0.0,,5,4
1472,Research & Development,Research Director,Male,53,3,Travel_Rarely,9,4,16598,Yes,83.9,11,Completed,Yes,Yes,Yes,2017-08-05,1.0,0.0,12.0,4,3
1473,Research & Development,Healthcare Representative,Male,49,4,Travel_Rarely,3,2,6651,Yes,90.1,12,Completed,Yes,Yes,Yes,2023-07-09,0.0,0.0,,8,7
1474,Research & Development,Research Scientist,Male,40,3,Travel_Rarely,3,1,2345,Yes,93.7,11,Completed,Yes,Yes,Yes,2023-07-17,0.0,0.0,,4,3
1475,Research & Development,Research Scientist,Male,44,3,Travel_Rarely,5,1,3420,Yes,96.8,12,Completed,Yes,Yes,Yes,2021-06-29,1.0,0.0,11.8,4,3
1477,Sales,Sales Executive,Male,33,3,Travel_Frequently,4,2,4373,Yes,81.7,5,Completed,Yes,Yes,Yes,2022-07-27,0.0,0.0,,5,5
1478,Sales,Sales Executive,Male,34,3,Travel_Rarely,13,2,4759,Yes,95.2,9,Completed,Yes,Yes,Yes,2016-08-11,1.0,0.0,3.9,7,7
1479,Sales,Sales Executive,Male,30,1,Travel_Rarely,2,2,5301,Yes,85.5,13,Completed,Yes,Yes,Yes,2024-08-11,1.0,0.0,3.0,5,5
1480,Research & Development,Laboratory Technician,Female,42,2,Travel_Frequently,12,1,3673,Yes,83.4,12,Completed,Yes,Yes,Yes,2016-08-14,0.0,0.0,,5,5
1481,Sales,Sales Executive,Female,44,5,Travel_Frequently,1,2,4768,Yes,95.3,13,Completed,Yes,Yes,Yes,2025-09-23,2.0,0.0,7.15,4,3
1482,Research & Development,Research Scientist,Male,30,3,Non-Travel,1,1,1274,Yes,82.3,17,Completed,Yes,Yes,Yes,2025-10-11,3.0,0.0,6.233333333333333,4,4
1483,Research & Development,Research Scientist,Male,57,2,Travel_Rarely,12,2,4900,Yes,96.5,10,Completed,Yes,Yes,Yes,2016-08-12,0.0,0.0,,8,6
1484,Research & Development,Healthcare Representative,Male,49,4,Travel_Rarely,8,3,10466,Yes,96.5,5,Completed,Yes,Yes,Yes,2018-07-04,0.0,0.0,,6,3
1485,Research & Development,Research Director,Male,34,3,Travel_Frequently,14,4,17007,Yes,94.4,13,Completed,Yes,Yes,Yes,2016-08-15,0.0,0.0,,5,4
1486,Sales,Sales Representative,Male,28,3,Travel_Frequently,3,1,2909,Yes,99.8,6,Completed,Yes,Yes,Yes,2023-07-25,1.0,0.0,2.6,7,6
1487,Sales,Sales Executive,Female,29,3,Travel_Frequently,5,2,5765,Yes,96.6,17,Completed,Yes,Yes,Yes,2021-07-02,1.0,1.0,25.8,7,5
1489,Sales,Sales Executive,Female,34,4,Travel_Rarely,15,2,4599,Yes,86.0,5,Completed,Yes,Yes,Yes,2016-08-07,1.0,0.0,3.9,9,8
1492,Sales,Sales Representative,Male,35,1,Travel_Rarely,1,1,2404,Yes,97.2,6,Completed,Yes,Yes,Yes,2025-10-15,0.0,0.0,,9,7
1494,Research & Development,Laboratory Technician,Male,24,3,Travel_Frequently,0,1,3172,Yes,43.4,43,Delayed,Yes,Yes,Yes,,1.0,0.0,1.2,2,2
1495,Sales,Sales Representative,Female,24,2,Non-Travel,1,1,2033,Yes,94.2,15,Completed,Yes,Yes,Yes,2025-08-24,2.0,1.0,33.849999999999994,5,4
1496,Research & Development,Manufacturing Director,Male,44,1,Travel_Frequently,2,3,10209,Yes,83.3,7,Completed,Yes,Yes,Yes,2024-07-11,1.0,1.0,8.6,4,4
1497,Sales,Sales Executive,Male,29,3,Travel_Rarely,10,2,8620,Yes,84.1,8,Completed,Yes,Yes,Yes,2016-08-10,1.0,0.0,10.9,5,4
1499,Human Resources,Human Resources,Male,30,3,Travel_Rarely,5,1,2064,Yes,81.2,10,Completed,Yes,Yes,Yes,2021-06-21,0.0,0.0,,6,5
1501,Research & Development,Healthcare Representative,Male,55,4,Travel_Rarely,3,2,4035,Yes,85.6,13,Completed,Yes,Yes,Yes,2023-07-11,1.0,1.0,17.0,5,5
1502,Research & Development,Laboratory Technician,Female,33,4,Travel_Rarely,5,1,3838,Yes,86.5,16,Completed,Yes,Yes,Yes,2021-08-07,0.0,0.0,,3,2
1503,Sales,Sales Executive,Female,47,3,Travel_Rarely,5,2,4591,Yes,85.8,9,Completed,Yes,Yes,Yes,2021-07-23,0.0,0.0,,8,6
1504,Research & Development,Laboratory Technician,Male,28,2,Travel_Frequently,0,1,2561,No,47.2,33,Delayed,Yes,Yes,No,,1.0,0.0,3.4,3,3
1506,Research & Development,Research Scientist,Male,28,3,Travel_Rarely,1,1,1563,Yes,97.3,8,Completed,Yes,Yes,Yes,2025-08-26,0.0,0.0,,9,6
1507,Sales,Sales Executive,Male,28,3,Travel_Frequently,4,2,4898,Yes,94.2,18,Completed,Yes,Yes,Yes,2022-08-10,1.0,0.0,1.9,5,4
1509,Research & Development,Laboratory Technician,Female,49,2,Travel_Rarely,3,2,4789,Yes,95.2,15,Completed,Yes,Yes,Yes,2023-08-01,1.0,1.0,34.8,5,4
1513,Research & Development,Laboratory Technician,Female,29,1,Travel_Frequently,3,1,3180,Yes,89.8,14,Completed,Yes,Yes,Yes,2023-07-21,2.0,0.0,1.85,3,2
1514,Research & Development,Manufacturing Director,Male,28,1,Travel_Rarely,8,2,6549,Yes,85.4,11,Completed,Yes,Yes,Yes,2018-07-04,1.0,1.0,14.9,7,5
1515,Research & Development,Healthcare Representative,Male,33,5,Travel_Rarely,0,2,6388,Yes,92.7,17,Completed,Yes,Yes,Yes,2026-05-03,4.0,1.0,8.525,4,3
1516,Research & Development,Manager,Male,32,3,Travel_Rarely,5,3,11244,Yes,88.1,16,Completed,Yes,Yes,Yes,2021-08-12,0.0,0.0,,3,3
1520,Research & Development,Manager,Female,54,4,Travel_Frequently,14,4,16032,Yes,93.9,10,Completed,Yes,Yes,Yes,2016-08-12,0.0,0.0,,5,4
1522,Research & Development,Research Scientist,Male,29,4,Travel_Rarely,9,1,2362,Yes,99.0,10,Completed,Yes,Yes,Yes,2017-07-14,0.0,0.0,,6,5
1523,Research & Development,Research Director,Male,44,3,Travel_Rarely,20,4,16328,Yes,80.0,17,Completed,Yes,Yes,Yes,2016-08-19,0.0,0.0,,5,4
1525,Research & Development,Manufacturing Director,Female,39,3,Travel_Rarely,2,3,8376,Yes,94.7,16,Completed,Yes,Yes,Yes,2024-06-23,1.0,0.0,1.8,5,5
1527,Sales,Manager,Female,46,3,Travel_Rarely,13,4,16606,Yes,92.7,16,Completed,Yes,Yes,Yes,2016-08-18,1.0,1.0,25.5,2,2
1529,Research & Development,Healthcare Representative,Female,35,3,Travel_Rarely,11,3,8606,Yes,97.0,17,Completed,Yes,Yes,Yes,2016-08-19,0.0,0.0,,3,3
1533,Research & Development,Laboratory Technician,Male,23,1,Travel_Rarely,4,2,2272,Yes,88.0,11,Completed,Yes,Yes,Yes,2022-07-09,0.0,0.0,,5,5
1534,Research & Development,Laboratory Technician,Male,40,4,Travel_Rarely,5,1,2018,Yes,84.2,9,Completed,Yes,Yes,Yes,2021-06-19,1.0,0.0,9.1,5,4
1535,Sales,Sales Executive,Male,34,3,Travel_Rarely,10,3,7083,Yes,96.6,10,Completed,Yes,Yes,Yes,2016-08-12,0.0,0.0,,3,2
1537,Research & Development,Research Scientist,Female,31,3,Travel_Frequently,7,1,4084,Yes,91.6,14,Completed,Yes,Yes,Yes,2019-07-12,0.0,0.0,,7,5
1539,Research & Development,Research Director,Male,50,5,Travel_Frequently,32,4,14411,Yes,89.7,10,Completed,Yes,Yes,Yes,2016-08-12,0.0,0.0,,4,4
1541,Sales,Sales Representative,Male,34,2,Travel_Rarely,11,1,2308,Yes,93.7,5,Completed,Yes,Yes,Yes,2016-08-07,0.0,0.0,,3,3
1542,Research & Development,Laboratory Technician,Male,42,3,Travel_Rarely,1,1,4841,Yes,95.7,12,Completed,Yes,Yes,Yes,2026-02-02,2.0,1.0,10.05,7,7
1543,Research & Development,Research Scientist,Male,37,3,Travel_Rarely,10,2,4285,Yes,82.5,18,Completed,Yes,Yes,Yes,2016-08-20,0.0,0.0,,4,4
1544,Research & Development,Healthcare Representative,Female,29,1,Travel_Rarely,7,2,9715,Yes,88.8,5,Completed,Yes,Yes,Yes,2019-07-28,0.0,0.0,,9,6
1545,Research & Development,Manufacturing Director,Male,33,3,Travel_Rarely,5,2,4320,Yes,84.0,16,Completed,Yes,Yes,Yes,2021-07-21,0.0,0.0,,6,5
1546,Research & Development,Research Scientist,Male,45,3,Travel_Rarely,5,1,2132,Yes,82.6,15,Completed,Yes,Yes,Yes,2021-06-19,1.0,0.0,3.6,2,1
1547,Research & Development,Healthcare Representative,Male,42,3,Travel_Frequently,20,3,10124,Yes,83.2,9,Completed,Yes,Yes,Yes,2016-08-11,0.0,0.0,,5,5
1548,Sales,Sales Executive,Male,40,2,Travel_Rarely,8,2,5473,Yes,93.1,9,Completed,Yes,Yes,Yes,2018-08-06,0.0,0.0,,4,4
1549,Research & Development,Laboratory Technician,Male,33,4,Travel_Rarely,15,2,5207,Yes,87.4,15,Completed,Yes,Yes,Yes,2016-08-17,0.0,0.0,,2,2
1550,Human Resources,Manager,Male,40,2,Travel_Rarely,21,4,16437,Yes,81.0,15,Completed,Yes,Yes,Yes,2016-08-17,0.0,0.0,,2,2
1551,Research & Development,Laboratory Technician,Male,24,2,Travel_Rarely,1,1,2296,Yes,95.1,11,Completed,Yes,Yes,Yes,2025-11-26,0.0,0.0,,5,5
1552,Research & Development,Healthcare Representative,Male,40,2,Non-Travel,2,2,4069,Yes,81.8,6,Completed,Yes,Yes,Yes,2024-06-26,1.0,0.0,2.3,4,3
1553,Research & Development,Healthcare Representative,Male,45,4,Travel_Rarely,10,3,7441,Yes,84.3,6,Completed,Yes,Yes,Yes,2016-08-08,2.0,0.0,2.0,5,3
1554,Sales,Sales Representative,Female,35,4,Travel_Rarely,5,1,2430,Yes,91.9,13,Completed,Yes,Yes,Yes,2021-08-06,2.0,1.0,12.399999999999999,3,3
1555,Research & Development,Research Scientist,Female,32,2,Travel_Rarely,7,2,5878,Yes,88.9,5,Completed,Yes,Yes,Yes,2019-06-25,1.0,1.0,25.9,7,7
1556,Sales,Sales Representative,Male,36,4,Travel_Rarely,3,1,2644,Yes,86.9,6,Completed,Yes,Yes,Yes,2023-06-24,0.0,0.0,,6,5
1557,Sales,Sales Executive,Female,48,4,Travel_Rarely,8,2,6439,Yes,88.4,7,Completed,Yes,Yes,Yes,2018-06-15,0.0,0.0,,7,5
1558,Research & Development,Research Scientist,Male,29,3,Travel_Rarely,1,1,2451,Yes,87.7,16,Completed,Yes,Yes,Yes,2025-10-18,1.0,1.0,18.5,4,4
1560,Sales,Sales Executive,Male,33,4,Travel_Rarely,2,2,6392,Yes,82.0,10,Completed,Yes,Yes,Yes,2024-06-20,1.0,0.0,1.8,7,6
1562,Sales,Sales Executive,Male,30,3,Travel_Rarely,10,2,9714,Yes,97.6,7,Completed,Yes,Yes,Yes,2016-08-09,0.0,0.0,,8,6
1563,Human Resources,Human Resources,Male,38,4,Travel_Frequently,6,2,6077,Yes,95.5,17,Completed,Yes,Yes,Yes,2020-07-25,0.0,0.0,,5,5
1564,Research & Development,Laboratory Technician,Male,35,3,Travel_Rarely,3,1,2450,Yes,82.7,15,Completed,Yes,Yes,Yes,2023-06-22,1.0,0.0,0.6,4,4
1568,Sales,Sales Executive,Male,30,4,Travel_Rarely,4,3,9250,Yes,81.4,14,Completed,Yes,Yes,Yes,2022-08-06,0.0,0.0,,7,6
1569,Research & Development,Laboratory Technician,Female,35,3,Travel_Rarely,1,1,2074,Yes,83.3,10,Completed,Yes,Yes,Yes,2026-02-09,3.0,1.0,3.366666666666667,2,2
1572,Research & Development,Manufacturing Director,Female,53,5,Travel_Rarely,33,3,10169,Yes,84.3,16,Completed,Yes,Yes,Yes,2016-08-18,0.0,0.0,,5,3
1573,Research & Development,Manufacturing Director,Male,38,3,Travel_Rarely,5,2,4855,Yes,98.4,14,Completed,Yes,Yes,Yes,2021-08-06,0.0,0.0,,7,6
1574,Research & Development,Research Scientist,Male,32,4,Non-Travel,6,2,4087,Yes,88.8,8,Completed,Yes,Yes,Yes,2020-06-27,0.0,0.0,,5,5
1576,Research & Development,Research Scientist,Female,48,4,Travel_Rarely,8,1,2367,Yes,97.9,7,Completed,Yes,Yes,Yes,2018-08-04,0.0,0.0,,6,6
1577,Research & Development,Research Scientist,Male,34,4,Travel_Rarely,1,1,2972,Yes,87.7,11,Completed,Yes,Yes,Yes,2026-01-12,1.0,1.0,71.9,6,4
1578,Sales,Manager,Male,55,5,Travel_Rarely,36,5,19586,Yes,95.8,8,Completed,Yes,Yes,Yes,2016-08-10,1.0,0.0,3.7,9,6
1580,Research & Development,Research Scientist,Male,34,4,Travel_Rarely,2,2,5484,Yes,92.9,8,Completed,Yes,Yes,Yes,2024-07-22,0.0,0.0,,4,4
1581,Research & Development,Research Scientist,Female,26,3,Travel_Rarely,1,1,2061,Yes,94.4,9,Completed,Yes,Yes,Yes,2025-09-22,1.0,0.0,11.8,8,5
1582,Sales,Sales Executive,Male,38,3,Travel_Rarely,9,2,9924,Yes,98.8,5,Completed,Yes,Yes,Yes,2017-06-19,0.0,0.0,,6,5
1583,Sales,Sales Executive,Female,38,3,Travel_Rarely,3,2,4198,Yes,96.9,9,Completed,Yes,Yes,Yes,2023-06-17,0.0,0.0,,3,3
1585,Sales,Sales Executive,Female,36,4,Travel_Rarely,1,2,6815,Yes,90.2,16,Completed,Yes,Yes,Yes,2025-12-27,0.0,0.0,,5,5
1586,Research & Development,Laboratory Technician,Male,29,1,Travel_Rarely,10,1,4723,Yes,85.9,5,Completed,Yes,Yes,Yes,2016-08-07,0.0,0.0,,4,4
1587,Research & Development,Healthcare Representative,Female,35,4,Travel_Rarely,5,2,6142,Yes,98.0,8,Completed,Yes,Yes,Yes,2021-06-20,1.0,0.0,3.3,6,4
1588,Sales,Sales Executive,Male,39,3,Travel_Rarely,7,3,8237,Yes,87.7,8,Completed,Yes,Yes,Yes,2019-07-10,1.0,0.0,0.8,4,4
1590,Research & Development,Healthcare Representative,Male,29,1,Travel_Frequently,6,2,8853,Yes,92.8,6,Completed,Yes,Yes,Yes,2020-07-07,1.0,0.0,9.8,6,6
1591,Sales,Manager,Male,50,3,Travel_Rarely,1,5,19331,Yes,77.3,19,In Progress,Yes,No,Yes,,1.0,0.0,5.9,2,2
1592,Research & Development,Research Scientist,Male,23,3,Travel_Rarely,2,1,2073,Yes,97.2,14,Completed,Yes,Yes,Yes,2024-07-21,1.0,0.0,8.2,8,7
1594,Research & Development,Laboratory Technician,Male,36,4,Travel_Frequently,3,2,5562,Yes,87.3,15,Completed,Yes,Yes,Yes,2023-07-21,1.0,0.0,3.6,3,3
1595,Research & Development,Manager,Male,42,2,Travel_Rarely,1,5,19613,Yes,99.1,17,Completed,Yes,Yes,Yes,2026-01-05,1.0,0.0,6.4,5,5
1596,Research & Development,Laboratory Technician,Male,35,3,Travel_Rarely,10,2,3407,Yes,80.3,6,Completed,Yes,Yes,Yes,2016-08-08,1.0,0.0,3.1,7,5
1597,Research & Development,Healthcare Representative,Male,34,4,Travel_Frequently,8,2,5063,Yes,85.2,5,Completed,Yes,Yes,Yes,2018-08-07,0.0,0.0,,5,5
1598,Sales,Sales Executive,Female,40,2,Travel_Rarely,5,2,4639,Yes,81.2,17,Completed,Yes,Yes,Yes,2021-06-20,0.0,0.0,,6,5
1599,Research & Development,Laboratory Technician,Male,43,3,Travel_Rarely,6,1,4876,Yes,90.1,15,Completed,Yes,Yes,Yes,2020-07-22,0.0,0.0,,6,5
1601,Research & Development,Laboratory Technician,Male,35,2,Travel_Rarely,1,1,2690,Yes,88.3,16,Completed,Yes,Yes,Yes,2025-08-19,1.0,0.0,6.9,5,4
1602,Sales,Manager,Male,46,4,Travel_Rarely,26,4,17567,Yes,81.6,13,Completed,Yes,Yes,Yes,2016-08-15,1.0,0.0,2.0,7,6
1604,Research & Development,Laboratory Technician,Male,28,3,Travel_Rarely,1,1,2408,Yes,85.5,9,Completed,Yes,Yes,Yes,2025-09-26,0.0,0.0,,3,3
1605,Research & Development,Research Scientist,Female,22,2,Non-Travel,4,1,2814,Yes,90.2,8,Completed,Yes,Yes,Yes,2022-08-04,1.0,0.0,8.8,7,5
1606,Research & Development,Healthcare Representative,Male,50,5,Travel_Frequently,30,4,11245,Yes,83.1,10,Completed,Yes,Yes,Yes,2016-08-12,2.0,0.0,1.85,5,4
1607,Research & Development,Research Scientist,Female,32,4,Travel_Rarely,3,1,3312,Yes,91.7,17,Completed,Yes,Yes,Yes,2023-07-24,1.0,1.0,71.9,5,5
1608,Research & Development,Research Director,Female,44,3,Travel_Rarely,22,5,19049,Yes,93.0,15,Completed,Yes,Yes,Yes,2016-08-17,1.0,0.0,1.5,6,3
1609,Research & Development,Research Scientist,Male,30,3,Travel_Rarely,6,1,2141,Yes,86.2,11,Completed,Yes,Yes,Yes,2020-08-08,1.0,1.0,29.2,8,5
1611,Research & Development,Laboratory Technician,Female,45,5,Travel_Rarely,10,2,5769,Yes,99.1,8,Completed,Yes,Yes,Yes,2016-08-10,1.0,1.0,14.4,8,5
1612,Sales,Sales Executive,Male,45,3,Non-Travel,10,2,4385,Yes,84.9,11,Completed,Yes,Yes,Yes,2016-08-13,0.0,0.0,,5,5
1613,Sales,Sales Executive,Male,31,4,Travel_Frequently,5,2,5332,Yes,89.1,14,Completed,Yes,Yes,Yes,2021-08-08,0.0,0.0,,5,4
1614,Research & Development,Manufacturing Director,Female,36,4,Travel_Rarely,3,2,4663,Yes,86.2,16,Completed,Yes,Yes,Yes,2023-08-14,0.0,0.0,,4,4
1615,Research & Development,Manufacturing Director,Male,34,4,Travel_Frequently,9,2,4724,Yes,94.8,6,Completed,Yes,Yes,Yes,2017-06-27,0.0,0.0,,8,6
1617,Research & Development,Laboratory Technician,Female,49,4,Travel_Rarely,9,1,3211,Yes,94.2,16,Completed,Yes,Yes,Yes,2017-08-18,0.0,0.0,,6,5
1618,Research & Development,Manufacturing Director,Male,39,5,Travel_Rarely,7,2,5377,Yes,83.3,10,Completed,Yes,Yes,Yes,2019-08-12,1.0,0.0,1.2,5,5
1619,Research & Development,Laboratory Technician,Male,27,3,Travel_Rarely,7,1,4066,Yes,90.3,18,Completed,Yes,Yes,Yes,2019-07-18,1.0,0.0,8.0,4,4
1621,Research & Development,Research Scientist,Male,35,5,Travel_Rarely,16,2,5208,Yes,85.2,10,Completed,Yes,Yes,Yes,2016-08-12,0.0,0.0,,8,5
1622,Research & Development,Manufacturing Director,Female,28,3,Travel_Rarely,5,2,4877,Yes,95.0,18,Completed,Yes,Yes,Yes,2021-08-11,0.0,0.0,,4,4
1623,Research & Development,Research Scientist,Male,21,1,Travel_Rarely,2,1,3117,Yes,94.7,6,Completed,Yes,Yes,Yes,2024-07-20,1.0,1.0,4.9,7,6
1624,Sales,Sales Representative,Female,18,2,Travel_Frequently,0,1,1569,Yes,88.6,13,Completed,Yes,Yes,Yes,2026-07-27,1.0,1.0,29.4,4,3
1625,Human Resources,Manager,Female,47,4,Travel_Rarely,5,5,19658,Yes,85.3,14,Completed,Yes,Yes,Yes,2021-08-11,0.0,0.0,,5,5
1627,Research & Development,Laboratory Technician,Male,39,2,Travel_Rarely,10,2,3069,Yes,81.5,12,Completed,Yes,Yes,Yes,2016-08-14,1.0,1.0,12.3,4,4
1628,Research & Development,Manufacturing Director,Female,40,3,Travel_Rarely,18,3,10435,Yes,87.2,12,Completed,Yes,Yes,Yes,2016-08-14,0.0,0.0,,4,3
1630,Research & Development,Healthcare Representative,Female,35,4,Non-Travel,14,2,4148,Yes,91.3,10,Completed,Yes,Yes,Yes,2016-08-12,0.0,0.0,,4,4
1631,Research & Development,Manufacturing Director,Male,37,3,Travel_Rarely,4,2,5768,Yes,85.1,6,Completed,Yes,Yes,Yes,2022-07-28,0.0,0.0,,5,4
1633,Research & Development,Manufacturing Director,Female,39,3,Travel_Frequently,9,2,5042,Yes,91.5,16,Completed,Yes,Yes,Yes,2017-06-22,0.0,0.0,,6,5
1635,Research & Development,Manufacturing Director,Female,45,2,Travel_Rarely,10,2,5770,Yes,84.6,13,Completed,Yes,Yes,Yes,2016-08-15,2.0,1.0,15.5,4,4
1638,Research & Development,Manufacturing Director,Female,38,2,Travel_Rarely,5,3,7756,Yes,80.9,18,Completed,Yes,Yes,Yes,2021-08-19,0.0,0.0,,4,4
1639,Sales,Sales Executive,Male,35,3,Travel_Rarely,13,3,10306,Yes,84.9,12,Completed,Yes,Yes,Yes,2016-08-14,0.0,0.0,,10,8
1640,Research & Development,Research Scientist,Female,37,3,Travel_Rarely,8,1,3936,Yes,87.7,7,Completed,Yes,Yes,Yes,2018-07-17,1.0,1.0,24.9,6,6
1641,Research & Development,Manufacturing Director,Female,40,3,Travel_Rarely,4,3,7945,Yes,98.6,18,Completed,Yes,Yes,Yes,2022-08-08,0.0,0.0,,5,4
1642,Human Resources,Human Resources,Male,44,5,Travel_Frequently,10,2,5743,Yes,91.1,16,Completed,Yes,Yes,Yes,2016-08-18,1.0,0.0,1.5,3,2
1644,Research & Development,Manager,Male,48,5,Travel_Frequently,2,4,15202,Yes,93.1,8,Completed,Yes,Yes,Yes,2024-06-22,0.0,0.0,,6,5
1645,Sales,Sales Executive,Male,35,2,Travel_Rarely,2,2,5440,Yes,85.0,16,Completed,Yes,Yes,Yes,2024-07-27,0.0,0.0,,3,2
1646,Research & Development,Research Scientist,Female,24,1,Travel_Frequently,6,1,3760,Yes,85.4,6,Completed,Yes,Yes,Yes,2020-07-18,0.0,0.0,,7,6
1647,Research & Development,Research Scientist,Female,27,3,Travel_Rarely,3,1,3517,Yes,87.5,13,Completed,Yes,Yes,Yes,2023-07-09,0.0,0.0,,6,4
1648,Research & Development,Research Scientist,Male,27,3,Travel_Frequently,4,1,2580,Yes,98.0,7,Completed,Yes,Yes,Yes,2022-06-26,1.0,1.0,30.2,6,6
1649,Research & Development,Laboratory Technician,Male,40,3,Travel_Rarely,4,1,2166,Yes,96.1,5,Completed,Yes,Yes,Yes,2022-07-23,1.0,0.0,1.2,4,4
1650,Sales,Sales Executive,Male,29,3,Travel_Rarely,5,2,5869,Yes,81.4,12,Completed,Yes,Yes,Yes,2021-07-19,1.0,0.0,11.5,8,6
1651,Research & Development,Healthcare Representative,Female,36,4,Travel_Rarely,3,3,8008,Yes,85.6,18,Completed,Yes,Yes,Yes,2023-06-25,0.0,0.0,,3,2
1653,Research & Development,Manufacturing Director,Male,25,1,Travel_Frequently,7,2,5206,Yes,86.5,13,Completed,Yes,Yes,Yes,2019-07-27,1.0,0.0,1.0,4,4
1654,Research & Development,Manufacturing Director,Male,39,3,Travel_Rarely,5,2,5295,Yes,80.2,8,Completed,Yes,Yes,Yes,2021-07-11,0.0,0.0,,5,4
1655,Research & Development,Research Director,Female,49,4,Travel_Rarely,4,4,16413,Yes,91.3,9,Completed,Yes,Yes,Yes,2022-07-23,1.0,1.0,32.6,8,6
1656,Research & Development,Research Director,Female,50,5,Travel_Rarely,14,3,13269,Yes,92.5,12,Completed,Yes,Yes,Yes,2016-08-14,0.0,0.0,,5,5
1657,Sales,Sales Representative,Female,20,3,Travel_Rarely,2,1,2783,Yes,91.8,12,Completed,Yes,Yes,Yes,2024-07-20,1.0,0.0,3.4,5,5
1658,Research & Development,Research Scientist,Female,34,3,Travel_Rarely,11,2,5433,Yes,95.5,16,Completed,Yes,Yes,Yes,2016-08-18,0.0,0.0,,5,5
1659,Research & Development,Laboratory Technician,Male,36,3,Travel_Rarely,4,1,2013,Yes,90.9,17,Completed,Yes,Yes,Yes,2022-06-22,1.0,0.0,4.6,2,2
1661,Research & Development,Healthcare Representative,Female,49,1,Travel_Rarely,15,4,13966,Yes,83.0,11,Completed,Yes,Yes,Yes,2016-08-13,0.0,0.0,,5,5
1662,Research & Development,Manufacturing Director,Female,36,4,Non-Travel,3,2,4374,Yes,84.7,10,Completed,Yes,Yes,Yes,2023-08-10,0.0,0.0,,6,5
1664,Research & Development,Healthcare Representative,Male,36,2,Travel_Rarely,5,2,6842,Yes,96.8,5,Completed,Yes,Yes,Yes,2021-06-27,1.0,0.0,2.9,7,6
1665,Research & Development,Manager,Female,54,5,Travel_Rarely,10,4,17426,Yes,86.7,17,Completed,Yes,Yes,Yes,2016-08-19,1.0,1.0,23.1,2,2
1666,Research & Development,Research Director,Male,43,2,Travel_Rarely,14,4,17603,Yes,87.5,16,Completed,Yes,Yes,Yes,2016-08-18,0.0,0.0,,2,1
1667,Sales,Sales Executive,Male,35,4,Travel_Frequently,11,2,4581,Yes,86.2,8,Completed,Yes,Yes,Yes,2016-08-10,1.0,1.0,19.5,8,4
1668,Research & Development,Research Scientist,Male,38,3,Travel_Frequently,13,2,4735,Yes,99.7,11,Completed,Yes,Yes,Yes,2016-08-13,0.0,0.0,,6,5
1669,Sales,Sales Executive,Male,29,3,Travel_Rarely,10,2,4187,Yes,99.2,7,Completed,Yes,Yes,Yes,2016-08-09,0.0,0.0,,5,5
1670,Sales,Sales Executive,Male,33,4,Travel_Rarely,6,2,5505,Yes,85.6,5,Completed,Yes,Yes,Yes,2020-06-22,1.0,0.0,4.5,9,8
1671,Research & Development,Research Scientist,Male,32,3,Travel_Rarely,9,2,5470,Yes,84.6,18,Completed,Yes,Yes,Yes,2017-06-23,0.0,0.0,,2,2
1673,Sales,Sales Executive,Female,31,4,Travel_Rarely,10,2,5476,Yes,88.3,10,Completed,Yes,Yes,Yes,2016-08-12,0.0,0.0,,6,4
1674,Research & Development,Laboratory Technician,Female,49,3,Travel_Rarely,2,1,2587,Yes,99.5,6,Completed,Yes,Yes,Yes,2024-07-08,0.0,0.0,,5,5
1675,Research & Development,Laboratory Technician,Female,38,3,Travel_Frequently,4,1,2440,Yes,81.9,7,Completed,Yes,Yes,Yes,2022-07-02,1.0,0.0,1.9,4,2
1676,Sales,Manager,Female,47,4,Travel_Rarely,3,4,15972,Yes,96.4,6,Completed,Yes,Yes,Yes,2023-06-28,0.0,0.0,,10,8
1677,Research & Development,Manager,Male,49,3,Travel_Rarely,8,4,15379,Yes,91.4,11,Completed,Yes,Yes,Yes,2018-07-07,0.0,0.0,,7,5
1678,Sales,Sales Executive,Male,41,2,Travel_Rarely,2,3,7082,Yes,99.3,8,Completed,Yes,Yes,Yes,2024-06-27,1.0,0.0,7.2,4,3
1680,Sales,Sales Representative,Male,20,1,Travel_Rarely,2,1,2728,Yes,85.2,10,Completed,Yes,Yes,Yes,2024-07-23,0.0,0.0,,6,6
1681,Sales,Sales Executive,Female,33,3,Non-Travel,6,2,5368,Yes,96.0,16,Completed,Yes,Yes,Yes,2020-06-19,1.0,0.0,3.4,5,5
1682,Research & Development,Healthcare Representative,Male,36,4,Travel_Rarely,3,2,5347,Yes,94.7,10,Completed,Yes,Yes,Yes,2023-06-19,0.0,0.0,,6,5
1683,Human Resources,Human Resources,Female,44,3,Travel_Rarely,2,1,3195,Yes,85.4,6,Completed,Yes,Yes,Yes,2024-07-09,0.0,0.0,,9,9
1684,Research & Development,Laboratory Technician,Male,23,1,Travel_Rarely,5,1,3989,Yes,84.1,17,Completed,Yes,Yes,Yes,2021-06-19,0.0,0.0,,5,5
1687,Research & Development,Laboratory Technician,Female,38,2,Travel_Rarely,0,1,3306,Yes,82.1,12,Completed,Yes,Yes,Yes,2026-03-06,1.0,0.0,0.8,6,5
1689,Research & Development,Healthcare Representative,Male,53,4,Travel_Rarely,4,3,7005,Yes,86.3,6,Completed,Yes,Yes,Yes,2022-07-09,1.0,0.0,1.3,6,5
1691,Sales,Sales Representative,Female,48,2,Travel_Frequently,9,1,2655,Yes,87.2,17,Completed,Yes,Yes,Yes,2017-07-16,1.0,0.0,10.5,6,4
1692,Research & Development,Laboratory Technician,Male,32,4,Travel_Rarely,1,1,1393,Yes,89.3,18,Completed,Yes,Yes,Yes,2025-12-28,2.0,1.0,11.049999999999999,2,2
1693,Research & Development,Laboratory Technician,Male,26,3,Non-Travel,7,1,2570,Yes,81.8,17,Completed,Yes,Yes,Yes,2019-08-12,2.0,1.0,2.75,5,4
1694,Research & Development,Research Scientist,Male,55,3,Travel_Rarely,4,1,3537,Yes,86.1,16,Completed,Yes,Yes,Yes,2022-07-05,0.0,0.0,,6,5
1696,Research & Development,Laboratory Technician,Male,34,2,Travel_Rarely,15,2,3986,Yes,92.1,8,Completed,Yes,Yes,Yes,2016-08-10,1.0,0.0,3.4,6,5
1697,Research & Development,Healthcare Representative,Male,60,4,Travel_Rarely,1,3,10883,Yes,94.2,10,Completed,Yes,Yes,Yes,2025-11-20,3.0,0.0,5.2,3,3
1698,Research & Development,Laboratory Technician,Male,33,3,Travel_Rarely,14,1,2028,Yes,90.3,15,Completed,Yes,Yes,Yes,2016-08-17,0.0,0.0,,7,5
1700,Sales,Sales Executive,Male,37,4,Travel_Frequently,6,2,9525,Yes,85.2,7,Completed,Yes,Yes,Yes,2020-07-20,0.0,0.0,,4,4
1701,Research & Development,Research Scientist,Female,34,3,Travel_Rarely,10,1,2929,Yes,99.0,18,Completed,Yes,Yes,Yes,2016-08-20,1.0,0.0,0.7,4,4
1702,Sales,Sales Representative,Male,23,3,Travel_Rarely,3,1,2275,Yes,91.1,13,Completed,Yes,Yes,Yes,2023-07-17,0.0,0.0,,7,5
1703,Research & Development,Healthcare Representative,Female,44,3,Travel_Rarely,8,3,7879,Yes,81.9,6,Completed,Yes,Yes,Yes,2018-07-24,1.0,1.0,33.8,3,3
1704,Research & Development,Research Scientist,Male,35,4,Travel_Frequently,5,1,4930,Yes,95.9,6,Completed,Yes,Yes,Yes,2021-06-17,0.0,0.0,,4,4
1706,Sales,Sales Executive,Male,43,3,Travel_Rarely,10,2,7847,Yes,81.2,17,Completed,Yes,Yes,Yes,2016-08-19,0.0,0.0,,6,5
1707,Research & Development,Research Scientist,Male,24,3,Travel_Rarely,5,1,4401,Yes,82.6,18,Completed,Yes,Yes,Yes,2021-08-05,0.0,0.0,,4,3
1708,Sales,Sales Executive,Male,41,3,Travel_Rarely,10,3,9241,Yes,87.4,15,Completed,Yes,Yes,Yes,2016-08-17,0.0,0.0,,6,4
1709,Research & Development,Laboratory Technician,Female,29,4,Travel_Rarely,5,1,2974,Yes,92.9,14,Completed,Yes,Yes,Yes,2021-06-16,0.0,0.0,,7,7
1710,Sales,Sales Representative,Female,36,4,Travel_Rarely,13,2,4502,Yes,85.2,18,Completed,Yes,Yes,Yes,2016-08-20,1.0,0.0,2.7,6,5
1712,Research & Development,Healthcare Representative,Male,45,1,Non-Travel,23,3,10748,Yes,80.4,6,Completed,Yes,Yes,Yes,2016-08-08,0.0,0.0,,4,4
1714,Human Resources,Human Resources,Male,24,1,Travel_Rarely,1,1,1555,Yes,43.7,25,In Progress,Yes,Yes,Yes,,3.0,0.0,3.633333333333333,3,3
1716,Sales,Sales Executive,Male,47,3,Travel_Frequently,23,4,12936,Yes,80.9,12,Completed,Yes,Yes,Yes,2016-08-14,0.0,0.0,,6,4
1718,Research & Development,Laboratory Technician,Male,26,4,Travel_Rarely,3,1,2305,Yes,83.4,14,Completed,Yes,Yes,Yes,2023-08-12,0.0,0.0,,7,6
1719,Research & Development,Research Director,Female,45,2,Travel_Rarely,21,4,16704,Yes,96.4,11,Completed,Yes,Yes,Yes,2016-08-13,0.0,0.0,,9,7
1720,Research & Development,Research Scientist,Male,32,3,Travel_Frequently,5,1,3433,Yes,80.6,15,Completed,Yes,Yes,Yes,2021-07-16,0.0,0.0,,7,7
1721,Research & Development,Laboratory Technician,Male,31,4,Travel_Rarely,5,1,3477,Yes,83.5,8,Completed,Yes,Yes,Yes,2021-07-13,0.0,0.0,,6,5
1722,Human Resources,Human Resources,Male,41,3,Non-Travel,3,2,6430,Yes,83.7,9,Completed,Yes,Yes,Yes,2023-06-13,1.0,0.0,2.7,5,5
1724,Research & Development,Manufacturing Director,Female,40,2,Travel_Rarely,1,2,6516,Yes,65.8,30,In Progress,Yes,Yes,Yes,,2.0,1.0,11.8,4,4
1725,Research & Development,Laboratory Technician,Male,24,1,Travel_Rarely,6,1,3907,Yes,97.7,12,Completed,Yes,Yes,Yes,2020-07-18,0.0,0.0,,7,6
1727,Research & Development,Healthcare Representative,Male,46,4,Travel_Rarely,10,2,5562,Yes,81.8,11,Completed,Yes,Yes,Yes,2016-08-13,0.0,0.0,,5,4
1728,Research & Development,Manufacturing Director,Male,35,4,Travel_Rarely,7,2,6883,Yes,88.4,15,Completed,Yes,Yes,Yes,2019-08-09,1.0,0.0,2.4,5,5
1729,Research & Development,Research Scientist,Male,30,1,Travel_Rarely,10,1,2862,Yes,95.9,8,Completed,Yes,Yes,Yes,2016-08-10,1.0,0.0,6.4,7,6
1731,Sales,Sales Executive,Male,47,4,Non-Travel,1,2,4978,No,31.8,40,Delayed,Yes,No,No,,1.0,1.0,4.9,2,2
1732,Sales,Sales Executive,Male,46,3,Travel_Rarely,10,3,10368,Yes,98.3,13,Completed,Yes,Yes,Yes,2016-08-15,0.0,0.0,,8,4
1733,Sales,Sales Executive,Male,36,5,Travel_Rarely,2,2,6134,Yes,87.8,7,Completed,Yes,Yes,Yes,2024-07-18,2.0,0.0,1.7000000000000002,3,3
1734,Sales,Sales Executive,Male,32,2,Travel_Rarely,0,2,6735,Yes,84.4,17,Completed,Yes,Yes,Yes,2026-08-01,1.0,0.0,1.1,6,6
1735,Research & Development,Laboratory Technician,Female,23,1,Travel_Rarely,3,1,3295,Yes,85.6,17,Completed,Yes,Yes,Yes,2023-06-30,0.0,0.0,,3,3
1736,Research & Development,Manufacturing Director,Female,31,1,Travel_Frequently,5,2,5238,Yes,90.6,17,Completed,Yes,Yes,Yes,2021-07-19,0.0,0.0,,6,6
1737,Research & Development,Laboratory Technician,Male,39,3,Non-Travel,9,2,6472,Yes,100.0,7,Completed,Yes,Yes,Yes,2017-07-03,0.0,0.0,,3,3
1739,Sales,Sales Executive,Male,32,3,Travel_Rarely,4,3,9610,Yes,85.0,8,Completed,Yes,Yes,Yes,2022-08-03,0.0,0.0,,5,4
1740,Sales,Manager,Male,40,4,Travel_Rarely,21,5,19833,Yes,90.7,17,Completed,Yes,Yes,Yes,2016-08-19,1.0,0.0,1.1,3,3
1744,Human Resources,Human Resources,Female,45,3,Travel_Rarely,5,3,9756,Yes,94.7,17,Completed,Yes,Yes,Yes,2021-06-21,0.0,0.0,,2,2
1745,Research & Development,Research Scientist,Female,30,4,Travel_Frequently,9,1,4968,Yes,84.4,18,Completed,Yes,Yes,Yes,2017-06-21,1.0,1.0,30.2,5,4
1746,Human Resources,Human Resources,Male,24,3,Travel_Frequently,2,1,2145,Yes,87.8,18,Completed,Yes,Yes,Yes,2024-06-28,0.0,0.0,,5,5
1747,Human Resources,Human Resources,Female,30,3,Travel_Frequently,4,1,2180,Yes,83.5,8,Completed,Yes,Yes,Yes,2022-06-16,2.0,0.0,5.75,5,4
1749,Sales,Sales Executive,Male,31,3,Travel_Rarely,5,2,8346,Yes,86.4,16,Completed,Yes,Yes,Yes,2021-07-11,0.0,0.0,,4,4
1751,Research & Development,Research Scientist,Female,27,3,Travel_Rarely,6,1,3445,Yes,87.2,14,Completed,Yes,Yes,Yes,2020-07-02,0.0,0.0,,4,4
1752,Sales,Sales Representative,Female,29,3,Travel_Rarely,2,1,2760,Yes,94.1,10,Completed,Yes,Yes,Yes,2024-08-09,0.0,0.0,,7,6
1753,Research & Development,Healthcare Representative,Male,29,3,Travel_Frequently,3,2,6294,Yes,91.4,7,Completed,Yes,Yes,Yes,2023-06-09,0.0,0.0,,3,3
1754,Sales,Sales Executive,Male,30,2,Travel_Rarely,7,3,7140,Yes,99.0,18,Completed,Yes,Yes,Yes,2019-07-15,0.0,0.0,,5,4
1755,Research & Development,Research Scientist,Male,34,4,Travel_Rarely,5,1,2932,Yes,97.6,12,Completed,Yes,Yes,Yes,2021-06-23,0.0,0.0,,4,4
1756,Sales,Sales Executive,Female,33,3,Non-Travel,11,2,5147,Yes,86.2,12,Completed,Yes,Yes,Yes,2016-08-14,0.0,0.0,,4,4
1757,Sales,Sales Executive,Female,49,4,Travel_Rarely,5,2,4507,Yes,81.8,8,Completed,Yes,Yes,Yes,2021-08-07,1.0,0.0,11.3,6,5
1758,Sales,Sales Executive,Female,33,3,Travel_Rarely,0,3,8564,Yes,90.5,5,Completed,Yes,Yes,Yes,2026-02-22,4.0,2.0,19.15,2,2
1760,Research & Development,Laboratory Technician,Female,38,2,Travel_Frequently,6,1,2468,Yes,98.4,8,Completed,Yes,Yes,Yes,2020-07-19,0.0,0.0,,6,5
1761,Sales,Sales Executive,Male,31,4,Travel_Rarely,1,3,8161,Yes,83.5,17,Completed,Yes,Yes,Yes,2026-01-16,0.0,0.0,,8,6
1762,Research & Development,Research Scientist,Female,29,3,Travel_Rarely,1,1,2109,Yes,83.0,16,Completed,Yes,Yes,Yes,2025-11-27,1.0,0.0,2.2,5,5
1763,Research & Development,Healthcare Representative,Male,30,3,Travel_Rarely,7,2,5294,Yes,82.8,6,Completed,Yes,Yes,Yes,2019-06-11,0.0,0.0,,6,5
1764,Research & Development,Research Scientist,Male,32,4,Non-Travel,7,1,2718,Yes,90.5,10,Completed,Yes,Yes,Yes,2019-06-19,1.0,0.0,2.1,5,4
1766,Research & Development,Healthcare Representative,Male,38,3,Travel_Rarely,1,2,5811,Yes,98.8,11,Completed,Yes,Yes,Yes,2026-01-25,1.0,1.0,64.4,4,4
1767,Research & Development,Research Scientist,Male,43,3,Travel_Frequently,1,1,2437,Yes,86.0,7,Completed,Yes,Yes,Yes,2025-09-11,2.0,1.0,11.9,7,4
1768,Research & Development,Laboratory Technician,Male,42,3,Travel_Rarely,5,1,2766,Yes,94.6,11,Completed,Yes,Yes,Yes,2021-08-02,1.0,0.0,7.8,6,5
1770,Research & Development,Research Director,Male,55,3,Travel_Rarely,1,5,19038,No,22.8,43,Delayed,No,Yes,No,,2.0,1.0,22.049999999999997,1,1
1771,Research & Development,Research Scientist,Male,33,3,Non-Travel,9,2,3055,Yes,83.5,9,Completed,Yes,Yes,Yes,2017-06-20,0.0,0.0,,4,4
1772,Research & Development,Laboratory Technician,Male,41,4,Travel_Rarely,5,1,2289,Yes,93.8,7,Completed,Yes,Yes,Yes,2021-06-23,0.0,0.0,,5,4
1774,Sales,Sales Executive,Male,34,3,Non-Travel,15,2,4001,Yes,94.6,16,Completed,Yes,Yes,Yes,2016-08-18,1.0,0.0,1.1,2,2
1775,Research & Development,Manufacturing Director,Female,53,4,Non-Travel,3,4,12965,Yes,91.5,18,Completed,Yes,Yes,Yes,2023-06-20,0.0,0.0,,2,2
1778,Human Resources,Human Resources,Male,43,3,Travel_Rarely,9,1,3539,Yes,99.3,5,Completed,Yes,Yes,Yes,2017-06-19,1.0,0.0,5.6,4,2
1779,Sales,Sales Executive,Female,34,2,Travel_Rarely,2,2,6029,Yes,92.0,17,Completed,Yes,Yes,Yes,2024-08-06,0.0,0.0,,3,3
1780,Sales,Sales Representative,Male,21,1,Travel_Rarely,1,1,2679,Yes,91.3,12,Completed,Yes,Yes,Yes,2025-09-10,0.0,0.0,,8,7
1782,Research & Development,Laboratory Technician,Female,38,2,Travel_Rarely,5,1,3702,Yes,86.6,6,Completed,Yes,Yes,Yes,2021-07-29,0.0,0.0,,9,9
1783,Research & Development,Laboratory Technician,Female,22,1,Travel_Rarely,1,1,2398,Yes,86.4,15,Completed,Yes,Yes,Yes,2025-12-18,1.0,0.0,10.3,3,3
1784,Sales,Sales Executive,Female,31,4,Travel_Rarely,12,2,5468,Yes,99.3,18,Completed,Yes,Yes,Yes,2016-08-20,0.0,0.0,,3,3
1786,Research & Development,Manager,Female,51,3,Travel_Rarely,2,3,13116,Yes,93.4,16,Completed,Yes,Yes,Yes,2024-07-02,0.0,0.0,,8,6
1787,Sales,Sales Executive,Male,37,2,Travel_Rarely,5,2,4189,Yes,86.7,5,Completed,Yes,Yes,Yes,2021-06-11,1.0,0.0,11.2,5,4
1789,Research & Development,Research Director,Male,46,4,Travel_Rarely,2,5,19328,Yes,84.2,16,Completed,Yes,Yes,Yes,2024-07-31,1.0,0.0,0.9,6,6
1790,Research & Development,Healthcare Representative,Male,36,3,Travel_Rarely,12,3,8321,Yes,87.0,17,Completed,Yes,Yes,Yes,2016-08-19,0.0,0.0,,3,3
1792,Research & Development,Research Scientist,Male,44,2,Travel_Frequently,5,1,2342,Yes,94.4,5,Completed,Yes,Yes,Yes,2021-07-31,0.0,0.0,,6,4
1794,Human Resources,Human Resources,Male,37,2,Travel_Rarely,10,2,4071,Yes,88.8,11,Completed,Yes,Yes,Yes,2016-08-13,0.0,0.0,,7,6
1797,Sales,Sales Executive,Male,35,3,Travel_Rarely,10,2,5813,Yes,97.7,12,Completed,Yes,Yes,Yes,2016-08-14,1.0,0.0,3.8,9,8
1798,Research & Development,Research Scientist,Male,33,4,Travel_Rarely,10,1,3143,Yes,87.6,13,Completed,Yes,Yes,Yes,2016-08-15,1.0,0.0,3.3,5,4
1799,Research & Development,Research Scientist,Male,28,3,Travel_Rarely,5,1,2044,Yes,82.0,12,Completed,Yes,Yes,Yes,2021-07-20,1.0,1.0,46.7,6,5
1800,Research & Development,Research Director,Male,39,1,Travel_Rarely,4,3,13464,Yes,97.3,15,Completed,Yes,Yes,Yes,2022-06-27,0.0,0.0,,6,5
1801,Sales,Sales Executive,Male,46,2,Non-Travel,2,2,7991,Yes,93.7,7,Completed,Yes,Yes,Yes,2024-06-20,0.0,0.0,,5,5
1802,Research & Development,Laboratory Technician,Female,40,2,Travel_Rarely,4,1,3377,Yes,81.5,18,Completed,Yes,Yes,Yes,2022-07-22,2.0,2.0,43.25,5,4
1803,Research & Development,Healthcare Representative,Male,42,3,Travel_Rarely,0,2,5538,Yes,86.4,6,Completed,Yes,Yes,Yes,2026-07-19,3.0,1.0,15.233333333333334,1,1
1804,Research & Development,Manufacturing Director,Male,35,2,Non-Travel,7,2,5762,Yes,86.8,11,Completed,Yes,Yes,Yes,2019-08-09,0.0,0.0,,6,6
1805,Human Resources,Human Resources,Male,38,3,Non-Travel,11,1,2592,Yes,94.6,13,Completed,Yes,Yes,Yes,2016-08-15,0.0,0.0,,5,3
1807,Research & Development,Laboratory Technician,Male,34,4,Travel_Frequently,7,2,5346,Yes,98.0,6,Completed,Yes,Yes,Yes,2019-06-09,2.0,0.0,3.4499999999999997,5,5
1809,Research & Development,Manufacturing Director,Male,37,4,Travel_Rarely,10,2,4213,Yes,91.9,14,Completed,Yes,Yes,Yes,2016-08-16,1.0,0.0,3.8,6,6
1812,Sales,Sales Executive,Male,39,3,Travel_Frequently,2,2,4127,Yes,89.7,5,Completed,Yes,Yes,Yes,2024-06-09,0.0,0.0,,7,6
1813,Research & Development,Research Scientist,Male,43,3,Non-Travel,3,1,2438,Yes,98.8,7,Completed,Yes,Yes,Yes,2023-07-12,1.0,0.0,5.6,5,4
1814,Research & Development,Healthcare Representative,Male,41,3,Travel_Rarely,3,2,6870,Yes,97.8,7,Completed,Yes,Yes,Yes,2023-07-01,0.0,0.0,,5,5
1815,Sales,Sales Executive,Female,41,1,Travel_Rarely,22,3,10447,Yes,82.0,8,Completed,Yes,Yes,Yes,2016-08-10,1.0,0.0,2.2,6,4
1816,Research & Development,Manufacturing Director,Female,30,3,Travel_Rarely,7,3,9667,Yes,88.2,13,Completed,Yes,Yes,Yes,2019-08-03,1.0,0.0,2.1,5,3
1818,Human Resources,Human Resources,Female,26,2,Travel_Rarely,5,1,2148,Yes,98.5,13,Completed,Yes,Yes,Yes,2021-06-29,1.0,0.0,3.1,3,3
1821,Research & Development,Healthcare Representative,Female,46,2,Travel_Rarely,9,2,8926,Yes,93.2,9,Completed,Yes,Yes,Yes,2017-07-26,0.0,0.0,,3,3
1822,Research & Development,Healthcare Representative,Female,40,3,Travel_Rarely,5,2,6513,Yes,81.9,11,Completed,Yes,Yes,Yes,2021-07-28,0.0,0.0,,7,6
1823,Sales,Sales Executive,Male,34,2,Travel_Rarely,10,2,6799,Yes,91.0,12,Completed,Yes,Yes,Yes,2016-08-14,1.0,1.0,29.5,7,5
1824,Sales,Manager,Male,58,3,Non-Travel,16,4,16291,Yes,81.1,5,Completed,Yes,Yes,Yes,2016-08-07,0.0,0.0,,7,5
1826,Research & Development,Laboratory Technician,Male,35,4,Travel_Rarely,5,1,2705,Yes,81.8,18,Completed,Yes,Yes,Yes,2021-07-23,1.0,0.0,11.3,4,4
1827,Research & Development,Manufacturing Director,Female,47,3,Travel_Rarely,22,3,10333,Yes,92.5,12,Completed,Yes,Yes,Yes,2016-08-14,0.0,0.0,,8,6
1829,Research & Development,Healthcare Representative,Female,40,3,Travel_Rarely,7,2,4448,Yes,81.9,8,Completed,Yes,Yes,Yes,2019-07-29,1.0,1.0,60.8,5,5
1830,Research & Development,Research Scientist,Female,54,4,Travel_Rarely,7,2,6854,Yes,92.8,6,Completed,Yes,Yes,Yes,2019-07-29,0.0,0.0,,7,6
1833,Sales,Sales Executive,Female,31,4,Travel_Frequently,3,3,9637,Yes,96.9,9,Completed,Yes,Yes,Yes,2023-07-11,0.0,0.0,,4,4
1834,Research & Development,Research Scientist,Female,28,3,Travel_Rarely,3,1,3591,Yes,87.9,12,Completed,Yes,Yes,Yes,2023-06-24,1.0,0.0,10.1,6,5
1835,Sales,Sales Representative,Female,38,4,Travel_Rarely,4,2,5405,Yes,93.2,6,Completed,Yes,Yes,Yes,2022-06-11,0.0,0.0,,6,3
1836,Sales,Sales Executive,Male,26,3,Travel_Rarely,5,2,4684,Yes,90.9,7,Completed,Yes,Yes,Yes,2021-06-28,0.0,0.0,,7,5
1837,Research & Development,Research Director,Male,58,4,Travel_Frequently,2,4,15787,Yes,97.7,10,Completed,Yes,Yes,Yes,2024-07-18,0.0,0.0,,9,6
1839,Research & Development,Research Scientist,Female,18,3,Non-Travel,0,1,1514,Yes,85.3,12,Completed,Yes,Yes,Yes,2026-06-16,1.0,0.0,2.6,4,4
1842,Human Resources,Human Resources,Male,31,5,Travel_Rarely,1,1,2956,Yes,85.4,5,Completed,Yes,Yes,Yes,2025-12-01,3.0,0.0,2.0,3,3
1844,Human Resources,Human Resources,Male,29,3,Travel_Rarely,2,1,2335,Yes,95.0,15,Completed,Yes,Yes,Yes,2024-08-06,1.0,0.0,4.0,3,3
1845,Sales,Sales Executive,Female,45,4,Non-Travel,8,2,5154,Yes,81.7,10,Completed,Yes,Yes,Yes,2018-08-06,2.0,1.0,8.9,5,5
1847,Research & Development,Research Scientist,Female,36,4,Travel_Rarely,1,2,6962,Yes,95.1,8,Completed,Yes,Yes,Yes,2025-09-24,3.0,0.0,4.8,1,1
1849,Sales,Sales Executive,Male,43,4,Travel_Frequently,7,2,5675,Yes,81.2,11,Completed,Yes,Yes,Yes,2019-07-09,2.0,1.0,8.7,4,2
1850,Research & Development,Laboratory Technician,Female,27,2,Travel_Frequently,5,1,2379,Yes,90.5,13,Completed,Yes,Yes,Yes,2021-06-23,0.0,0.0,,5,5
1852,Research & Development,Laboratory Technician,Male,29,1,Travel_Frequently,11,1,3812,Yes,97.3,12,Completed,Yes,Yes,Yes,2016-08-14,0.0,0.0,,6,6
1853,Sales,Sales Executive,Male,32,4,Travel_Frequently,0,2,4648,Yes,28.8,26,Delayed,No,Yes,Yes,,1.0,1.0,12.5,3,2
1854,Research & Development,Research Scientist,Male,42,4,Non-Travel,6,1,2936,Yes,91.4,13,Completed,Yes,Yes,Yes,2020-07-13,0.0,0.0,,6,4
1856,Research & Development,Laboratory Technician,Female,47,4,Travel_Rarely,2,1,2105,Yes,91.4,14,Completed,Yes,Yes,Yes,2024-06-24,0.0,0.0,,5,4
1857,Research & Development,Manufacturing Director,Male,46,2,Travel_Rarely,9,3,8578,Yes,82.4,17,Completed,Yes,Yes,Yes,2017-08-10,1.0,0.0,2.3,4,3
1858,Human Resources,Human Resources,Male,28,2,Non-Travel,3,1,2706,Yes,83.5,7,Completed,Yes,Yes,Yes,2023-07-11,1.0,0.0,1.0,6,4
1859,Research & Development,Healthcare Representative,Male,29,1,Travel_Rarely,7,2,6384,Yes,96.2,7,Completed,Yes,Yes,Yes,2019-07-27,0.0,0.0,,6,5
1860,Research & Development,Laboratory Technician,Male,42,3,Travel_Rarely,0,1,3968,Yes,99.8,11,Completed,Yes,Yes,Yes,2026-07-22,3.0,0.0,5.566666666666666,1,1
1862,Sales,Sales Executive,Male,32,4,Travel_Rarely,2,2,9907,Yes,99.9,15,Completed,Yes,Yes,Yes,2024-08-03,1.0,0.0,3.9,5,3
1863,Sales,Sales Executive,Female,46,3,Travel_Rarely,19,4,13225,Yes,96.7,9,Completed,Yes,Yes,Yes,2016-08-11,0.0,0.0,,7,6
1864,Sales,Sales Representative,Female,27,1,Travel_Rarely,9,2,3540,Yes,98.2,17,Completed,Yes,Yes,Yes,2017-07-30,0.0,0.0,,2,2
1865,Human Resources,Human Resources,Male,29,1,Travel_Rarely,1,1,2804,Yes,91.1,13,Completed,Yes,Yes,Yes,2026-01-28,1.0,1.0,29.6,6,6
1866,Research & Development,Manager,Female,43,3,Travel_Rarely,16,5,19392,Yes,97.1,13,Completed,Yes,Yes,Yes,2016-08-15,0.0,0.0,,9,6
1867,Research & Development,Research Director,Male,48,3,Travel_Rarely,22,5,19665,Yes,98.3,5,Completed,Yes,Yes,Yes,2016-08-07,0.0,0.0,,3,3
1868,Research & Development,Research Scientist,Male,29,2,Travel_Frequently,1,1,2439,Yes,90.5,11,Completed,Yes,Yes,Yes,2025-08-17,0.0,0.0,,5,4
1869,Sales,Sales Executive,Female,46,3,Travel_Rarely,8,3,7314,Yes,88.3,7,Completed,Yes,Yes,Yes,2018-08-02,1.0,0.0,1.9,6,4
1870,Research & Development,Research Scientist,Female,27,3,Travel_Frequently,7,1,4774,Yes,91.8,17,Completed,Yes,Yes,Yes,2019-07-14,0.0,0.0,,5,5
1871,Research & Development,Research Scientist,Male,39,4,Travel_Rarely,2,2,3902,Yes,82.0,6,Completed,Yes,Yes,Yes,2024-06-07,0.0,0.0,,5,5
1873,Research & Development,Research Scientist,Male,55,4,Travel_Rarely,5,1,2662,Yes,95.6,17,Completed,Yes,Yes,Yes,2021-07-13,1.0,1.0,32.2,3,2
1875,Sales,Sales Representative,Female,28,3,Travel_Rarely,1,1,2856,Yes,50.5,30,In Progress,Yes,No,Yes,,1.0,0.0,0.9,5,3
1876,Sales,Sales Representative,Male,30,3,Travel_Rarely,1,1,1081,Yes,80.7,9,Completed,Yes,Yes,Yes,2025-09-17,1.0,0.0,2.6,8,8
1878,Research & Development,Research Scientist,Male,22,1,Travel_Rarely,1,1,2472,Yes,92.2,16,Completed,Yes,Yes,Yes,2025-11-06,1.0,0.0,2.6,3,3
1880,Sales,Sales Executive,Female,36,4,Travel_Rarely,10,2,5673,Yes,80.8,10,Completed,Yes,Yes,Yes,2016-08-12,2.0,0.0,2.1,4,3
1881,Research & Development,Laboratory Technician,Male,31,3,Travel_Rarely,10,2,4197,Yes,84.8,16,Completed,Yes,Yes,Yes,2016-08-18,1.0,0.0,7.7,4,4
1882,Sales,Sales Executive,Male,34,3,Travel_Rarely,5,3,9713,Yes,98.4,10,Completed,Yes,Yes,Yes,2021-07-12,1.0,1.0,13.8,8,6
1883,Research & Development,Laboratory Technician,Male,29,3,Travel_Rarely,3,1,2062,Yes,86.8,17,Completed,Yes,Yes,Yes,2023-08-17,0.0,0.0,,5,5
1885,Research & Development,Research Scientist,Male,37,4,Travel_Rarely,5,2,4284,Yes,86.2,18,Completed,Yes,Yes,Yes,2021-07-31,1.0,0.0,2.1,3,3
1886,Research & Development,Manufacturing Director,Female,35,2,Travel_Rarely,3,2,4788,Yes,97.2,15,Completed,Yes,Yes,Yes,2023-07-16,0.0,0.0,,6,6
1888,Research & Development,Manufacturing Director,Female,45,2,Travel_Rarely,9,2,5906,Yes,99.4,8,Completed,Yes,Yes,Yes,2017-08-04,0.0,0.0,,5,4
1890,Human Resources,Human Resources,Male,36,1,Travel_Frequently,10,2,3886,Yes,86.0,16,Completed,Yes,Yes,Yes,2016-08-18,1.0,0.0,3.1,6,3
1892,Research & Development,Manager,Male,40,4,Travel_Rarely,19,4,16823,Yes,95.5,10,Completed,Yes,Yes,Yes,2016-08-12,0.0,0.0,,6,6
1893,Research & Development,Research Scientist,Female,26,2,Travel_Rarely,1,1,2933,Yes,92.1,6,Completed,Yes,Yes,Yes,2025-12-01,1.0,0.0,11.5,5,5
1898,Sales,Sales Executive,Female,27,2,Travel_Rarely,8,2,6500,Yes,88.8,18,Completed,Yes,Yes,Yes,2018-08-08,0.0,0.0,,5,4
1900,Research & Development,Manager,Female,48,3,Travel_Frequently,22,4,17174,Yes,94.8,17,Completed,Yes,Yes,Yes,2016-08-19,1.0,0.0,7.0,7,6
1903,Research & Development,Healthcare Representative,Male,44,4,Travel_Rarely,2,2,5033,Yes,97.3,18,Completed,Yes,Yes,Yes,2024-07-16,1.0,0.0,7.6,2,2
1905,Research & Development,Research Scientist,Male,34,4,Non-Travel,5,1,2307,Yes,90.3,7,Completed,Yes,Yes,Yes,2021-08-05,1.0,0.0,1.0,5,5
1907,Research & Development,Laboratory Technician,Male,56,2,Travel_Rarely,4,1,2587,Yes,86.2,13,Completed,Yes,Yes,Yes,2022-08-10,0.0,0.0,,8,7
1908,Sales,Sales Executive,Male,36,2,Travel_Rarely,4,2,5507,Yes,82.7,18,Completed,Yes,Yes,Yes,2022-07-25,0.0,0.0,,3,3
1909,Sales,Sales Executive,Female,41,3,Travel_Rarely,5,2,4393,Yes,97.6,5,Completed,Yes,Yes,Yes,2021-07-04,0.0,0.0,,5,5
1911,Research & Development,Research Director,Male,42,3,Travel_Rarely,13,3,13348,Yes,83.9,18,Completed,Yes,Yes,Yes,2016-08-20,1.0,0.0,6.8,3,3
1912,Sales,Sales Executive,Female,31,2,Travel_Rarely,5,2,6583,Yes,96.7,8,Completed,Yes,Yes,Yes,2021-07-28,0.0,0.0,,5,4
1915,Sales,Sales Executive,Female,34,1,Travel_Rarely,4,2,8103,Yes,89.1,10,Completed,Yes,Yes,Yes,2022-08-09,0.0,0.0,,6,5
1916,Research & Development,Laboratory Technician,Female,31,3,Travel_Rarely,2,1,3978,Yes,84.0,10,Completed,Yes,Yes,Yes,2024-06-26,0.0,0.0,,5,5
1918,Research & Development,Laboratory Technician,Male,26,3,Travel_Frequently,7,1,2544,Yes,89.3,11,Completed,Yes,Yes,Yes,2019-06-22,0.0,0.0,,9,6
1922,Research & Development,Healthcare Representative,Male,45,4,Travel_Frequently,4,2,5399,Yes,98.5,15,Completed,Yes,Yes,Yes,2022-07-07,1.0,1.0,30.9,2,2
1924,Sales,Sales Executive,Male,33,4,Travel_Rarely,10,2,5487,Yes,84.8,12,Completed,Yes,Yes,Yes,2016-08-14,1.0,0.0,8.1,5,5
1927,Sales,Sales Executive,Male,28,2,Travel_Frequently,7,2,6834,Yes,88.9,18,Completed,Yes,Yes,Yes,2019-07-13,0.0,0.0,,5,4
1928,Sales,Sales Representative,Male,29,3,Travel_Frequently,1,1,1091,Yes,87.0,7,Completed,Yes,Yes,Yes,2025-10-10,0.0,0.0,,7,6
1929,Sales,Sales Executive,Female,39,4,Non-Travel,3,2,5736,Yes,97.9,16,Completed,Yes,Yes,Yes,2023-06-25,1.0,0.0,3.9,7,5
1931,Research & Development,Research Scientist,Male,27,4,Travel_Rarely,5,1,2226,Yes,93.8,9,Completed,Yes,Yes,Yes,2021-06-18,0.0,0.0,,4,3
1932,Research & Development,Research Scientist,Male,34,4,Travel_Frequently,15,2,5747,Yes,87.7,7,Completed,Yes,Yes,Yes,2016-08-09,0.0,0.0,,7,6
1933,Sales,Sales Executive,Female,28,2,Travel_Rarely,2,2,9854,Yes,91.4,8,Completed,Yes,Yes,Yes,2024-06-15,1.0,0.0,0.8,3,2
1934,Research & Development,Research Scientist,Male,47,4,Non-Travel,8,2,5467,Yes,84.4,8,Completed,Yes,Yes,Yes,2018-06-17,1.0,0.0,0.8,6,5
1935,Sales,Sales Executive,Female,56,5,Travel_Rarely,0,2,5380,Yes,88.2,5,Completed,Yes,Yes,Yes,2026-06-04,1.0,0.0,3.0,6,6
1936,Research & Development,Manufacturing Director,Male,39,2,Travel_Rarely,10,2,5151,Yes,95.6,17,Completed,Yes,Yes,Yes,2016-08-19,1.0,0.0,9.3,5,3
1937,Research & Development,Research Scientist,Female,38,3,Travel_Frequently,20,2,2133,Yes,80.2,7,Completed,Yes,Yes,Yes,2016-08-09,1.0,1.0,12.8,8,7
1938,Sales,Manager,Female,58,3,Travel_Rarely,1,4,17875,Yes,96.0,8,Completed,Yes,Yes,Yes,2025-08-28,1.0,0.0,10.1,7,6
1939,Research & Development,Research Scientist,Female,32,2,Travel_Frequently,4,1,2432,Yes,92.2,9,Completed,Yes,Yes,Yes,2022-07-25,1.0,0.0,5.3,8,6
1940,Research & Development,Research Scientist,Male,38,2,Travel_Rarely,5,1,4771,Yes,99.3,15,Completed,Yes,Yes,Yes,2021-07-02,1.0,0.0,2.5,7,5
1941,Research & Development,Research Director,Male,49,1,Travel_Frequently,5,5,19161,Yes,88.5,11,Completed,Yes,Yes,Yes,2021-07-26,1.0,0.0,5.2,4,4
1943,Sales,Sales Executive,Male,42,4,Travel_Rarely,0,2,5087,Yes,84.4,9,Completed,Yes,Yes,Yes,2026-05-02,2.0,1.0,35.9,4,3
1944,Human Resources,Human Resources,Female,27,3,Travel_Frequently,1,1,2863,Yes,92.5,14,Completed,Yes,Yes,Yes,2025-08-26,1.0,1.0,43.5,6,5
1945,Sales,Sales Executive,Male,35,4,Travel_Rarely,5,2,5561,Yes,80.1,15,Completed,Yes,Yes,Yes,2021-08-10,0.0,0.0,,4,4
1947,Research & Development,Research Scientist,Male,28,3,Non-Travel,5,1,2144,Yes,96.8,13,Completed,Yes,Yes,Yes,2021-06-22,0.0,0.0,,6,5
1948,Research & Development,Research Scientist,Male,31,2,Non-Travel,4,1,3065,Yes,91.9,9,Completed,Yes,Yes,Yes,2022-06-30,1.0,0.0,3.8,6,5
1949,Research & Development,Laboratory Technician,Male,36,4,Non-Travel,5,1,2810,Yes,93.7,12,Completed,Yes,Yes,Yes,2021-07-25,1.0,1.0,44.4,6,5
1950,Sales,Sales Executive,Male,34,3,Travel_Rarely,14,3,9888,Yes,86.7,9,Completed,Yes,Yes,Yes,2016-08-11,1.0,0.0,12.0,4,4
1951,Sales,Sales Executive,Male,34,4,Travel_Rarely,8,3,8628,Yes,86.5,9,Completed,Yes,Yes,Yes,2018-07-02,1.0,0.0,11.2,9,7
1952,Research & Development,Laboratory Technician,Male,26,3,Travel_Rarely,7,1,2867,Yes,93.1,15,Completed,Yes,Yes,Yes,2019-08-01,1.0,0.0,5.2,4,4
1954,Research & Development,Healthcare Representative,Male,29,3,Travel_Rarely,5,2,5373,Yes,83.8,13,Completed,Yes,Yes,Yes,2021-07-26,2.0,1.0,8.15,4,4
1955,Research & Development,Healthcare Representative,Female,32,4,Non-Travel,5,2,6667,Yes,84.8,5,Completed,Yes,Yes,Yes,2021-06-19,0.0,0.0,,8,7
1956,Research & Development,Research Scientist,Male,31,3,Travel_Frequently,10,2,5003,Yes,97.1,17,Completed,Yes,Yes,Yes,2016-08-19,0.0,0.0,,4,4
1960,Research & Development,Laboratory Technician,Male,28,3,Travel_Rarely,4,1,2367,Yes,88.1,10,Completed,Yes,Yes,Yes,2022-07-04,0.0,0.0,,6,6
1961,Sales,Sales Representative,Male,38,3,Travel_Rarely,1,1,2858,Yes,80.5,12,Completed,Yes,Yes,Yes,2025-08-23,1.0,1.0,40.2,6,4
1962,Sales,Sales Executive,Female,35,4,Travel_Rarely,10,2,5204,Yes,85.2,11,Completed,Yes,Yes,Yes,2016-08-13,1.0,0.0,2.2,5,3
1965,Sales,Sales Executive,Male,27,3,Travel_Rarely,7,2,4105,Yes,87.8,5,Completed,Yes,Yes,Yes,2019-07-13,0.0,0.0,,6,5
1966,Research & Development,Manufacturing Director,Male,32,4,Travel_Rarely,1,2,9679,Yes,91.4,8,Completed,Yes,Yes,Yes,2025-09-13,2.0,2.0,50.4,6,5
1967,Sales,Sales Executive,Male,31,4,Travel_Frequently,10,2,5617,Yes,94.5,8,Completed,Yes,Yes,Yes,2016-08-10,0.0,0.0,,5,5
1968,Sales,Sales Executive,Male,53,4,Travel_Rarely,2,3,10448,Yes,90.7,17,Completed,Yes,Yes,Yes,2024-07-05,0.0,0.0,,6,6
1969,Research & Development,Research Scientist,Female,54,2,Travel_Rarely,4,2,2897,Yes,98.1,15,Completed,Yes,Yes,Yes,2022-07-17,0.0,0.0,,5,5
1970,Research & Development,Healthcare Representative,Male,33,2,Travel_Frequently,9,2,5968,Yes,90.1,18,Completed,Yes,Yes,Yes,2017-07-29,0.0,0.0,,5,5
1971,Research & Development,Healthcare Representative,Male,43,3,Travel_Rarely,10,3,7510,Yes,96.8,13,Completed,Yes,Yes,Yes,2016-08-15,0.0,0.0,,7,6
1972,Human Resources,Human Resources,Male,38,4,Travel_Frequently,6,1,2991,Yes,85.9,12,Completed,Yes,Yes,Yes,2020-08-02,0.0,0.0,,8,7
1973,Human Resources,Manager,Male,55,4,Travel_Rarely,10,5,19636,Yes,94.8,16,Completed,Yes,Yes,Yes,2016-08-18,1.0,0.0,2.0,6,6
1974,Research & Development,Laboratory Technician,Female,31,1,Travel_Rarely,1,1,1129,Yes,83.7,15,Completed,Yes,Yes,Yes,2025-09-26,1.0,0.0,11.2,7,4
1975,Sales,Sales Executive,Male,39,4,Travel_Rarely,20,4,13341,Yes,86.7,6,Completed,Yes,Yes,Yes,2016-08-08,1.0,0.0,6.4,7,7
1976,Research & Development,Research Scientist,Male,42,2,Non-Travel,20,2,4332,Yes,87.1,16,Completed,Yes,Yes,Yes,2016-08-18,1.0,0.0,2.0,8,7
1979,Research & Development,Research Director,Female,31,3,Non-Travel,11,3,11031,Yes,86.1,17,Completed,Yes,Yes,Yes,2016-08-19,0.0,0.0,,4,3
1980,Research & Development,Manufacturing Director,Female,54,3,Travel_Rarely,5,2,4440,Yes,86.6,9,Completed,Yes,Yes,Yes,2021-06-15,0.0,0.0,,6,5
1981,Research & Development,Healthcare Representative,Male,24,2,Travel_Rarely,4,2,4617,Yes,85.9,18,Completed,Yes,Yes,Yes,2022-07-13,0.0,0.0,,6,6
1982,Research & Development,Laboratory Technician,Male,23,2,Travel_Rarely,5,1,2647,Yes,89.4,18,Completed,Yes,Yes,Yes,2021-08-12,0.0,0.0,,2,1
1985,Research & Development,Laboratory Technician,Female,40,3,Travel_Frequently,10,2,6323,Yes,91.7,14,Completed,Yes,Yes,Yes,2016-08-16,1.0,0.0,0.6,6,5
1986,Sales,Sales Executive,Female,40,2,Travel_Rarely,11,2,5677,Yes,89.4,8,Completed,Yes,Yes,Yes,2016-08-10,1.0,0.0,1.2,6,6
1987,Human Resources,Human Resources,Female,25,3,Travel_Rarely,2,1,2187,Yes,82.4,15,Completed,Yes,Yes,Yes,2024-07-14,1.0,0.0,8.0,5,4
1989,Research & Development,Laboratory Technician,Male,30,2,Travel_Rarely,12,1,3748,Yes,90.6,11,Completed,Yes,Yes,Yes,2016-08-13,1.0,0.0,11.3,5,5
1992,Research & Development,Laboratory Technician,Male,25,1,Travel_Rarely,2,1,3977,Yes,97.4,7,Completed,Yes,Yes,Yes,2024-08-04,0.0,0.0,,6,6
1993,Research & Development,Healthcare Representative,Male,47,3,Travel_Rarely,17,3,8633,Yes,99.8,10,Completed,Yes,Yes,Yes,2016-08-12,0.0,0.0,,7,5
1994,Research & Development,Laboratory Technician,Male,33,2,Non-Travel,1,1,2008,Yes,45.2,30,Delayed,Yes,No,Yes,,0.0,0.0,,1,1
1995,Sales,Sales Executive,Male,38,4,Travel_Rarely,15,2,4440,Yes,81.6,10,Completed,Yes,Yes,Yes,2016-08-12,0.0,0.0,,5,3
1996,Sales,Sales Representative,Male,31,2,Travel_Rarely,2,1,3067,Yes,99.7,10,Completed,Yes,Yes,Yes,2024-07-01,0.0,0.0,,9,5
1997,Research & Development,Manufacturing Director,Male,38,4,Travel_Frequently,8,2,5321,Yes,81.2,12,Completed,Yes,Yes,Yes,2018-07-05,1.0,0.0,3.4,8,7
1998,Research & Development,Research Scientist,Male,42,4,Travel_Rarely,4,2,5410,Yes,84.2,17,Completed,Yes,Yes,Yes,2022-08-01,1.0,0.0,5.5,5,4
1999,Research & Development,Research Scientist,Male,41,3,Travel_Rarely,5,1,2782,Yes,91.5,7,Completed,Yes,Yes,Yes,2021-07-29,0.0,0.0,,4,3
2000,Research & Development,Research Director,Female,47,1,Non-Travel,13,3,11957,Yes,95.7,17,Completed,Yes,Yes,Yes,2016-08-19,0.0,0.0,,6,5
2003,Research & Development,Laboratory Technician,Male,35,4,Travel_Rarely,2,1,2660,Yes,82.6,11,Completed,Yes,Yes,Yes,2024-08-06,1.0,0.0,0.9,6,5
2007,Research & Development,Research Scientist,Male,22,2,Travel_Rarely,3,1,3375,Yes,88.6,11,Completed,Yes,Yes,Yes,2023-07-03,1.0,0.0,3.0,6,5
2008,Research & Development,Research Scientist,Male,35,4,Travel_Rarely,10,2,5098,Yes,87.7,5,Completed,Yes,Yes,Yes,2016-08-07,1.0,0.0,4.0,8,7
2009,Research & Development,Healthcare Representative,Female,33,2,Travel_Rarely,9,2,4878,Yes,84.0,10,Completed,Yes,Yes,Yes,2017-07-09,1.0,0.0,0.6,6,5
2010,Research & Development,Laboratory Technician,Female,32,4,Travel_Rarely,6,1,2837,Yes,80.3,10,Completed,Yes,Yes,Yes,2020-06-12,2.0,0.0,3.25,7,6
2012,Research & Development,Laboratory Technician,Male,40,4,Travel_Rarely,1,1,2406,Yes,93.5,15,Completed,Yes,Yes,Yes,2025-10-04,1.0,0.0,8.8,5,4
2013,Sales,Sales Representative,Male,32,4,Travel_Rarely,2,1,2269,Yes,85.0,16,Completed,Yes,Yes,Yes,2024-07-01,0.0,0.0,,3,3
2014,Research & Development,Research Scientist,Male,39,1,Travel_Rarely,7,2,4108,Yes,86.9,7,Completed,Yes,Yes,Yes,2019-06-14,0.0,0.0,,7,6
2015,Research & Development,Research Director,Female,38,3,Travel_Rarely,18,3,13206,Yes,87.7,14,Completed,Yes,Yes,Yes,2016-08-16,0.0,0.0,,5,4
2016,Sales,Sales Executive,Female,32,4,Travel_Rarely,14,3,10422,Yes,83.3,18,Completed,Yes,Yes,Yes,2016-08-20,0.0,0.0,,5,5
2017,Research & Development,Research Director,Female,37,3,Travel_Rarely,16,3,13744,Yes,86.0,9,Completed,Yes,Yes,Yes,2016-08-11,0.0,0.0,,8,7
2018,Sales,Sales Executive,Female,25,2,Travel_Rarely,5,2,4907,Yes,94.6,14,Completed,Yes,Yes,Yes,2021-07-17,0.0,0.0,,5,5
2019,Sales,Sales Representative,Male,52,4,Non-Travel,9,1,3482,Yes,86.8,15,Completed,Yes,Yes,Yes,2017-07-15,0.0,0.0,,2,2
2020,Research & Development,Research Scientist,Male,44,3,Travel_Rarely,4,1,2436,Yes,86.9,12,Completed,Yes,Yes,Yes,2022-08-05,0.0,0.0,,7,5
2021,Sales,Sales Representative,Male,21,1,Travel_Rarely,2,1,2380,Yes,95.0,7,Completed,Yes,Yes,Yes,2024-07-16,1.0,0.0,11.2,6,5
2022,Research & Development,Manager,Male,39,3,Non-Travel,6,5,19431,Yes,98.1,17,Completed,Yes,Yes,Yes,2020-06-19,0.0,0.0,,3,3
2023,Sales,Sales Representative,Male,23,3,Travel_Frequently,1,1,1790,Yes,84.5,7,Completed,Yes,Yes,Yes,2025-10-28,3.0,0.0,3.4,4,4
2024,Sales,Sales Executive,Female,36,3,Travel_Rarely,9,3,7644,Yes,94.7,14,Completed,Yes,Yes,Yes,2017-08-03,0.0,0.0,,6,6
2025,Research & Development,Manufacturing Director,Female,36,2,Travel_Frequently,4,2,5131,Yes,83.4,10,Completed,Yes,Yes,Yes,2022-07-10,0.0,0.0,,7,6
2026,Research & Development,Healthcare Representative,Male,56,4,Non-Travel,13,2,6306,Yes,93.0,5,Completed,Yes,Yes,Yes,2016-08-07,1.0,0.0,2.6,4,4
2027,Research & Development,Research Scientist,Male,29,4,Travel_Rarely,2,1,4787,Yes,97.5,9,Completed,Yes,Yes,Yes,2024-07-16,1.0,0.0,11.3,7,7
2031,Research & Development,Manager,Male,42,3,Travel_Rarely,22,5,18880,Yes,90.7,5,Completed,Yes,Yes,Yes,2016-08-07,0.0,0.0,,6,5
2032,Research & Development,Laboratory Technician,Male,56,2,Travel_Rarely,10,1,2339,Yes,99.9,15,Completed,Yes,Yes,Yes,2016-08-17,0.0,0.0,,5,5
2034,Research & Development,Manufacturing Director,Female,41,4,Travel_Rarely,20,4,13570,Yes,93.1,5,Completed,Yes,Yes,Yes,2016-08-07,1.0,0.0,4.4,5,4
2035,Sales,Sales Executive,Female,34,3,Travel_Rarely,8,2,6712,Yes,93.8,11,Completed,Yes,Yes,Yes,2018-08-10,0.0,0.0,,5,4
2036,Sales,Sales Executive,Male,36,4,Non-Travel,15,2,5406,Yes,87.6,13,Completed,Yes,Yes,Yes,2016-08-15,1.0,1.0,67.0,4,3
2037,Sales,Sales Executive,Male,41,3,Travel_Rarely,5,2,8938,Yes,89.5,7,Completed,Yes,Yes,Yes,2021-07-23,1.0,0.0,2.0,5,5
2038,Research & Development,Research Scientist,Male,32,3,Travel_Rarely,4,1,2439,Yes,93.9,15,Completed,Yes,Yes,Yes,2022-08-03,0.0,0.0,,2,2
2040,Human Resources,Human Resources,Female,35,4,Travel_Rarely,9,3,8837,Yes,86.0,15,Completed,Yes,Yes,Yes,2017-08-17,0.0,0.0,,3,3
2041,Sales,Sales Executive,Female,38,2,Travel_Rarely,10,2,5343,Yes,93.2,9,Completed,Yes,Yes,Yes,2016-08-11,0.0,0.0,,7,5
2044,Sales,Sales Executive,Male,50,4,Travel_Frequently,6,2,6728,Yes,92.1,7,Completed,Yes,Yes,Yes,2020-06-30,1.0,0.0,2.5,4,3
2045,Sales,Sales Executive,Female,36,4,Travel_Rarely,6,2,6652,Yes,96.6,6,Completed,Yes,Yes,Yes,2020-07-12,1.0,0.0,7.8,9,8
2046,Sales,Sales Executive,Female,45,3,Travel_Rarely,5,2,4850,Yes,94.4,6,Completed,Yes,Yes,Yes,2021-07-06,0.0,0.0,,5,3
2048,Research & Development,Research Scientist,Male,40,4,Travel_Rarely,2,1,2809,Yes,82.3,6,Completed,Yes,Yes,Yes,2024-07-19,0.0,0.0,,6,6
2049,Research & Development,Healthcare Representative,Male,35,4,Travel_Frequently,10,2,5689,Yes,84.0,8,Completed,Yes,Yes,Yes,2016-08-10,1.0,0.0,5.4,6,5
2051,Research & Development,Research Scientist,Female,40,4,Travel_Rarely,5,1,2001,Yes,85.3,13,Completed,Yes,Yes,Yes,2021-06-26,0.0,0.0,,8,5
2052,Research & Development,Research Scientist,Female,35,4,Travel_Rarely,4,1,2977,Yes,87.2,11,Completed,Yes,Yes,Yes,2022-07-31,0.0,0.0,,7,6
2053,Research & Development,Laboratory Technician,Male,29,2,Travel_Rarely,4,2,4025,Yes,83.2,13,Completed,Yes,Yes,Yes,2022-07-27,1.0,0.0,9.4,7,5
2054,Research & Development,Research Scientist,Female,29,4,Travel_Rarely,5,1,3785,Yes,98.2,16,Completed,Yes,Yes,Yes,2021-07-17,0.0,0.0,,6,4
2055,Sales,Sales Executive,Male,50,3,Travel_Rarely,3,3,10854,Yes,89.6,8,Completed,Yes,Yes,Yes,2023-06-11,0.0,0.0,,7,5
2056,Sales,Sales Executive,Female,39,1,Travel_Rarely,20,4,12031,Yes,80.3,6,Completed,Yes,Yes,Yes,2016-08-08,1.0,0.0,0.7,5,5
2057,Research & Development,Manufacturing Director,Male,31,3,Non-Travel,9,2,9936,Yes,82.2,14,Completed,Yes,Yes,Yes,2017-06-19,0.0,0.0,,7,6
2060,Sales,Sales Representative,Female,26,3,Travel_Rarely,4,1,2966,Yes,89.9,6,Completed,Yes,Yes,Yes,2022-06-26,0.0,0.0,,4,4
2061,Research & Development,Laboratory Technician,Male,36,2,Travel_Frequently,5,2,2571,Yes,90.2,16,Completed,Yes,Yes,Yes,2021-06-29,1.0,0.0,3.3,4,3
2062,Research & Development,Healthcare Representative,Male,39,1,Travel_Rarely,7,3,9991,Yes,82.0,9,Completed,Yes,Yes,Yes,2019-06-26,0.0,0.0,,4,3
2064,Research & Development,Manufacturing Director,Male,27,3,Travel_Rarely,6,2,6142,Yes,84.6,9,Completed,Yes,Yes,Yes,2020-06-30,1.0,0.0,1.7,3,2
2065,Sales,Sales Executive,Male,49,3,Travel_Frequently,9,2,5390,Yes,89.3,6,Completed,Yes,Yes,Yes,2017-07-23,0.0,0.0,,8,8
2068,Research & Development,Laboratory Technician,Male,34,3,Travel_Rarely,4,2,4404,Yes,83.5,5,Completed,Yes,Yes,Yes,2022-06-15,0.0,0.0,,5,4
