employee_id,Department,JobRole,Gender,Age,Education,BusinessTravel,YearsAtCompany,JobLevel,MonthlyIncome
1,Sales,Sales Executive,Female,41,2,Travel_Rarely,6,2,5993
2,Research & Development,Research Scientist,Male,49,1,Travel_Frequently,10,2,5130
4,Research & Development,Laboratory Technician,Male,37,2,Travel_Rarely,0,1,2090
5,Research & Development,Research Scientist,Female,33,4,Travel_Frequently,8,1,2909
7,Research & Development,Laboratory Technician,Male,27,1,Travel_Rarely,2,1,3468
8,Research & Development,Laboratory Technician,Male,32,2,Travel_Frequently,7,1,3068
10,Research & Development,Laboratory Technician,Female,59,3,Travel_Rarely,1,1,2670
11,Research & Development,Laboratory Technician,Male,30,1,Travel_Rarely,1,1,2693
12,Research & Development,Manufacturing Director,Male,38,3,Travel_Frequently,9,3,9526
13,Research & Development,Healthcare Representative,Male,36,3,Travel_Rarely,7,2,5237
14,Research & Development,Laboratory Technician,Male,35,3,Travel_Rarely,5,1,2426
15,Research & Development,Laboratory Technician,Female,29,2,Travel_Rarely,9,2,4193
16,Research & Development,Research Scientist,Male,31,1,Travel_Rarely,5,1,2911
18,Research & Development,Laboratory Technician,Male,34,2,Travel_Rarely,2,1,2661
19,Research & Development,Laboratory Technician,Male,28,3,Travel_Rarely,4,1,2028
20,Research & Development,Manufacturing Director,Female,29,4,Travel_Rarely,10,3,9980
21,Research & Development,Research Scientist,Male,32,2,Travel_Rarely,6,1,3298
22,Research & Development,Laboratory Technician,Male,22,2,Non-Travel,1,1,2935
23,Sales,Manager,Female,53,4,Travel_Rarely,25,4,15427
24,Research & Development,Research Scientist,Male,38,3,Travel_Rarely,3,1,3944
26,Research & Development,Manufacturing Director,Female,24,2,Non-Travel,4,2,4011
27,Sales,Sales Representative,Male,36,4,Travel_Rarely,5,1,3407
28,Research & Development,Research Director,Female,34,4,Travel_Rarely,12,3,11994
30,Research & Development,Research Scientist,Male,21,2,Travel_Rarely,0,1,1232
31,Research & Development,Research Scientist,Male,34,1,Travel_Rarely,4,1,2960
32,Research & Development,Manager,Female,53,3,Travel_Rarely,14,5,19094
33,Research & Development,Research Scientist,Female,32,1,Travel_Frequently,10,1,3919
35,Sales,Sales Executive,Male,42,4,Travel_Rarely,9,2,6825
36,Research & Development,Healthcare Representative,Female,44,4,Travel_Rarely,22,3,10248
38,Sales,Manager,Female,46,4,Travel_Rarely,2,5,18947
39,Research & Development,Laboratory Technician,Male,33,3,Travel_Rarely,1,1,2496
40,Research & Development,Healthcare Representative,Male,44,4,Travel_Rarely,4,2,6465
41,Research & Development,Laboratory Technician,Male,30,2,Travel_Rarely,10,1,2206
42,Sales,Sales Representative,Male,39,3,Travel_Rarely,1,2,2086
45,Research & Development,Research Scientist,Male,24,3,Travel_Rarely,2,1,2293
46,Research & Development,Research Scientist,Female,43,2,Travel_Rarely,5,1,2645
47,Sales,Sales Representative,Male,50,2,Travel_Rarely,3,1,2683
49,Sales,Sales Representative,Female,35,3,Travel_Rarely,2,1,2014
51,Research & Development,Research Scientist,Female,36,4,Travel_Rarely,1,1,3419
52,Sales,Sales Executive,Female,33,3,Travel_Frequently,5,2,5376
53,Research & Development,Laboratory Technician,Male,35,2,Travel_Rarely,1,1,1951
54,Research & Development,Laboratory Technician,Female,27,4,Travel_Rarely,1,1,2341
55,Research & Development,Laboratory Technician,Male,26,3,Travel_Rarely,1,1,2293
56,Sales,Sales Executive,Male,27,3,Travel_Frequently,9,3,8726
57,Research & Development,Laboratory Technician,Female,30,2,Travel_Frequently,12,2,4011
58,Research & Development,Research Director,Female,41,3,Travel_Rarely,22,5,19545
60,Sales,Sales Executive,Male,34,4,Non-Travel,9,2,4568
61,Research & Development,Research Scientist,Male,37,2,Travel_Rarely,1,1,3022
62,Sales,Sales Executive,Male,46,4,Travel_Frequently,9,2,5772
63,Research & Development,Laboratory Technician,Male,35,1,Travel_Rarely,1,1,2269
64,Research & Development,Laboratory Technician,Male,48,2,Travel_Rarely,1,3,5381
65,Research & Development,Laboratory Technician,Male,28,4,Travel_Rarely,2,1,3441
68,Sales,Sales Executive,Female,44,5,Travel_Rarely,4,2,5454
70,Research & Development,Healthcare Representative,Male,35,2,Non-Travel,4,3,9884
72,Sales,Sales Executive,Female,26,3,Travel_Rarely,2,2,4157
73,Research & Development,Research Director,Female,33,2,Travel_Frequently,15,3,13458
74,Sales,Sales Executive,Male,35,5,Travel_Frequently,9,3,9069
75,Research & Development,Laboratory Technician,Female,35,4,Travel_Rarely,2,1,4014
76,Research & Development,Laboratory Technician,Male,31,4,Travel_Rarely,7,2,5915
77,Research & Development,Manufacturing Director,Male,37,4,Travel_Rarely,7,2,5993
78,Research & Development,Manufacturing Director,Male,32,3,Travel_Rarely,9,2,6162
79,Research & Development,Laboratory Technician,Female,38,5,Travel_Frequently,10,2,2406
80,Research & Development,Research Director,Female,50,2,Travel_Rarely,27,5,18740
81,Sales,Sales Executive,Female,59,3,Travel_Rarely,21,3,7637
83,Research & Development,Healthcare Representative,Female,36,3,Travel_Rarely,17,3,10096
84,Research & Development,Manager,Female,55,3,Travel_Rarely,5,4,14756
85,Research & Development,Manufacturing Director,Male,36,3,Travel_Frequently,6,2,6499
86,Research & Development,Research Scientist,Male,45,3,Travel_Rarely,1,3,9724
88,Research & Development,Research Scientist,Male,35,3,Travel_Frequently,3,1,2194
90,Research & Development,Research Scientist,Male,36,3,Travel_Rarely,1,1,3388
91,Sales,Sales Executive,Female,59,1,Travel_Frequently,4,2,5473
94,Research & Development,Research Scientist,Male,29,3,Travel_Rarely,5,1,2703
95,Research & Development,Research Scientist,Male,31,4,Travel_Rarely,1,1,2501
96,Research & Development,Research Scientist,Male,32,3,Travel_Rarely,10,2,6220
97,Research & Development,Laboratory Technician,Female,36,3,Travel_Rarely,1,1,3038
98,Research & Development,Manufacturing Director,Female,31,4,Travel_Rarely,11,2,4424
100,Sales,Sales Executive,Male,35,4,Travel_Rarely,15,2,4312
101,Research & Development,Research Director,Male,45,4,Travel_Rarely,0,3,13245
102,Research & Development,Research Director,Male,37,4,Travel_Rarely,5,3,13664
103,Human Resources,Human Resources,Male,46,2,Travel_Rarely,4,2,5021
104,Research & Development,Laboratory Technician,Male,30,1,Travel_Rarely,10,2,5126
105,Research & Development,Research Scientist,Male,35,3,Travel_Rarely,6,1,2859
106,Sales,Sales Executive,Male,55,2,Travel_Rarely,1,3,10239
107,Research & Development,Research Scientist,Female,38,3,Non-Travel,13,2,5329
110,Research & Development,Manufacturing Director,Male,34,2,Travel_Rarely,5,2,4325
112,Research & Development,Manufacturing Director,Male,56,3,Travel_Rarely,6,3,7260
113,Sales,Sales Representative,Male,23,1,Travel_Rarely,0,1,2322
116,Research & Development,Laboratory Technician,Male,51,4,Travel_Rarely,4,1,2075
117,Research & Development,Healthcare Representative,Male,30,3,Travel_Rarely,11,2,4152
118,Sales,Sales Executive,Male,46,2,Travel_Rarely,9,3,9619
119,Research & Development,Healthcare Representative,Male,40,4,Travel_Frequently,22,4,13503
120,Sales,Sales Executive,Male,51,4,Travel_Rarely,10,2,5441
121,Sales,Sales Executive,Female,30,2,Travel_Rarely,11,2,5209
124,Research & Development,Healthcare Representative,Male,46,3,Travel_Frequently,10,3,10673
125,Sales,Sales Executive,Male,32,4,Travel_Rarely,11,2,5010
126,Research & Development,Research Director,Female,54,4,Travel_Rarely,4,3,13549
128,Sales,Sales Executive,Female,24,2,Travel_Rarely,3,2,4999
129,Sales,Sales Executive,Male,28,3,Non-Travel,5,2,4221
131,Sales,Sales Executive,Male,58,4,Travel_Rarely,37,4,13872
132,Research & Development,Laboratory Technician,Male,44,3,Non-Travel,3,2,2042
133,Human Resources,Human Resources,Male,37,4,Travel_Rarely,3,1,2073
134,Research & Development,Research Scientist,Male,32,1,Travel_Rarely,1,1,2956
137,Research & Development,Laboratory Technician,Female,20,3,Travel_Frequently,1,1,2926
138,Research & Development,Research Scientist,Female,34,4,Travel_Rarely,16,2,4809
139,Research & Development,Healthcare Representative,Male,37,2,Non-Travel,1,2,5163
140,Human Resources,Manager,Female,59,4,Non-Travel,3,5,18844
141,Research & Development,Research Director,Female,50,3,Travel_Frequently,8,5,18172
142,Sales,Sales Executive,Male,25,3,Travel_Rarely,6,2,5744
143,Research & Development,Research Scientist,Male,25,1,Travel_Rarely,2,1,2889
144,Research & Development,Laboratory Technician,Female,22,3,Travel_Rarely,0,1,2871
145,Research & Development,Healthcare Representative,Female,51,4,Travel_Frequently,13,3,7484
147,Research & Development,Laboratory Technician,Male,34,3,Travel_Frequently,9,2,6074
148,Human Resources,Manager,Female,54,3,Non-Travel,5,4,17328
150,Research & Development,Laboratory Technician,Male,24,1,Travel_Rarely,5,1,2774
151,Research & Development,Research Scientist,Female,34,4,Travel_Rarely,1,2,4505
152,Sales,Sales Executive,Male,37,3,Travel_Rarely,5,3,7428
153,Research & Development,Manager,Female,34,3,Travel_Rarely,11,3,11631
154,Sales,Sales Executive,Female,36,2,Travel_Frequently,9,3,9738
155,Research & Development,Laboratory Technician,Female,36,2,Travel_Rarely,1,1,2835
158,Sales,Manager,Male,43,2,Travel_Frequently,25,4,16959
159,Research & Development,Research Scientist,Male,30,3,Travel_Frequently,10,1,2613
160,Sales,Sales Executive,Male,33,2,Non-Travel,7,2,6146
161,Research & Development,Research Scientist,Female,56,4,Travel_Rarely,5,1,4963
162,Research & Development,Research Director,Male,51,3,Travel_Rarely,20,5,19537
163,Sales,Sales Executive,Male,31,4,Travel_Rarely,7,2,6172
164,Research & Development,Research Scientist,Female,26,3,Travel_Rarely,5,1,2368
165,Research & Development,Healthcare Representative,Female,58,4,Travel_Rarely,40,3,10312
167,Sales,Sales Representative,Male,19,1,Travel_Rarely,0,1,1675
169,Research & Development,Laboratory Technician,Male,22,1,Travel_Rarely,2,1,2523
170,Research & Development,Manufacturing Director,Female,49,4,Travel_Rarely,15,2,6567
171,Research & Development,Research Scientist,Female,43,3,Travel_Frequently,3,1,4739
174,Sales,Sales Executive,Female,50,3,Travel_Frequently,2,3,9208
175,Sales,Sales Executive,Female,31,3,Travel_Rarely,2,2,4559
176,Sales,Sales Executive,Male,41,1,Travel_Rarely,9,3,8189
177,Human Resources,Human Resources,Female,26,1,Travel_Rarely,8,1,2942
178,Research & Development,Manufacturing Director,Male,36,2,Travel_Rarely,3,2,4941
179,Research & Development,Manufacturing Director,Male,51,4,Travel_Frequently,4,3,10650
182,Sales,Sales Executive,Female,39,4,Travel_Rarely,15,2,5902
183,Sales,Sales Executive,Male,25,3,Travel_Rarely,2,2,8639
184,Human Resources,Human Resources,Male,30,3,Travel_Rarely,11,2,6347
190,Research & Development,Laboratory Technician,Female,32,3,Travel_Rarely,5,1,4200
192,Research & Development,Research Scientist,Male,45,3,Travel_Rarely,6,1,3452
193,Research & Development,Research Scientist,Female,38,5,Travel_Rarely,3,2,4317
194,Research & Development,Research Scientist,Female,30,3,Travel_Rarely,5,1,2632
195,Sales,Sales Executive,Male,32,2,Travel_Frequently,8,2,4668
197,Research & Development,Research Scientist,Female,30,3,Travel_Rarely,3,1,3204
198,Research & Development,Laboratory Technician,Male,30,1,Travel_Rarely,5,1,2720
199,Research & Development,Manager,Male,41,3,Travel_Frequently,7,4,17181
200,Research & Development,Laboratory Technician,Male,41,4,Travel_Rarely,5,1,2238
201,Research & Development,Laboratory Technician,Female,19,1,Travel_Rarely,1,1,1483
202,Research & Development,Research Scientist,Female,40,3,Travel_Frequently,20,2,5605
204,Sales,Sales Executive,Male,35,5,Travel_Rarely,10,3,7295
205,Sales,Sales Representative,Male,53,2,Travel_Rarely,7,2,2306
206,Research & Development,Laboratory Technician,Male,45,3,Travel_Rarely,17,2,2348
207,Sales,Sales Executive,Female,32,3,Travel_Frequently,9,3,8998
208,Research & Development,Manufacturing Director,Male,29,1,Non-Travel,10,2,4319
211,Research & Development,Manufacturing Director,Male,51,4,Travel_Rarely,1,2,6132
214,Research & Development,Research Scientist,Female,58,3,Travel_Rarely,1,1,3346
215,Sales,Sales Executive,Male,40,4,Travel_Rarely,12,3,10855
216,Sales,Sales Representative,Female,34,4,Travel_Frequently,4,1,2231
217,Research & Development,Research Scientist,Male,22,1,Travel_Rarely,2,1,2323
218,Research & Development,Research Scientist,Male,27,3,Non-Travel,2,1,2024
221,Research & Development,Research Scientist,Male,28,3,Travel_Rarely,5,1,2713
223,Research & Development,Healthcare Representative,Male,57,2,Travel_Rarely,5,3,9439
224,Research & Development,Research Scientist,Male,27,3,Non-Travel,1,1,2566
226,Research & Development,Manager,Female,50,3,Travel_Rarely,5,5,19926
227,Research & Development,Research Scientist,Male,41,3,Travel_Rarely,9,1,2451
228,Sales,Sales Executive,Female,30,3,Travel_Rarely,10,3,9419
230,Sales,Sales Executive,Female,38,4,Travel_Rarely,8,2,8686
231,Research & Development,Research Scientist,Male,32,5,Travel_Rarely,5,1,3038
233,Research & Development,Research Scientist,Male,27,3,Travel_Rarely,5,1,3058
235,Sales,Sales Representative,Female,19,1,Travel_Frequently,0,1,2325
238,Research & Development,Laboratory Technician,Male,36,2,Travel_Frequently,8,1,2088
239,Research & Development,Laboratory Technician,Male,30,3,Non-Travel,12,2,3072
240,Sales,Sales Executive,Female,45,2,Travel_Rarely,5,2,5006
241,Research & Development,Research Scientist,Female,56,3,Travel_Rarely,2,1,4257
242,Research & Development,Research Scientist,Male,33,3,Travel_Rarely,3,1,2500
243,Research & Development,Laboratory Technician,Male,19,3,Travel_Rarely,1,1,1102
244,Sales,Sales Executive,Female,46,2,Travel_Rarely,24,3,10453
245,Research & Development,Laboratory Technician,Female,38,2,Travel_Rarely,2,1,2288
246,Research & Development,Research Scientist,Female,31,1,Travel_Rarely,4,1,3929
247,Research & Development,Research Scientist,Female,34,2,Travel_Rarely,3,1,2311
248,Sales,Sales Representative,Female,41,2,Travel_Rarely,4,1,3140
249,Research & Development,Laboratory Technician,Male,50,3,Travel_Rarely,3,1,3690
250,Research & Development,Manufacturing Director,Female,53,2,Travel_Rarely,4,2,4450
252,Research & Development,Research Scientist,Female,33,3,Travel_Rarely,8,1,2756
253,Research & Development,Manager,Female,40,1,Travel_Rarely,20,5,19033
254,Research & Development,Research Director,Male,55,4,Travel_Rarely,24,5,18722
256,Research & Development,Manufacturing Director,Male,34,1,Travel_Frequently,10,2,9547
258,Research & Development,Healthcare Representative,Female,51,3,Travel_Rarely,7,4,13734
259,Research & Development,Manager,Male,52,4,Travel_Rarely,33,5,19999
260,Research & Development,Research Scientist,Female,27,3,Travel_Rarely,7,1,2279
261,Research & Development,Manufacturing Director,Male,35,2,Travel_Rarely,1,2,5916
262,Research & Development,Research Scientist,Male,43,3,Non-Travel,5,1,2089
264,Research & Development,Manager,Male,45,2,Non-Travel,20,4,16792
267,Research & Development,Research Scientist,Male,37,3,Travel_Rarely,8,1,3564
269,Research & Development,Laboratory Technician,Female,35,3,Travel_Frequently,6,2,4425
270,Research & Development,Manufacturing Director,Female,42,2,Non-Travel,5,2,5265
271,Research & Development,Manufacturing Director,Male,38,4,Travel_Rarely,1,2,6553
273,Research & Development,Manufacturing Director,Male,38,3,Travel_Rarely,7,2,6261
274,Research & Development,Manufacturing Director,Male,27,1,Travel_Frequently,2,2,4298
275,Research & Development,Manufacturing Director,Male,49,4,Non-Travel,7,2,6804
277,Research & Development,Research Scientist,Male,34,4,Travel_Frequently,5,1,3815
281,Research & Development,Laboratory Technician,Male,40,2,Travel_Rarely,7,2,2741
282,Research & Development,Healthcare Representative,Male,38,1,Travel_Rarely,1,2,6673
283,Sales,Sales Executive,Female,29,3,Travel_Rarely,10,3,7639
284,Research & Development,Research Scientist,Male,22,3,Travel_Rarely,4,1,2328
286,Research & Development,Laboratory Technician,Female,36,1,Travel_Frequently,8,1,2153
287,Research & Development,Healthcare Representative,Male,40,5,Non-Travel,3,2,4876
288,Research & Development,Healthcare Representative,Male,46,4,Travel_Rarely,4,3,9396
291,Sales,Sales Executive,Male,32,4,Travel_Rarely,14,3,10400
292,Research & Development,Manufacturing Director,Male,30,1,Non-Travel,11,3,8474
293,Sales,Sales Executive,Female,27,3,Travel_Frequently,7,2,9981
296,Research & Development,Research Director,Male,51,4,Travel_Rarely,10,3,12490
297,Research & Development,Research Scientist,Female,30,3,Travel_Rarely,5,1,2657
298,Sales,Manager,Female,41,3,Travel_Rarely,1,3,13591
299,Sales,Sales Executive,Female,30,4,Travel_Frequently,6,2,6696
300,Research & Development,Research Scientist,Male,29,3,Travel_Rarely,6,1,2058
302,Sales,Sales Executive,Female,45,3,Non-Travel,19,3,8865
303,Sales,Sales Executive,Female,54,3,Travel_Rarely,6,2,5940
304,Research & Development,Laboratory Technician,Male,36,2,Travel_Rarely,13,2,5914
305,Research & Development,Research Scientist,Female,33,4,Travel_Rarely,3,1,2622
306,Research & Development,Research Director,Male,37,3,Travel_Frequently,10,3,12185
307,Sales,Sales Executive,Male,38,3,Travel_Rarely,16,3,10609
308,Research & Development,Manufacturing Director,Male,31,4,Non-Travel,5,2,4345
309,Research & Development,Research Scientist,Male,59,3,Travel_Rarely,1,1,2177
311,Sales,Sales Representative,Male,37,4,Travel_Frequently,9,1,2793
312,Sales,Sales Executive,Female,29,1,Travel_Frequently,11,3,7918
314,Sales,Sales Executive,Female,35,3,Travel_Frequently,10,3,8789
315,Research & Development,Research Scientist,Male,29,1,Travel_Rarely,4,1,2389
316,Research & Development,Laboratory Technician,Female,52,3,Travel_Rarely,2,1,3212
319,Research & Development,Manager,Male,42,2,Travel_Rarely,22,5,19232
321,Human Resources,Human Resources,Male,59,2,Travel_Rarely,2,1,2267
323,Sales,Manager,Female,50,4,Travel_Rarely,7,5,19517
325,Research & Development,Laboratory Technician,Male,33,3,Travel_Rarely,5,1,2436
327,Sales,Manager,Female,43,3,Travel_Rarely,17,4,16064
328,Research & Development,Laboratory Technician,Female,33,2,Travel_Rarely,9,1,2707
329,Sales,Manager,Male,52,4,Non-Travel,33,5,19068
330,Sales,Sales Representative,Female,32,2,Travel_Rarely,4,1,3931
331,Research & Development,Laboratory Technician,Male,32,3,Travel_Rarely,3,1,3730
332,Research & Development,Laboratory Technician,Female,39,4,Travel_Rarely,3,1,2232
333,Sales,Sales Executive,Male,32,4,Non-Travel,3,2,4465
334,Research & Development,Research Scientist,Male,41,2,Travel_Rarely,1,2,3072
335,Research & Development,Research Scientist,Male,40,2,Travel_Rarely,9,2,3319
336,Research & Development,Manager,Male,45,3,Travel_Rarely,24,5,19202
337,Research & Development,Research Director,Male,31,4,Travel_Frequently,2,3,13675
338,Research & Development,Research Scientist,Female,33,4,Travel_Rarely,2,1,2911
339,Research & Development,Manufacturing Director,Male,34,4,Travel_Rarely,11,2,5957
340,Research & Development,Research Scientist,Female,37,2,Travel_Rarely,3,1,3920
341,Research & Development,Manufacturing Director,Male,45,4,Travel_Frequently,3,2,6434
342,Research & Development,Manufacturing Director,Male,37,3,Travel_Frequently,1,3,10048
343,Research & Development,Healthcare Representative,Female,39,4,Travel_Frequently,19,3,10938
346,Research & Development,Research Scientist,Male,29,3,Travel_Rarely,6,1,2340
347,Research & Development,Research Scientist,Female,42,2,Travel_Rarely,3,2,6545
349,Sales,Sales Executive,Male,29,2,Travel_Rarely,3,2,6931
350,Research & Development,Manufacturing Director,Female,25,3,Travel_Rarely,4,2,4898
351,Research & Development,Laboratory Technician,Female,42,3,Travel_Rarely,9,1,2593
352,Research & Development,Research Director,Male,40,2,Travel_Rarely,21,5,19436
353,Research & Development,Research Scientist,Male,51,3,Travel_Rarely,1,1,2723
355,Research & Development,Laboratory Technician,Male,31,2,Travel_Frequently,5,1,3479
359,Research & Development,Laboratory Technician,Male,32,3,Travel_Frequently,5,1,2794
361,Sales,Sales Executive,Male,38,2,Non-Travel,8,2,5249
362,Research & Development,Laboratory Technician,Male,32,1,Travel_Rarely,6,2,2176
363,Sales,Manager,Female,46,3,Travel_Rarely,7,4,16872
364,Research & Development,Laboratory Technician,Male,28,4,Travel_Rarely,0,1,3485
366,Sales,Sales Executive,Male,29,3,Travel_Rarely,0,2,6644
367,Research & Development,Healthcare Representative,Male,31,3,Travel_Rarely,9,2,5582
369,Research & Development,Healthcare Representative,Male,25,2,Non-Travel,6,2,4000
372,Research & Development,Healthcare Representative,Male,45,2,Travel_Rarely,20,4,13496
373,Research & Development,Laboratory Technician,Male,36,3,Travel_Rarely,15,1,3210
374,Research & Development,Manager,Male,55,3,Travel_Rarely,36,5,19045
376,Research & Development,Manager,Male,47,4,Non-Travel,10,3,11849
377,Research & Development,Research Scientist,Male,28,3,Travel_Rarely,5,1,2070
378,Sales,Sales Executive,Male,37,4,Travel_Rarely,5,2,6502
379,Research & Development,Research Scientist,Male,21,2,Travel_Rarely,3,1,3230
380,Research & Development,Research Director,Female,37,4,Non-Travel,5,3,13603
381,Research & Development,Manager,Female,35,3,Travel_Rarely,7,3,11996
382,Sales,Sales Executive,Female,38,2,Travel_Rarely,8,2,5605
384,Research & Development,Manufacturing Director,Female,26,3,Travel_Frequently,6,2,6397
385,Research & Development,Research Director,Male,50,1,Travel_Rarely,10,5,19144
386,Research & Development,Research Director,Male,53,4,Travel_Rarely,5,4,17584
387,Sales,Sales Executive,Male,42,1,Travel_Rarely,20,2,4907
388,Sales,Sales Executive,Male,29,2,Travel_Frequently,10,2,4554
389,Research & Development,Laboratory Technician,Male,55,2,Travel_Rarely,10,2,5415
390,Research & Development,Healthcare Representative,Male,26,2,Travel_Frequently,5,2,4741
391,Research & Development,Research Scientist,Female,37,3,Travel_Rarely,17,1,2115
392,Research & Development,Laboratory Technician,Male,44,3,Travel_Frequently,1,1,3161
393,Research & Development,Healthcare Representative,Male,38,4,Travel_Rarely,2,2,5745
394,Research & Development,Laboratory Technician,Male,26,4,Travel_Rarely,3,1,2373
395,Research & Development,Research Scientist,Female,28,2,Travel_Rarely,5,1,3310
396,Research & Development,Research Director,Female,49,4,Travel_Frequently,3,5,18665
397,Research & Development,Research Scientist,Male,36,3,Travel_Rarely,8,2,4485
399,Sales,Sales Representative,Female,31,3,Travel_Frequently,2,1,2789
401,Sales,Sales Executive,Male,26,4,Travel_Rarely,8,2,5828
403,Research & Development,Research Scientist,Male,37,3,Travel_Frequently,4,1,2326
404,Sales,Sales Executive,Female,42,3,Travel_Frequently,20,4,13525
405,Research & Development,Laboratory Technician,Male,18,3,Travel_Rarely,0,1,1420
406,Sales,Sales Executive,Male,35,3,Travel_Rarely,11,3,8020
407,Research & Development,Laboratory Technician,Male,36,4,Travel_Frequently,1,1,3688
408,Research & Development,Manufacturing Director,Male,51,3,Travel_Rarely,4,2,5482
410,Sales,Manager,Male,41,4,Travel_Rarely,22,4,16015
411,Sales,Sales Representative,Female,18,3,Travel_Rarely,0,1,1200
412,Research & Development,Healthcare Representative,Male,28,2,Travel_Rarely,8,2,5661
416,Sales,Sales Executive,Male,31,3,Travel_Rarely,8,2,6929
417,Research & Development,Healthcare Representative,Male,39,3,Travel_Rarely,18,3,9613
419,Research & Development,Laboratory Technician,Female,36,4,Non-Travel,9,2,5674
420,Sales,Sales Executive,Male,32,3,Travel_Rarely,13,2,5484
421,Research & Development,Research Director,Female,38,2,Travel_Rarely,10,3,12061
422,Research & Development,Healthcare Representative,Male,58,4,Non-Travel,5,2,5660
423,Research & Development,Research Scientist,Male,31,4,Travel_Rarely,5,1,4821
424,Human Resources,Human Resources,Male,31,3,Travel_Rarely,2,2,6410
425,Research & Development,Laboratory Technician,Male,45,3,Travel_Frequently,24,3,5210
426,Research & Development,Research Scientist,Male,31,4,Travel_Rarely,2,1,2695
428,Research & Development,Manager,Female,33,4,Travel_Frequently,10,3,11878
429,Research & Development,Manager,Male,39,1,Travel_Rarely,21,4,17068
430,Research & Development,Laboratory Technician,Female,43,4,Travel_Frequently,8,1,2455
431,Research & Development,Healthcare Representative,Female,49,2,Travel_Rarely,7,4,13964
433,Research & Development,Research Scientist,Male,52,4,Travel_Rarely,8,2,4941
434,Research & Development,Research Scientist,Female,27,3,Travel_Rarely,4,1,2478
436,Sales,Sales Executive,Female,32,2,Travel_Rarely,13,2,5228
437,Sales,Sales Executive,Male,27,3,Travel_Rarely,5,2,4478
438,Sales,Sales Executive,Male,31,3,Travel_Rarely,7,2,7547
439,Research & Development,Research Scientist,Female,32,4,Travel_Rarely,7,2,5055
440,Research & Development,Research Scientist,Male,28,4,Travel_Rarely,3,1,3464
441,Research & Development,Research Scientist,Female,30,2,Travel_Rarely,10,2,5775
442,Research & Development,Manufacturing Director,Female,31,2,Travel_Frequently,10,3,8943
444,Research & Development,Manager,Male,39,2,Travel_Frequently,21,5,19272
445,Sales,Sales Executive,Female,39,2,Travel_Rarely,1,2,5238
446,Sales,Sales Executive,Male,33,3,Travel_Frequently,7,2,4682
447,Research & Development,Research Director,Male,47,5,Travel_Rarely,3,5,18300
448,Research & Development,Laboratory Technician,Female,43,4,Travel_Frequently,9,2,5257
449,Sales,Sales Executive,Male,27,1,Non-Travel,5,2,6349
450,Research & Development,Research Scientist,Female,54,4,Travel_Frequently,4,2,4869
451,Research & Development,Healthcare Representative,Female,43,3,Travel_Rarely,1,3,9985
452,Research & Development,Research Scientist,Male,45,4,Travel_Rarely,10,2,3697
453,Sales,Sales Executive,Male,40,2,Travel_Rarely,4,2,7457
454,Research & Development,Laboratory Technician,Male,29,4,Travel_Rarely,7,1,2119
455,Research & Development,Laboratory Technician,Male,29,5,Travel_Rarely,3,1,3983
456,Sales,Sales Executive,Female,30,3,Travel_Rarely,10,2,6118
458,Sales,Sales Executive,Female,27,4,Travel_Rarely,8,2,6214
460,Research & Development,Manufacturing Director,Male,37,2,Travel_Rarely,6,2,6347
461,Research & Development,Research Director,Male,38,2,Travel_Rarely,11,3,11510
462,Research & Development,Manufacturing Director,Female,31,4,Travel_Rarely,11,3,7143
463,Sales,Sales Executive,Female,29,1,Travel_Rarely,7,2,8268
464,Research & Development,Manufacturing Director,Male,35,4,Travel_Rarely,16,3,8095
465,Research & Development,Research Scientist,Male,23,1,Travel_Rarely,4,1,2904
466,Research & Development,Manufacturing Director,Male,41,3,Travel_Rarely,5,2,6032
467,Sales,Sales Representative,Male,47,1,Travel_Frequently,0,2,2976
468,Research & Development,Research Director,Female,42,5,Travel_Rarely,1,4,15992
469,Sales,Sales Executive,Male,29,3,Non-Travel,4,2,4649
470,Human Resources,Human Resources,Male,42,1,Travel_Rarely,3,1,2696
471,Research & Development,Laboratory Technician,Female,32,3,Travel_Rarely,8,1,2370
473,Sales,Manager,Female,48,1,Travel_Rarely,0,3,12504
474,Research & Development,Research Scientist,Male,37,3,Travel_Rarely,7,2,5974
475,Sales,Sales Executive,Female,30,2,Non-Travel,2,2,4736
476,Sales,Sales Executive,Male,26,3,Travel_Rarely,8,2,5296
477,Research & Development,Healthcare Representative,Male,42,4,Travel_Rarely,1,2,6781
478,Sales,Sales Representative,Female,21,1,Travel_Frequently,3,1,2174
479,Sales,Sales Executive,Female,36,5,Non-Travel,1,2,6653
481,Sales,Sales Executive,Male,36,4,Travel_Frequently,13,3,9699
482,Research & Development,Healthcare Representative,Male,57,4,Travel_Rarely,3,2,6755
483,Research & Development,Laboratory Technician,Female,40,4,Travel_Rarely,7,1,2213
484,Sales,Sales Representative,Male,21,2,Non-Travel,3,1,2610
485,Sales,Sales Representative,Female,33,3,Travel_Rarely,1,1,2851
486,Research & Development,Laboratory Technician,Female,37,3,Travel_Rarely,5,1,3452
487,Research & Development,Manufacturing Director,Female,46,4,Non-Travel,1,2,5258
488,Sales,Sales Executive,Male,41,3,Travel_Frequently,8,2,9355
491,Research & Development,Healthcare Representative,Male,50,3,Travel_Rarely,4,3,10496
492,Sales,Sales Executive,Male,40,2,Travel_Rarely,6,2,6380
493,Research & Development,Research Scientist,Male,31,4,Travel_Rarely,2,1,2657
494,Sales,Sales Representative,Female,21,3,Travel_Rarely,1,1,2716
495,Research & Development,Research Scientist,Male,29,3,Travel_Rarely,3,1,2201
496,Research & Development,Healthcare Representative,Male,35,4,Travel_Rarely,1,2,6540
497,Research & Development,Laboratory Technician,Male,27,2,Travel_Rarely,5,1,3816
498,Sales,Sales Executive,Male,28,4,Travel_Rarely,7,2,5253
499,Research & Development,Healthcare Representative,Male,49,3,Travel_Rarely,5,3,10965
500,Sales,Sales Executive,Female,51,2,Travel_Rarely,7,2,4936
501,Research & Development,Research Scientist,Female,36,3,Travel_Rarely,2,1,2543
502,Sales,Sales Executive,Male,34,3,Non-Travel,5,2,5304
505,Research & Development,Manager,Female,55,3,Travel_Rarely,5,4,16659
507,Sales,Sales Executive,Female,24,4,Travel_Rarely,5,2,4260
508,Sales,Sales Representative,Male,30,1,Travel_Rarely,1,1,2476
510,Research & Development,Research Scientist,Male,26,1,Travel_Frequently,6,1,3102
511,Research & Development,Research Scientist,Female,22,3,Travel_Rarely,2,1,2244
513,Sales,Sales Executive,Male,36,2,Travel_Rarely,10,3,7596
514,Research & Development,Research Scientist,Male,30,3,Travel_Frequently,1,1,2285
515,Research & Development,Laboratory Technician,Female,37,3,Travel_Rarely,18,1,3034
516,Sales,Sales Executive,Female,40,2,Travel_Rarely,5,2,5715
517,Research & Development,Laboratory Technician,Female,42,4,Travel_Rarely,5,1,2576
518,Research & Development,Manufacturing Director,Male,37,4,Travel_Rarely,1,2,4197
520,Research & Development,Research Director,Male,43,3,Travel_Rarely,25,4,14336
521,Research & Development,Laboratory Technician,Female,40,3,Travel_Rarely,1,2,3448
522,Research & Development,Research Director,Male,54,2,Travel_Rarely,4,5,19406
523,Sales,Sales Executive,Female,34,4,Non-Travel,3,2,6538
524,Research & Development,Manufacturing Director,Female,31,2,Travel_Rarely,13,2,4306
525,Research & Development,Laboratory Technician,Male,43,3,Travel_Frequently,3,1,2258
526,Research & Development,Healthcare Representative,Female,43,4,Travel_Rarely,5,2,4522
527,Sales,Sales Executive,Female,25,2,Travel_Rarely,5,2,4487
529,Research & Development,Research Scientist,Female,37,5,Non-Travel,13,2,4449
530,Research & Development,Laboratory Technician,Male,31,2,Travel_Rarely,4,1,2218
531,Research & Development,Manager,Male,39,1,Travel_Frequently,21,5,19197
532,Sales,Sales Executive,Female,56,3,Travel_Frequently,7,4,13212
533,Sales,Sales Executive,Female,30,3,Travel_Rarely,5,2,6577
534,Sales,Sales Executive,Male,41,3,Travel_Rarely,10,3,8392
536,Research & Development,Laboratory Technician,Male,28,2,Travel_Rarely,10,2,4558
538,Research & Development,Laboratory Technician,Male,25,3,Travel_Rarely,2,1,4031
543,Research & Development,Manufacturing Director,Male,52,3,Travel_Rarely,5,3,7969
544,Research & Development,Research Scientist,Male,45,2,Travel_Rarely,2,1,2654
546,Research & Development,Manager,Female,52,2,Travel_Rarely,5,4,16555
547,Research & Development,Research Scientist,Female,42,2,Travel_Frequently,5,2,4556
548,Research & Development,Manufacturing Director,Female,30,3,Travel_Rarely,5,2,6091
549,Research & Development,Manager,Female,60,3,Travel_Rarely,29,5,19566
550,Research & Development,Manufacturing Director,Female,46,3,Travel_Rarely,10,2,4810
551,Research & Development,Healthcare Representative,Female,42,4,Travel_Frequently,6,2,4523
554,Sales,Sales Representative,Female,24,1,Travel_Rarely,5,1,3202
555,Sales,Sales Representative,Female,34,2,Travel_Frequently,2,1,2351
556,Research & Development,Laboratory Technician,Male,38,2,Travel_Frequently,1,1,1702
558,Sales,Manager,Female,40,4,Travel_Rarely,20,5,18041
560,Research & Development,Research Scientist,Female,26,3,Travel_Rarely,3,1,2886
562,Research & Development,Laboratory Technician,Male,30,3,Non-Travel,5,1,2097
564,Research & Development,Research Director,Male,29,4,Travel_Rarely,10,3,11935
565,Research & Development,Research Scientist,Female,29,5,Travel_Rarely,2,1,2546
566,Human Resources,Human Resources,Male,19,2,Travel_Rarely,1,1,2564
567,Sales,Sales Executive,Female,30,4,Non-Travel,9,3,8412
568,Sales,Manager,Male,57,3,Travel_Rarely,1,4,14118
569,Research & Development,Manager,Male,50,4,Travel_Rarely,27,4,17046
571,Research & Development,Laboratory Technician,Female,30,3,Non-Travel,11,1,2564
573,Sales,Sales Executive,Female,60,3,Travel_Frequently,18,3,10266
574,Research & Development,Manufacturing Director,Female,47,2,Travel_Rarely,5,2,5070
575,Research & Development,Research Director,Male,46,3,Travel_Rarely,3,4,17861
577,Research & Development,Laboratory Technician,Male,35,3,Travel_Rarely,5,1,4230
578,Research & Development,Laboratory Technician,Female,54,4,Travel_Rarely,1,2,3780
579,Research & Development,Research Scientist,Male,34,4,Travel_Rarely,7,1,2768
580,Sales,Sales Executive,Female,46,3,Travel_Rarely,3,3,9071
581,Research & Development,Manufacturing Director,Male,31,1,Travel_Rarely,13,3,10648
582,Research & Development,Manager,Male,33,1,Travel_Rarely,7,3,13610
584,Research & Development,Laboratory Technician,Male,33,1,Travel_Rarely,4,1,3408
585,Sales,Sales Representative,Male,30,1,Travel_Rarely,3,1,2983
586,Research & Development,Healthcare Representative,Male,35,3,Travel_Rarely,8,3,7632
587,Research & Development,Healthcare Representative,Male,31,3,Travel_Frequently,1,3,9824
590,Human Resources,Human Resources,Female,34,3,Travel_Frequently,3,3,9950
591,Research & Development,Laboratory Technician,Male,42,2,Travel_Frequently,2,1,2093
592,Sales,Sales Executive,Male,36,4,Non-Travel,10,3,9980
593,Research & Development,Laboratory Technician,Male,22,1,Travel_Frequently,2,1,3894
595,Sales,Sales Executive,Female,48,5,Travel_Rarely,9,2,4051
597,Sales,Manager,Female,55,5,Travel_Rarely,10,4,16835
599,Sales,Sales Executive,Male,41,2,Non-Travel,14,2,6230
600,Sales,Sales Executive,Male,35,3,Travel_Rarely,11,2,4717
601,Research & Development,Manufacturing Director,Female,40,3,Travel_Rarely,20,4,13237
602,Research & Development,Laboratory Technician,Female,39,1,Travel_Frequently,8,1,3755
604,Sales,Sales Executive,Male,31,1,Travel_Rarely,6,2,6582
605,Research & Development,Manufacturing Director,Male,42,3,Travel_Rarely,10,3,7406
606,Sales,Sales Executive,Male,45,3,Travel_Rarely,8,2,4805
608,Human Resources,Human Resources,Female,26,4,Travel_Frequently,7,1,2741
611,Research & Development,Manufacturing Director,Male,29,3,Travel_Rarely,3,2,4262
612,Research & Development,Research Director,Female,33,5,Travel_Rarely,6,4,16184
613,Sales,Manager,Male,31,3,Travel_Rarely,5,3,11557
614,Sales,Sales Representative,Male,18,3,Travel_Frequently,0,1,1878
615,Sales,Sales Executive,Male,40,3,Non-Travel,1,3,10932
616,Research & Development,Healthcare Representative,Female,41,4,Non-Travel,8,2,6811
618,Sales,Sales Executive,Male,26,2,Travel_Rarely,0,2,4306
620,Sales,Sales Executive,Female,35,3,Travel_Rarely,5,2,4859
621,Sales,Sales Executive,Male,34,4,Travel_Rarely,10,2,5337
622,Research & Development,Laboratory Technician,Male,26,3,Travel_Rarely,1,1,2340
623,Research & Development,Manufacturing Director,Female,37,3,Travel_Rarely,6,3,7491
624,Research & Development,Healthcare Representative,Female,46,1,Travel_Frequently,2,3,10527
625,Sales,Manager,Female,41,5,Travel_Rarely,18,4,16595
626,Sales,Sales Executive,Male,37,4,Non-Travel,9,3,8834
630,Research & Development,Research Scientist,Male,52,2,Travel_Rarely,10,2,5577
631,Sales,Sales Executive,Male,32,4,Non-Travel,4,2,4707
632,Sales,Sales Representative,Male,24,3,Travel_Frequently,2,1,2400
634,Research & Development,Healthcare Representative,Female,38,3,Travel_Rarely,1,2,9824
635,Research & Development,Manufacturing Director,Female,37,4,Travel_Rarely,6,2,6447
638,Research & Development,Research Director,Male,49,4,Travel_Rarely,31,5,19502
639,Research & Development,Research Scientist,Male,24,3,Travel_Rarely,6,1,2725
641,Sales,Sales Executive,Male,26,2,Travel_Rarely,5,2,6272
643,Research & Development,Laboratory Technician,Male,24,2,Travel_Rarely,1,1,2127
644,Human Resources,Manager,Male,50,3,Travel_Frequently,32,5,18200
645,Sales,Sales Representative,Male,25,1,Travel_Rarely,7,1,2096
647,Research & Development,Laboratory Technician,Female,24,3,Travel_Frequently,6,1,2886
648,Sales,Sales Representative,Male,30,4,Travel_Frequently,1,1,2033
649,Research & Development,Research Scientist,Male,34,2,Travel_Rarely,6,1,3622
650,Sales,Sales Executive,Male,31,4,Travel_Rarely,3,2,4233
652,Research & Development,Laboratory Technician,Male,35,2,Travel_Rarely,3,2,3681
653,Sales,Sales Executive,Male,31,4,Travel_Rarely,7,2,5460
655,Research & Development,Research Scientist,Female,27,4,Travel_Rarely,5,1,2187
656,Sales,Sales Executive,Male,37,3,Travel_Rarely,3,2,9602
657,Research & Development,Research Scientist,Female,20,3,Travel_Rarely,1,1,2836
659,Research & Development,Healthcare Representative,Female,42,4,Travel_Rarely,10,2,4089
661,Research & Development,Research Director,Male,43,4,Travel_Rarely,1,4,16627
662,Research & Development,Research Scientist,Female,38,1,Travel_Rarely,0,1,2619
663,Research & Development,Laboratory Technician,Male,43,5,Travel_Frequently,8,2,5679
664,Research & Development,Manager,Female,48,4,Travel_Rarely,3,4,15402
665,Human Resources,Human Resources,Female,44,4,Travel_Rarely,2,2,5985
666,Sales,Sales Representative,Female,34,3,Travel_Rarely,8,1,2579
667,Sales,Sales Representative,Male,27,1,Travel_Rarely,4,1,3041
669,Sales,Sales Representative,Male,21,1,Travel_Rarely,3,1,3447
671,Research & Development,Manager,Male,44,4,Travel_Rarely,2,5,19513
675,Research & Development,Research Scientist,Male,22,1,Travel_Rarely,2,1,2773
677,Sales,Sales Executive,Male,33,4,Travel_Rarely,5,2,7104
679,Research & Development,Research Scientist,Female,32,4,Travel_Rarely,6,2,6322
680,Research & Development,Research Scientist,Female,30,3,Travel_Frequently,1,1,2083
682,Sales,Sales Executive,Female,53,1,Travel_Rarely,14,2,8381
683,Research & Development,Research Scientist,Male,34,5,Travel_Rarely,10,1,2691
684,Sales,Sales Executive,Female,45,4,Travel_Frequently,1,2,4286
686,Research & Development,Laboratory Technician,Female,26,3,Travel_Rarely,3,1,2659
689,Research & Development,Manufacturing Director,Male,37,3,Travel_Rarely,10,3,9434
690,Sales,Sales Executive,Female,29,2,Travel_Rarely,6,2,5561
691,Research & Development,Research Scientist,Male,35,4,Travel_Rarely,17,2,6646
692,Research & Development,Healthcare Representative,Male,33,3,Travel_Frequently,13,2,7725
698,Human Resources,Human Resources,Male,54,4,Travel_Rarely,9,3,10725
699,Research & Development,Manufacturing Director,Male,36,2,Travel_Rarely,3,2,8847
700,Research & Development,Research Scientist,Male,27,4,Travel_Rarely,4,1,2045
701,Research & Development,Research Scientist,Male,20,1,Travel_Rarely,1,1,1009
702,Research & Development,Research Scientist,Male,33,3,Travel_Frequently,10,1,3348
704,Research & Development,Laboratory Technician,Male,35,3,Non-Travel,1,1,1281
705,Research & Development,Research Scientist,Male,23,3,Travel_Rarely,3,1,2819
707,Sales,Sales Executive,Male,25,3,Travel_Rarely,3,2,4851
709,Sales,Sales Executive,Female,38,4,Travel_Rarely,7,2,4028
710,Research & Development,Research Scientist,Male,29,4,Travel_Frequently,10,1,2720
712,Sales,Sales Executive,Male,48,1,Travel_Rarely,2,2,8120
714,Sales,Sales Executive,Female,27,1,Travel_Frequently,6,2,4647
715,Research & Development,Research Scientist,Male,37,2,Travel_Rarely,1,1,4680
716,Research & Development,Laboratory Technician,Male,50,1,Travel_Rarely,20,1,3221
717,Research & Development,Healthcare Representative,Female,34,3,Travel_Rarely,8,3,8621
720,Sales,Sales Executive,Female,24,2,Travel_Rarely,2,2,4577
721,Research & Development,Healthcare Representative,Female,39,4,Travel_Rarely,20,2,4553
722,Sales,Sales Executive,Male,32,3,Travel_Rarely,10,2,5396
723,Sales,Sales Executive,Male,50,2,Travel_Frequently,4,2,6796
724,Research & Development,Healthcare Representative,Female,38,4,Travel_Rarely,9,2,7625
725,Research & Development,Manufacturing Director,Female,27,2,Travel_Rarely,9,3,7412
727,Research & Development,Research Director,Female,32,2,Travel_Rarely,7,3,11159
728,Sales,Sales Executive,Male,47,4,Travel_Rarely,7,2,4960
729,Sales,Sales Executive,Male,40,4,Travel_Frequently,18,3,10475
730,Research & Development,Research Director,Male,53,3,Travel_Rarely,5,4,14814
731,Human Resources,Manager,Male,41,4,Travel_Rarely,21,5,19141
732,Sales,Sales Executive,Male,60,4,Travel_Rarely,2,2,5405
733,Research & Development,Manufacturing Director,Male,27,2,Travel_Frequently,9,3,8793
734,Human Resources,Manager,Male,41,3,Travel_Rarely,22,5,19189
738,Sales,Sales Representative,Male,50,4,Travel_Rarely,2,1,3875
741,Research & Development,Research Scientist,Female,28,2,Travel_Rarely,7,1,2216
742,Research & Development,Research Director,Female,36,3,Non-Travel,8,3,11713
743,Research & Development,Manufacturing Director,Female,38,3,Travel_Rarely,1,3,7861
744,Research & Development,Laboratory Technician,Male,44,3,Non-Travel,5,1,3708
746,Sales,Sales Executive,Female,47,3,Travel_Frequently,22,4,13770
747,Sales,Sales Executive,Male,30,5,Travel_Rarely,8,2,5304
749,Sales,Sales Representative,Male,29,3,Travel_Rarely,1,1,2642
752,Research & Development,Research Scientist,Male,42,3,Travel_Frequently,2,1,2759
754,Sales,Sales Executive,Male,43,3,Travel_Frequently,2,2,6804
757,Research & Development,Healthcare Representative,Female,34,2,Travel_Rarely,5,2,6142
758,Research & Development,Laboratory Technician,Male,23,1,Travel_Rarely,4,1,2500
760,Human Resources,Human Resources,Female,39,3,Travel_Rarely,8,2,6389
762,Research & Development,Healthcare Representative,Male,56,3,Travel_Rarely,10,4,11103
763,Research & Development,Research Scientist,Female,40,1,Travel_Rarely,4,1,2342
764,Research & Development,Healthcare Representative,Female,27,3,Travel_Rarely,7,2,6811
766,Sales,Sales Representative,Male,29,3,Travel_Rarely,2,1,2297
769,Research & Development,Laboratory Technician,Male,53,3,Travel_Rarely,2,2,2450
771,Research & Development,Healthcare Representative,Female,35,4,Non-Travel,1,2,5093
772,Research & Development,Laboratory Technician,Male,32,4,Travel_Frequently,10,2,5309
773,Research & Development,Research Scientist,Male,38,5,Travel_Rarely,1,1,3057
775,Research & Development,Manufacturing Director,Female,34,5,Travel_Rarely,0,2,5121
776,Sales,Manager,Male,52,4,Travel_Rarely,34,4,16856
780,Research & Development,Research Scientist,Male,33,4,Travel_Rarely,10,1,2686
781,Sales,Sales Executive,Female,25,1,Travel_Rarely,6,2,6180
783,Sales,Sales Representative,Male,45,2,Travel_Rarely,8,2,6632
784,Research & Development,Research Scientist,Male,23,1,Travel_Rarely,2,1,3505
785,Sales,Sales Executive,Female,47,2,Travel_Frequently,5,2,6397
786,Sales,Sales Executive,Male,34,3,Travel_Rarely,6,2,6274
787,Research & Development,Manager,Male,55,3,Travel_Rarely,5,5,19859
789,Sales,Sales Executive,Male,36,4,Non-Travel,10,3,7587
791,Research & Development,Research Scientist,Male,52,4,Non-Travel,4,1,4258
792,Research & Development,Laboratory Technician,Female,26,2,Travel_Frequently,2,1,4364
793,Research & Development,Healthcare Representative,Female,29,3,Travel_Rarely,8,2,4335
796,Sales,Sales Executive,Male,26,3,Travel_Rarely,4,2,5326
797,Research & Development,Research Scientist,Female,34,4,Travel_Rarely,4,1,3280
799,Research & Development,Manufacturing Director,Female,54,4,Travel_Rarely,5,2,5485
800,Sales,Sales Executive,Male,27,1,Travel_Frequently,4,2,4342
802,Research & Development,Research Scientist,Female,37,1,Travel_Rarely,5,1,2782
803,Research & Development,Manufacturing Director,Female,38,4,Travel_Frequently,15,2,5980
804,Research & Development,Research Scientist,Female,34,4,Travel_Rarely,6,1,4381
805,Sales,Sales Representative,Female,35,4,Travel_Rarely,3,1,2572
806,Research & Development,Laboratory Technician,Male,30,3,Travel_Rarely,2,1,3833
807,Research & Development,Healthcare Representative,Female,40,2,Travel_Frequently,8,2,4244
808,Sales,Sales Executive,Female,34,2,Travel_Rarely,3,2,6500
809,Research & Development,Manager,Male,42,3,Travel_Frequently,24,5,18430
811,Research & Development,Laboratory Technician,Male,23,3,Travel_Rarely,0,1,1601
812,Research & Development,Laboratory Technician,Male,24,3,Non-Travel,1,1,2694
813,Research & Development,Laboratory Technician,Female,52,4,Travel_Rarely,5,2,3149
815,Research & Development,Research Director,Male,50,3,Travel_Rarely,4,4,17639
816,Research & Development,Laboratory Technician,Female,29,2,Travel_Rarely,1,1,2319
817,Research & Development,Research Director,Male,33,3,Travel_Rarely,13,3,11691
819,Sales,Sales Executive,Female,33,3,Travel_Rarely,3,2,5324
820,Research & Development,Manager,Female,47,2,Travel_Rarely,26,4,16752
823,Research & Development,Manufacturing Director,Female,36,3,Travel_Rarely,9,2,5228
824,Research & Development,Research Scientist,Male,29,2,Travel_Rarely,10,1,2700
825,Research & Development,Research Director,Male,58,4,Travel_Rarely,31,5,19246
826,Research & Development,Research Scientist,Female,35,4,Travel_Rarely,2,1,2506
827,Research & Development,Manufacturing Director,Female,42,2,Travel_Rarely,4,2,6062
828,Research & Development,Research Scientist,Male,28,4,Travel_Rarely,2,1,4382
829,Human Resources,Human Resources,Male,36,3,Travel_Rarely,5,1,2143
830,Research & Development,Manufacturing Director,Female,32,3,Travel_Rarely,14,2,6162
832,Research & Development,Laboratory Technician,Male,40,4,Travel_Frequently,1,2,5094
833,Research & Development,Manufacturing Director,Female,30,3,Travel_Rarely,0,2,6877
834,Research & Development,Research Scientist,Female,45,3,Travel_Rarely,1,1,2274
836,Research & Development,Manufacturing Director,Male,42,3,Travel_Rarely,9,2,4434
837,Research & Development,Healthcare Representative,Male,38,3,Travel_Frequently,4,2,6288
838,Research & Development,Research Scientist,Female,34,4,Travel_Frequently,5,1,2553
840,Sales,Sales Executive,Female,49,3,Travel_Rarely,9,3,7654
842,Sales,Sales Executive,Male,55,1,Travel_Rarely,9,2,5160
843,Research & Development,Research Director,Male,43,2,Travel_Rarely,4,4,17159
844,Research & Development,Research Director,Male,27,1,Travel_Rarely,9,3,12808
845,Research & Development,Manufacturing Director,Male,35,3,Travel_Rarely,8,3,10221
846,Sales,Sales Executive,Female,28,4,Travel_Rarely,8,2,4779
847,Human Resources,Human Resources,Male,34,2,Travel_Rarely,3,1,3737
848,Research & Development,Research Scientist,Female,26,2,Travel_Frequently,8,1,2366
850,Research & Development,Research Scientist,Male,27,3,Non-Travel,0,1,1706
851,Sales,Manager,Female,51,4,Travel_Rarely,20,4,16307
852,Research & Development,Healthcare Representative,Male,44,3,Travel_Rarely,5,2,5933
854,Research & Development,Research Scientist,Male,25,1,Travel_Rarely,4,1,3424
855,Sales,Sales Executive,Male,33,3,Travel_Rarely,9,2,4037
856,Research & Development,Research Scientist,Female,35,1,Travel_Rarely,6,1,2559
857,Sales,Sales Executive,Male,36,2,Travel_Rarely,18,2,6201
859,Sales,Sales Executive,Male,32,4,Travel_Rarely,5,2,4403
861,Research & Development,Research Scientist,Male,30,4,Travel_Frequently,5,1,3761
862,Sales,Sales Executive,Female,53,2,Travel_Rarely,5,3,10934
864,Sales,Sales Executive,Male,45,3,Travel_Rarely,5,3,10761
865,Research & Development,Research Scientist,Female,32,2,Travel_Rarely,5,2,5175
867,Research & Development,Manufacturing Director,Female,52,4,Travel_Frequently,9,4,13826
868,Sales,Sales Executive,Male,37,4,Travel_Rarely,1,2,6334
869,Human Resources,Human Resources,Male,28,2,Travel_Rarely,5,1,4936
872,Research & Development,Manufacturing Director,Male,22,2,Travel_Rarely,2,2,4775
874,Research & Development,Laboratory Technician,Male,44,4,Travel_Rarely,3,1,2818
875,Research & Development,Research Scientist,Male,42,1,Travel_Frequently,2,1,2515
878,Human Resources,Human Resources,Male,36,3,Travel_Rarely,5,1,2342
879,Sales,Sales Executive,Male,25,1,Travel_Rarely,5,2,4194
880,Research & Development,Manufacturing Director,Female,35,3,Travel_Rarely,17,3,10685
881,Research & Development,Research Scientist,Female,35,4,Travel_Frequently,10,1,2022
882,Research & Development,Laboratory Technician,Male,32,3,Non-Travel,3,1,2314
885,Sales,Sales Executive,Male,25,1,Travel_Rarely,5,2,4256
887,Research & Development,Research Scientist,Female,49,3,Travel_Rarely,4,1,3580
888,Research & Development,Laboratory Technician,Male,24,1,Non-Travel,5,1,3162
889,Sales,Sales Executive,Male,32,2,Travel_Frequently,10,2,6524
893,Sales,Sales Representative,Male,38,3,Travel_Rarely,2,1,2899
894,Research & Development,Laboratory Technician,Female,42,3,Travel_Rarely,5,2,5231
895,Research & Development,Research Scientist,Male,31,4,Travel_Rarely,6,1,2356
896,Sales,Sales Representative,Female,29,3,Travel_Rarely,3,1,2800
897,Sales,Sales Executive,Male,53,3,Travel_Rarely,2,4,11836
899,Research & Development,Manufacturing Director,Male,35,3,Travel_Rarely,13,3,10903
900,Sales,Sales Representative,Female,37,2,Travel_Frequently,5,1,2973
901,Research & Development,Research Director,Female,53,4,Travel_Rarely,12,4,14275
902,Research & Development,Healthcare Representative,Female,43,3,Travel_Frequently,5,2,5562
903,Sales,Sales Executive,Female,47,2,Travel_Rarely,7,2,4537
904,Sales,Sales Executive,Male,37,2,Non-Travel,10,3,7642
905,Research & Development,Manager,Male,50,4,Non-Travel,31,4,17924
909,Human Resources,Human Resources,Female,39,3,Travel_Rarely,5,2,5204
910,Human Resources,Human Resources,Male,33,2,Travel_Rarely,4,1,2277
911,Research & Development,Laboratory Technician,Male,32,4,Travel_Rarely,1,1,2795
912,Research & Development,Laboratory Technician,Female,29,1,Travel_Rarely,4,1,2532
913,Research & Development,Research Scientist,Male,44,2,Travel_Rarely,8,1,2559
916,Sales,Sales Executive,Male,28,4,Travel_Rarely,4,2,4908
918,Research & Development,Laboratory Technician,Male,58,1,Travel_Frequently,1,1,2380
920,Research & Development,Manufacturing Director,Female,43,3,Travel_Rarely,1,2,4765
922,Sales,Sales Representative,Female,20,3,Travel_Rarely,2,1,2044
923,Research & Development,Research Scientist,Female,21,1,Travel_Rarely,1,1,2693
924,Research & Development,Healthcare Representative,Male,36,1,Travel_Rarely,16,2,6586
925,Sales,Sales Representative,Female,47,4,Travel_Rarely,3,1,3294
926,Research & Development,Manufacturing Director,Female,22,1,Travel_Rarely,3,2,4171
927,Research & Development,Laboratory Technician,Female,41,4,Travel_Rarely,7,1,2778
930,Research & Development,Research Scientist,Female,28,3,Travel_Rarely,2,1,2377
932,Research & Development,Laboratory Technician,Male,39,3,Travel_Rarely,2,1,2404
933,Research & Development,Research Scientist,Female,27,3,Travel_Rarely,1,1,2318
934,Research & Development,Laboratory Technician,Male,34,3,Travel_Rarely,1,1,2008
936,Sales,Sales Executive,Female,42,2,Travel_Rarely,5,2,6244
939,Research & Development,Research Scientist,Male,33,4,Travel_Rarely,3,1,2799
940,Research & Development,Healthcare Representative,Female,58,3,Travel_Rarely,6,3,10552
941,Sales,Sales Representative,Male,31,4,Travel_Rarely,7,1,2329
942,Research & Development,Healthcare Representative,Female,35,1,Travel_Rarely,10,2,4014
944,Research & Development,Laboratory Technician,Female,49,2,Travel_Rarely,26,3,7403
945,Research & Development,Research Scientist,Male,48,4,Travel_Rarely,0,1,2259
947,Sales,Sales Executive,Female,31,2,Non-Travel,9,2,6932
949,Research & Development,Research Scientist,Male,36,4,Travel_Rarely,6,1,4678
950,Research & Development,Research Director,Female,38,3,Travel_Rarely,15,3,13582
951,Research & Development,Laboratory Technician,Female,32,3,Non-Travel,3,1,2332
952,Sales,Sales Representative,Male,25,2,Travel_Rarely,1,1,2413
954,Sales,Sales Executive,Male,40,4,Travel_Rarely,1,3,9705
956,Sales,Sales Executive,Male,26,3,Travel_Frequently,7,2,4294
957,Research & Development,Laboratory Technician,Male,41,3,Travel_Rarely,18,1,4721
958,Research & Development,Laboratory Technician,Male,36,4,Travel_Rarely,11,1,2519
959,Sales,Sales Representative,Male,19,3,Travel_Rarely,1,1,2121
960,Research & Development,Laboratory Technician,Male,20,3,Travel_Rarely,1,1,2973
961,Research & Development,Healthcare Representative,Female,31,3,Travel_Rarely,9,2,5855
964,Research & Development,Research Scientist,Male,40,4,Travel_Frequently,1,1,3617
966,Research & Development,Manufacturing Director,Female,32,4,Travel_Rarely,8,2,6725
967,Sales,Sales Executive,Male,36,1,Travel_Rarely,16,3,10325
969,Research & Development,Healthcare Representative,Female,33,3,Travel_Rarely,5,2,6949
970,Sales,Sales Executive,Male,37,4,Travel_Rarely,14,3,10609
972,Research & Development,Laboratory Technician,Male,45,2,Non-Travel,9,2,4447
974,Sales,Sales Representative,Female,29,3,Travel_Frequently,3,1,2157
975,Sales,Sales Executive,Female,35,3,Travel_Rarely,5,2,4601
976,Research & Development,Manager,Male,52,2,Travel_Rarely,9,4,17099
977,Research & Development,Research Scientist,Male,58,3,Travel_Rarely,1,1,2479
981,Sales,Manager,Male,53,2,Travel_Rarely,17,4,14852
982,Sales,Sales Executive,Male,30,2,Travel_Rarely,8,3,7264
983,Sales,Sales Executive,Female,38,3,Non-Travel,5,2,5666
984,Sales,Sales Executive,Male,35,4,Travel_Rarely,10,3,7823
985,Sales,Sales Executive,Male,39,5,Travel_Rarely,8,3,7880
986,Sales,Sales Executive,Female,40,3,Non-Travel,1,4,13194
987,Research & Development,Manufacturing Director,Male,47,4,Travel_Frequently,19,2,5067
990,Sales,Sales Executive,Male,36,4,Non-Travel,7,2,5079
991,Research & Development,Research Scientist,Male,31,2,Non-Travel,3,1,2321
992,Sales,Manager,Male,33,3,Non-Travel,10,4,17444
994,Research & Development,Research Scientist,Female,29,3,Travel_Rarely,0,1,2404
995,Research & Development,Research Scientist,Female,33,1,Travel_Rarely,3,1,3452
996,Research & Development,Laboratory Technician,Female,45,4,Travel_Rarely,5,1,2270
997,Research & Development,Research Director,Male,50,2,Travel_Rarely,5,4,17399
998,Research & Development,Healthcare Representative,Female,33,4,Travel_Frequently,6,2,5488
999,Research & Development,Research Director,Male,41,3,Travel_Frequently,18,5,19419
1001,Research & Development,Laboratory Technician,Female,27,4,Travel_Rarely,2,1,2811
1002,Research & Development,Laboratory Technician,Male,45,2,Non-Travel,9,2,3633
1003,Sales,Sales Executive,Female,47,2,Travel_Rarely,9,2,4163
1004,Research & Development,Research Scientist,Female,30,3,Travel_Rarely,5,1,2132
1005,Research & Development,Manufacturing Director,Male,50,3,Travel_Rarely,12,4,13973
1006,Research & Development,Research Scientist,Male,38,1,Travel_Frequently,2,1,2684
1007,Research & Development,Manufacturing Director,Male,46,2,Travel_Rarely,8,3,10845
1009,Research & Development,Manufacturing Director,Female,24,1,Travel_Rarely,4,2,4377
1010,Research & Development,Laboratory Technician,Male,35,4,Travel_Rarely,4,1,3743
1011,Research & Development,Manufacturing Director,Female,31,1,Travel_Frequently,4,2,4148
1012,Research & Development,Research Scientist,Male,18,2,Non-Travel,0,1,1051
1013,Research & Development,Manufacturing Director,Female,54,3,Travel_Rarely,10,3,10739
1014,Research & Development,Healthcare Representative,Female,35,4,Travel_Rarely,16,3,10388
1015,Research & Development,Research Director,Female,30,2,Travel_Rarely,8,3,11416
1016,Research & Development,Research Scientist,Female,20,3,Travel_Rarely,1,1,2600
1017,Research & Development,Laboratory Technician,Female,30,3,Travel_Frequently,3,1,2422
1018,Research & Development,Manufacturing Director,Male,26,2,Travel_Rarely,8,2,5472
1019,Research & Development,Laboratory Technician,Male,22,1,Travel_Rarely,4,1,2451
1022,Research & Development,Healthcare Representative,Male,48,3,Travel_Rarely,2,2,4240
1024,Research & Development,Healthcare Representative,Male,48,4,Travel_Rarely,15,3,10999
1025,Research & Development,Manufacturing Director,Female,41,2,Travel_Rarely,2,2,5003
1026,Research & Development,Manufacturing Director,Female,39,1,Travel_Rarely,21,4,12742
1027,Research & Development,Manufacturing Director,Female,27,4,Travel_Rarely,3,2,4227
1028,Research & Development,Laboratory Technician,Male,35,3,Travel_Rarely,3,1,3917
1029,Sales,Manager,Male,42,2,Travel_Rarely,1,5,18303
1030,Research & Development,Laboratory Technician,Male,50,3,Travel_Rarely,1,1,2380
1032,Research & Development,Manufacturing Director,Female,59,3,Travel_Rarely,5,4,13726
1033,Research & Development,Healthcare Representative,Female,37,2,Travel_Rarely,1,2,4777
1034,Research & Development,Healthcare Representative,Male,55,4,Travel_Frequently,8,2,6385
1035,Research & Development,Research Director,Female,41,1,Non-Travel,21,5,19973
1036,Sales,Sales Executive,Male,38,4,Travel_Rarely,1,2,6861
1037,Sales,Sales Executive,Male,26,2,Non-Travel,2,2,4969
1038,Sales,Manager,Female,52,1,Travel_Rarely,32,5,19845
1039,Sales,Sales Executive,Female,44,3,Travel_Rarely,12,4,13320
1040,Sales,Sales Executive,Female,50,3,Non-Travel,18,2,6347
1042,Research & Development,Laboratory Technician,Female,36,4,Travel_Rarely,17,1,2743
1043,Research & Development,Manufacturing Director,Female,39,3,Travel_Frequently,21,3,10880
1044,Sales,Sales Representative,Female,33,1,Non-Travel,2,1,2342
1045,Sales,Manager,Female,45,2,Travel_Rarely,9,4,17650
1046,Research & Development,Laboratory Technician,Female,32,4,Non-Travel,8,1,4025
1047,Sales,Sales Executive,Male,34,4,Travel_Rarely,15,2,9725
1048,Sales,Manager,Male,59,2,Travel_Rarely,6,3,11904
1049,Human Resources,Human Resources,Male,45,4,Travel_Rarely,6,1,2177
1050,Sales,Sales Executive,Female,53,3,Travel_Frequently,15,3,7525
1052,Research & Development,Laboratory Technician,Male,36,3,Travel_Rarely,1,2,4834
1053,Research & Development,Research Scientist,Male,26,3,Travel_Frequently,3,1,2042
1055,Sales,Sales Representative,Female,34,4,Travel_Rarely,1,1,2220
1056,Sales,Sales Representative,Male,28,1,Travel_Rarely,1,1,1052
1060,Research & Development,Research Scientist,Male,38,4,Travel_Frequently,2,1,2821
1061,Research & Development,Research Director,Male,50,4,Travel_Rarely,8,5,19237
1062,Research & Development,Healthcare Representative,Female,37,3,Travel_Rarely,4,2,4107
1066,Sales,Sales Executive,Male,40,3,Travel_Rarely,7,2,8396
1068,Research & Development,Research Scientist,Female,26,1,Travel_Frequently,5,1,2007
1069,Research & Development,Research Director,Male,46,4,Travel_Rarely,2,5,19627
1070,Sales,Sales Executive,Female,54,4,Travel_Rarely,9,3,10686
1071,Research & Development,Research Scientist,Female,56,3,Travel_Frequently,5,1,2942
1073,Research & Development,Manufacturing Director,Female,36,5,Travel_Rarely,14,3,8858
1074,Research & Development,Manager,Male,55,1,Non-Travel,9,4,16756
1076,Sales,Sales Executive,Male,43,3,Travel_Rarely,1,3,10798
1077,Sales,Sales Representative,Female,20,3,Travel_Frequently,2,1,2323
1079,Research & Development,Laboratory Technician,Female,21,3,Travel_Rarely,1,1,1416
1080,Research & Development,Research Scientist,Female,46,4,Travel_Rarely,16,2,4615
1081,Research & Development,Research Scientist,Male,51,4,Travel_Rarely,10,1,2461
1082,Research & Development,Healthcare Representative,Male,28,2,Non-Travel,10,3,8722
1083,Research & Development,Laboratory Technician,Male,26,2,Travel_Rarely,5,1,3955
1084,Research & Development,Manufacturing Director,Male,30,3,Travel_Rarely,6,2,9957
1085,Research & Development,Research Scientist,Female,41,2,Travel_Rarely,10,1,3376
1088,Research & Development,Healthcare Representative,Female,38,1,Travel_Rarely,19,3,8823
1092,Research & Development,Healthcare Representative,Male,40,4,Travel_Rarely,11,3,10322
1094,Research & Development,Laboratory Technician,Male,27,5,Non-Travel,3,1,4621
1096,Research & Development,Manufacturing Director,Male,55,1,Travel_Frequently,3,3,10976
1097,Research & Development,Research Scientist,Female,28,3,Travel_Rarely,8,2,3660
1098,Human Resources,Human Resources,Male,44,2,Travel_Rarely,20,3,10482
1099,Research & Development,Healthcare Representative,Male,33,3,Travel_Rarely,3,3,7119
1100,Sales,Sales Executive,Male,35,3,Travel_Rarely,8,3,9582
1101,Research & Development,Research Scientist,Female,33,4,Travel_Frequently,13,2,4508
1102,Research & Development,Laboratory Technician,Male,28,2,Travel_Rarely,4,1,2207
1103,Research & Development,Healthcare Representative,Male,34,1,Travel_Frequently,6,2,7756
1105,Sales,Sales Executive,Female,37,4,Travel_Rarely,1,2,6694
1106,Research & Development,Laboratory Technician,Male,25,1,Travel_Rarely,7,1,3691
1107,Research & Development,Laboratory Technician,Male,26,3,Travel_Rarely,1,1,2377
1108,Research & Development,Research Scientist,Male,33,3,Travel_Rarely,2,1,2313
1109,Research & Development,Manager,Male,42,2,Travel_Rarely,22,4,17665
1111,Research & Development,Laboratory Technician,Male,28,3,Travel_Frequently,1,1,2596
1113,Sales,Sales Executive,Male,50,4,Travel_Frequently,0,2,4728
1114,Sales,Sales Executive,Female,33,3,Travel_Frequently,3,2,4302
1115,Research & Development,Research Scientist,Male,34,4,Non-Travel,0,1,2979
1116,Research & Development,Manager,Male,48,4,Non-Travel,5,4,16885
1117,Sales,Sales Executive,Female,45,4,Non-Travel,15,2,5593
1118,Research & Development,Healthcare Representative,Male,52,4,Travel_Rarely,8,3,10445
1119,Sales,Sales Executive,Male,38,4,Travel_Rarely,8,3,8740
1120,Research & Development,Research Scientist,Female,29,4,Travel_Rarely,7,1,2514
1121,Research & Development,Manufacturing Director,Female,28,3,Travel_Rarely,9,3,7655
1124,Sales,Manager,Male,46,1,Travel_Rarely,12,4,17465
1125,Sales,Sales Executive,Male,38,2,Travel_Rarely,1,3,7351
1126,Research & Development,Manufacturing Director,Female,43,3,Travel_Frequently,8,3,10820
1127,Research & Development,Healthcare Representative,Male,39,3,Travel_Frequently,18,4,12169
1128,Research & Development,Research Director,Male,40,3,Travel_Rarely,20,5,19626
1131,Research & Development,Research Scientist,Female,21,1,Travel_Rarely,2,1,2070
1132,Research & Development,Laboratory Technician,Male,39,3,Non-Travel,5,2,6782
1133,Research & Development,Manufacturing Director,Male,36,4,Non-Travel,11,2,7779
1135,Sales,Sales Representative,Male,31,3,Travel_Frequently,2,1,2791
1136,Research & Development,Research Scientist,Male,28,1,Travel_Rarely,5,1,3201
1137,Sales,Sales Executive,Male,35,2,Travel_Frequently,5,2,4968
1138,Sales,Sales Executive,Male,49,4,Travel_Rarely,9,4,13120
1140,Research & Development,Manufacturing Director,Male,34,2,Travel_Frequently,3,2,4033
1143,Research & Development,Research Scientist,Female,29,3,Travel_Frequently,7,1,3291
1148,Research & Development,Laboratory Technician,Male,42,3,Travel_Rarely,1,2,4272
1150,Research & Development,Manufacturing Director,Male,29,1,Travel_Rarely,10,2,5056
1152,Human Resources,Human Resources,Male,38,3,Travel_Rarely,7,1,2844
1154,Research & Development,Research Scientist,Male,28,3,Travel_Frequently,3,1,2703
1156,Research & Development,Laboratory Technician,Male,18,1,Non-Travel,0,1,1904
1157,Sales,Sales Executive,Female,33,4,Travel_Rarely,5,2,8224
1158,Research & Development,Laboratory Technician,Male,41,4,Travel_Rarely,1,1,4766
1160,Research & Development,Laboratory Technician,Male,31,3,Travel_Frequently,2,1,2610
1161,Research & Development,Healthcare Representative,Female,37,2,Travel_Rarely,6,2,5731
1162,Research & Development,Research Scientist,Male,27,3,Travel_Rarely,4,1,2539
1163,Sales,Sales Executive,Female,34,1,Travel_Rarely,6,2,5714
1164,Human Resources,Human Resources,Male,35,4,Travel_Rarely,5,1,4323
1165,Sales,Sales Executive,Female,29,1,Travel_Rarely,11,3,7336
1166,Research & Development,Research Director,Female,40,4,Travel_Frequently,18,3,13499
1167,Sales,Sales Executive,Male,42,3,Travel_Frequently,21,4,13758
1171,Sales,Sales Executive,Male,42,4,Travel_Rarely,6,2,5155
1172,Research & Development,Laboratory Technician,Male,35,4,Travel_Rarely,8,1,2258
1173,Research & Development,Laboratory Technician,Male,24,3,Travel_Rarely,4,1,3597
1175,Research & Development,Laboratory Technician,Female,28,1,Travel_Rarely,1,1,2515
1177,Research & Development,Laboratory Technician,Male,26,4,Travel_Rarely,8,1,4420
1179,Sales,Sales Executive,Male,30,3,Travel_Rarely,10,2,6578
1180,Research & Development,Research Scientist,Female,40,2,Travel_Frequently,1,2,4422
1182,Research & Development,Manufacturing Director,Male,35,3,Travel_Rarely,7,3,10274
1184,Research & Development,Healthcare Representative,Male,34,3,Travel_Frequently,13,2,5343
1185,Research & Development,Laboratory Technician,Male,35,4,Travel_Frequently,2,1,2376
1188,Sales,Sales Executive,Female,43,3,Travel_Rarely,4,2,5346
1190,Sales,Sales Representative,Female,32,1,Non-Travel,1,1,2827
1191,Research & Development,Manager,Female,56,4,Travel_Rarely,5,5,19943
1192,Research & Development,Laboratory Technician,Female,29,1,Travel_Rarely,10,1,3131
1193,Research & Development,Research Scientist,Male,19,2,Travel_Rarely,1,1,2552
1195,Research & Development,Research Scientist,Female,45,3,Travel_Rarely,3,1,4477
1196,Research & Development,Manufacturing Director,Female,37,3,Travel_Rarely,14,2,6474
1198,Research & Development,Laboratory Technician,Male,20,3,Travel_Rarely,2,1,3033
1200,Research & Development,Research Scientist,Male,44,4,Travel_Rarely,6,1,2936
1201,Research & Development,Manager,Female,53,2,Travel_Rarely,7,5,18606
1202,Research & Development,Research Scientist,Female,29,1,Travel_Rarely,5,1,2168
1203,Research & Development,Research Scientist,Male,22,4,Travel_Frequently,0,1,2853
1204,Sales,Manager,Female,46,3,Travel_Rarely,26,4,17048
1206,Research & Development,Research Scientist,Male,44,3,Non-Travel,0,1,2290
1207,Human Resources,Human Resources,Male,33,3,Travel_Rarely,5,1,3600
1210,Research & Development,Research Scientist,Male,41,2,Non-Travel,1,1,2107
1211,Sales,Sales Executive,Male,30,4,Travel_Rarely,4,2,4115
1212,Sales,Sales Executive,Male,40,4,Travel_Frequently,0,2,4327
1215,Research & Development,Manager,Female,50,3,Travel_Frequently,2,4,17856
1216,Research & Development,Laboratory Technician,Male,28,4,Travel_Rarely,6,1,3196
1217,Research & Development,Research Director,Male,46,2,Travel_Rarely,4,5,19081
1218,Sales,Sales Executive,Male,35,4,Travel_Rarely,7,2,8966
1219,Research & Development,Laboratory Technician,Female,24,2,Travel_Rarely,1,1,2210
1220,Sales,Sales Executive,Female,33,3,Travel_Frequently,10,2,4539
1221,Research & Development,Laboratory Technician,Male,36,4,Travel_Rarely,7,1,2741
1224,Research & Development,Laboratory Technician,Male,30,4,Travel_Rarely,10,2,3491
1225,Research & Development,Research Scientist,Male,44,4,Travel_Rarely,20,2,4541
1226,Sales,Sales Representative,Male,20,3,Travel_Rarely,2,1,2678
1228,Research & Development,Manufacturing Director,Male,46,4,Travel_Rarely,6,2,7379
1231,Human Resources,Human Resources,Male,42,5,Non-Travel,4,2,6272
1233,Sales,Sales Executive,Male,60,4,Travel_Rarely,11,2,5220
1234,Research & Development,Laboratory Technician,Female,32,3,Travel_Frequently,2,1,2743
1235,Research & Development,Research Scientist,Female,32,2,Travel_Frequently,8,2,4998
1237,Research & Development,Manufacturing Director,Female,36,3,Travel_Rarely,7,3,10252
1238,Research & Development,Research Scientist,Male,33,3,Travel_Rarely,14,1,2781
1239,Sales,Sales Executive,Female,40,3,Travel_Rarely,5,2,6852
1240,Sales,Sales Executive,Male,25,4,Travel_Rarely,4,2,4950
1241,Research & Development,Research Scientist,Male,30,3,Travel_Rarely,11,1,3579
1242,Research & Development,Research Director,Female,42,5,Travel_Frequently,1,3,13191
1243,Sales,Sales Executive,Female,35,2,Non-Travel,13,3,10377
1244,Research & Development,Research Scientist,Male,27,3,Travel_Rarely,9,1,2235
1245,Research & Development,Manufacturing Director,Female,54,4,Travel_Frequently,5,3,10502
1246,Research & Development,Research Scientist,Female,44,1,Travel_Rarely,10,1,2011
1248,Research & Development,Research Scientist,Female,19,3,Non-Travel,1,1,1859
1249,Research & Development,Research Scientist,Female,29,3,Travel_Rarely,3,1,3760
1250,Research & Development,Research Director,Male,54,3,Travel_Rarely,10,4,17779
1251,Research & Development,Healthcare Representative,Male,31,2,Travel_Rarely,6,2,6833
1252,Research & Development,Healthcare Representative,Female,31,3,Travel_Rarely,10,2,6812
1254,Sales,Sales Executive,Female,59,3,Travel_Rarely,6,2,5171
1255,Research & Development,Research Director,Male,43,3,Travel_Rarely,8,5,19740
1256,Research & Development,Manager,Male,49,2,Travel_Rarely,1,5,18711
1257,Research & Development,Research Scientist,Male,36,3,Travel_Frequently,11,1,3692
1258,Research & Development,Laboratory Technician,Male,48,2,Travel_Rarely,1,1,2559
1259,Research & Development,Research Scientist,Male,27,2,Travel_Rarely,5,1,2517
1260,Research & Development,Healthcare Representative,Male,29,3,Travel_Rarely,6,2,6623
1263,Research & Development,Research Director,Male,48,3,Travel_Rarely,1,5,18265
1264,Research & Development,Research Director,Female,29,3,Travel_Rarely,7,4,16124
1265,Research & Development,Research Scientist,Female,34,3,Travel_Rarely,1,1,2585
1267,Sales,Manager,Male,44,3,Travel_Rarely,22,5,18213
1268,Sales,Sales Executive,Male,33,5,Travel_Rarely,9,3,8380
1269,Research & Development,Research Scientist,Female,19,3,Travel_Rarely,1,1,2994
1270,Research & Development,Research Scientist,Male,23,2,Travel_Rarely,1,1,1223
1273,Sales,Sales Representative,Male,25,1,Travel_Frequently,1,1,1118
1275,Research & Development,Research Scientist,Male,26,2,Travel_Rarely,8,1,2875
1277,Sales,Manager,Female,45,3,Travel_Rarely,24,5,18824
1278,Research & Development,Healthcare Representative,Male,55,1,Non-Travel,33,4,13577
1279,Research & Development,Laboratory Technician,Female,21,2,Travel_Frequently,2,1,2625
1280,Sales,Manager,Female,46,2,Travel_Rarely,11,5,18789
1281,Sales,Sales Executive,Female,34,3,Travel_Rarely,3,2,4538
1282,Sales,Manager,Male,51,3,Travel_Frequently,29,5,19847
1283,Research & Development,Manufacturing Director,Male,59,4,Travel_Rarely,9,3,10512
1285,Research & Development,Laboratory Technician,Female,34,3,Travel_Frequently,11,2,4444
1286,Research & Development,Laboratory Technician,Male,28,4,Travel_Frequently,4,1,2154
1288,Research & Development,Manager,Male,44,2,Travel_Rarely,25,5,19190
1289,Human Resources,Human Resources,Male,34,3,Travel_Frequently,10,2,4490
1291,Research & Development,Research Scientist,Male,35,1,Travel_Rarely,3,1,3506
1292,Research & Development,Research Scientist,Female,42,4,Travel_Rarely,1,2,2372
1293,Sales,Sales Executive,Female,43,4,Travel_Rarely,21,3,10231
1294,Research & Development,Manufacturing Director,Female,36,4,Travel_Rarely,16,2,5410
1295,Research & Development,Healthcare Representative,Female,44,3,Travel_Rarely,10,3,7978
1296,Research & Development,Laboratory Technician,Male,28,3,Travel_Frequently,2,1,3867
1297,Research & Development,Laboratory Technician,Female,51,2,Travel_Frequently,7,1,2838
1298,Research & Development,Manufacturing Director,Female,30,2,Non-Travel,8,2,4695
1299,Research & Development,Laboratory Technician,Female,29,3,Travel_Rarely,7,1,3339
1301,Research & Development,Research Scientist,Male,28,3,Travel_Rarely,3,1,2080
1303,Research & Development,Research Scientist,Female,25,3,Travel_Rarely,2,1,2096
1304,Sales,Sales Executive,Male,32,3,Travel_Rarely,10,2,6209
1306,Research & Development,Manager,Female,45,3,Travel_Frequently,0,5,18061
1307,Research & Development,Manager,Female,39,4,Travel_Rarely,19,4,17123
1308,Research & Development,Research Scientist,Male,58,4,Travel_Rarely,2,1,2372
1309,Research & Development,Laboratory Technician,Male,32,2,Travel_Rarely,10,2,4883
1310,Research & Development,Research Scientist,Male,39,3,Travel_Rarely,5,1,3904
1311,Research & Development,Laboratory Technician,Female,30,3,Travel_Rarely,9,2,4627
1312,Research & Development,Healthcare Representative,Female,36,4,Travel_Rarely,7,3,7094
1314,Human Resources,Human Resources,Female,46,2,Travel_Rarely,7,1,3423
1315,Research & Development,Laboratory Technician,Female,28,3,Non-Travel,9,2,6674
1317,Research & Development,Research Director,Female,50,3,Travel_Rarely,3,4,16880
1318,Sales,Sales Executive,Male,40,4,Travel_Rarely,5,3,9094
1319,Sales,Sales Executive,Male,52,3,Travel_Rarely,8,3,8446
1321,Research & Development,Manager,Female,30,4,Travel_Rarely,9,3,11916
1322,Research & Development,Manufacturing Director,Male,39,2,Travel_Rarely,8,2,4534
1324,Sales,Sales Executive,Female,31,4,Non-Travel,10,3,9852
1329,Sales,Sales Executive,Male,41,2,Non-Travel,19,2,6151
1331,Sales,Sales Representative,Female,31,3,Travel_Frequently,3,1,2302
1333,Research & Development,Laboratory Technician,Male,44,3,Travel_Rarely,3,1,2362
1334,Research & Development,Manager,Male,42,1,Non-Travel,20,4,17861
1336,Research & Development,Manager,Female,55,2,Travel_Rarely,19,5,19187
1338,Human Resources,Manager,Male,56,4,Travel_Rarely,7,5,19717
1340,Research & Development,Research Scientist,Male,40,2,Non-Travel,4,1,3544
1344,Research & Development,Healthcare Representative,Male,34,3,Travel_Rarely,9,3,8500
1346,Research & Development,Research Scientist,Male,40,3,Travel_Rarely,9,2,4661
1349,Sales,Sales Executive,Female,41,3,Travel_Frequently,9,2,4103
1350,Research & Development,Research Scientist,Male,35,4,Travel_Frequently,9,2,4249
1352,Human Resources,Manager,Male,51,3,Travel_Rarely,33,4,14026
1355,Sales,Sales Executive,Female,38,2,Travel_Rarely,7,2,6893
1356,Sales,Sales Executive,Female,34,2,Travel_Rarely,10,2,6125
1358,Research & Development,Laboratory Technician,Male,25,1,Travel_Rarely,3,1,3669
1360,Research & Development,Manufacturing Director,Female,58,4,Travel_Rarely,10,3,10008
1361,Research & Development,Laboratory Technician,Male,40,4,Travel_Rarely,4,1,2387
1362,Sales,Sales Executive,Female,36,3,Travel_Frequently,15,2,4639
1363,Research & Development,Manufacturing Director,Male,48,3,Travel_Rarely,10,3,7898
1364,Sales,Sales Representative,Female,27,3,Travel_Rarely,1,1,2534
1367,Research & Development,Manufacturing Director,Female,51,2,Travel_Rarely,5,4,13142
1368,Research & Development,Laboratory Technician,Female,18,3,Non-Travel,0,1,1611
1369,Research & Development,Laboratory Technician,Female,35,3,Travel_Rarely,9,2,5363
1371,Sales,Sales Executive,Male,27,1,Travel_Frequently,6,2,5071
1372,Sales,Sales Executive,Male,55,4,Travel_Rarely,19,4,13695
1373,Research & Development,Manufacturing Director,Male,56,3,Travel_Rarely,19,4,13402
1374,Research & Development,Research Scientist,Female,34,1,Non-Travel,5,1,2029
1375,Research & Development,Healthcare Representative,Female,40,1,Travel_Rarely,12,2,6377
1377,Research & Development,Laboratory Technician,Male,34,3,Travel_Rarely,8,2,5429
1379,Sales,Sales Representative,Female,31,3,Travel_Frequently,1,1,2785
1380,Sales,Sales Executive,Female,35,4,Travel_Frequently,4,2,4614
1382,Research & Development,Research Scientist,Male,38,3,Travel_Frequently,4,1,2610
1383,Research & Development,Healthcare Representative,Female,34,4,Travel_Rarely,14,2,6687
1387,Sales,Sales Executive,Male,28,3,Travel_Rarely,5,2,4724
1389,Research & Development,Manufacturing Director,Male,31,4,Travel_Rarely,10,2,6179
1390,Sales,Sales Executive,Male,39,4,Travel_Rarely,5,2,6120
1391,Sales,Sales Executive,Male,51,3,Travel_Frequently,4,3,10596
1392,Research & Development,Research Scientist,Female,41,3,Travel_Frequently,6,2,5467
1394,Research & Development,Research Scientist,Male,37,1,Travel_Rarely,6,1,2996
1395,Sales,Sales Executive,Male,33,1,Travel_Frequently,5,2,9998
1396,Sales,Sales Executive,Male,32,1,Travel_Rarely,3,2,4078
1397,Research & Development,Healthcare Representative,Male,39,2,Non-Travel,6,3,10920
1399,Sales,Sales Executive,Male,25,1,Travel_Rarely,3,2,6232
1401,Research & Development,Manufacturing Director,Female,52,2,Travel_Frequently,5,4,13247
1402,Research & Development,Research Scientist,Female,43,3,Travel_Rarely,20,2,4081
1403,Sales,Sales Executive,Female,27,3,Travel_Rarely,6,2,5769
1405,Research & Development,Research Scientist,Female,27,4,Travel_Rarely,8,1,2394
1407,Research & Development,Research Scientist,Male,26,1,Travel_Rarely,4,1,3904
1408,Human Resources,Manager,Female,42,3,Travel_Rarely,20,4,16799
1409,Research & Development,Laboratory Technician,Female,52,4,Travel_Rarely,5,1,2950
1411,Research & Development,Laboratory Technician,Female,37,3,Travel_Rarely,3,1,3629
1412,Research & Development,Manufacturing Director,Male,35,2,Travel_Frequently,2,3,9362
1415,Research & Development,Laboratory Technician,Male,25,3,Travel_Rarely,3,1,3229
1417,Research & Development,Laboratory Technician,Male,26,3,Travel_Rarely,7,1,3578
1419,Human Resources,Human Resources,Male,29,3,Travel_Rarely,10,3,7988
1420,Research & Development,Laboratory Technician,Male,49,2,Travel_Frequently,4,2,4284
1421,Research & Development,Healthcare Representative,Female,29,1,Travel_Frequently,8,3,7553
1422,Research & Development,Research Director,Female,54,3,Travel_Rarely,20,4,17328
1423,Research & Development,Research Director,Female,58,3,Travel_Rarely,9,5,19701
1424,Research & Development,Research Director,Male,55,4,Travel_Rarely,7,4,14732
1425,Sales,Sales Executive,Female,36,4,Travel_Rarely,5,2,9278
1427,Sales,Sales Representative,Female,31,4,Travel_Frequently,1,1,1359
1428,Sales,Sales Executive,Female,30,4,Travel_Rarely,3,2,4779
1430,Research & Development,Research Director,Female,31,5,Travel_Rarely,3,4,16422
1431,Research & Development,Research Scientist,Male,34,4,Travel_Frequently,4,1,2996
1433,Research & Development,Research Scientist,Female,31,3,Travel_Rarely,1,1,1261
1434,Research & Development,Laboratory Technician,Male,27,1,Travel_Rarely,5,1,2099
1435,Research & Development,Laboratory Technician,Male,36,4,Travel_Rarely,10,2,5810
1436,Sales,Sales Executive,Female,36,4,Travel_Rarely,3,2,5647
1438,Research & Development,Research Scientist,Male,47,3,Travel_Rarely,6,1,3420
1439,Sales,Sales Representative,Male,25,2,Travel_Rarely,3,1,4400
1440,Research & Development,Laboratory Technician,Male,37,2,Non-Travel,6,1,3500
1441,Research & Development,Research Scientist,Female,56,2,Travel_Rarely,3,1,2066
1443,Research & Development,Research Director,Female,47,4,Travel_Rarely,20,4,17169
1445,Sales,Sales Executive,Female,24,1,Travel_Rarely,5,2,4162
1446,Sales,Sales Executive,Male,32,5,Travel_Rarely,4,2,9204
1447,Research & Development,Laboratory Technician,Female,34,3,Travel_Rarely,5,1,3294
1448,Research & Development,Research Scientist,Male,41,5,Travel_Rarely,4,1,2127
1449,Research & Development,Laboratory Technician,Male,40,4,Non-Travel,8,2,3975
1453,Sales,Sales Executive,Male,31,2,Travel_Rarely,13,3,10793
1457,Sales,Sales Executive,Male,46,3,Travel_Rarely,7,3,10096
1458,Research & Development,Laboratory Technician,Female,39,3,Non-Travel,1,1,3646
1459,Research & Development,Manufacturing Director,Female,31,5,Travel_Frequently,10,3,7446
1460,Research & Development,Healthcare Representative,Male,45,3,Travel_Rarely,7,3,10851
1461,Human Resources,Human Resources,Female,31,2,Travel_Rarely,3,1,2109
1464,Research & Development,Laboratory Technician,Male,31,3,Travel_Frequently,2,1,3722
1465,Research & Development,Manufacturing Director,Male,45,3,Travel_Rarely,3,3,9380
1466,Sales,Sales Executive,Male,48,3,Travel_Rarely,2,2,5486
1467,Human Resources,Human Resources,Female,34,4,Travel_Rarely,2,1,2742
1468,Research & Development,Research Director,Male,40,1,Non-Travel,9,3,13757
1469,Sales,Sales Executive,Male,28,3,Travel_Rarely,5,2,8463
1471,Research & Development,Laboratory Technician,Male,44,3,Non-Travel,5,1,3162
1472,Research & Development,Research Director,Male,53,3,Travel_Rarely,9,4,16598
1473,Research & Development,Healthcare Representative,Male,49,4,Travel_Rarely,3,2,6651
1474,Research & Development,Research Scientist,Male,40,3,Travel_Rarely,3,1,2345
1475,Research & Development,Research Scientist,Male,44,3,Travel_Rarely,5,1,3420
1477,Sales,Sales Executive,Male,33,3,Travel_Frequently,4,2,4373
1478,Sales,Sales Executive,Male,34,3,Travel_Rarely,13,2,4759
1479,Sales,Sales Executive,Male,30,1,Travel_Rarely,2,2,5301
1480,Research & Development,Laboratory Technician,Female,42,2,Travel_Frequently,12,1,3673
1481,Sales,Sales Executive,Female,44,5,Travel_Frequently,1,2,4768
1482,Research & Development,Research Scientist,Male,30,3,Non-Travel,1,1,1274
1483,Research & Development,Research Scientist,Male,57,2,Travel_Rarely,12,2,4900
1484,Research & Development,Healthcare Representative,Male,49,4,Travel_Rarely,8,3,10466
1485,Research & Development,Research Director,Male,34,3,Travel_Frequently,14,4,17007
1486,Sales,Sales Representative,Male,28,3,Travel_Frequently,3,1,2909
1487,Sales,Sales Executive,Female,29,3,Travel_Frequently,5,2,5765
1489,Sales,Sales Executive,Female,34,4,Travel_Rarely,15,2,4599
1492,Sales,Sales Representative,Male,35,1,Travel_Rarely,1,1,2404
1494,Research & Development,Laboratory Technician,Male,24,3,Travel_Frequently,0,1,3172
1495,Sales,Sales Representative,Female,24,2,Non-Travel,1,1,2033
1496,Research & Development,Manufacturing Director,Male,44,1,Travel_Frequently,2,3,10209
1497,Sales,Sales Executive,Male,29,3,Travel_Rarely,10,2,8620
1499,Human Resources,Human Resources,Male,30,3,Travel_Rarely,5,1,2064
1501,Research & Development,Healthcare Representative,Male,55,4,Travel_Rarely,3,2,4035
1502,Research & Development,Laboratory Technician,Female,33,4,Travel_Rarely,5,1,3838
1503,Sales,Sales Executive,Female,47,3,Travel_Rarely,5,2,4591
1504,Research & Development,Laboratory Technician,Male,28,2,Travel_Frequently,0,1,2561
1506,Research & Development,Research Scientist,Male,28,3,Travel_Rarely,1,1,1563
1507,Sales,Sales Executive,Male,28,3,Travel_Frequently,4,2,4898
1509,Research & Development,Laboratory Technician,Female,49,2,Travel_Rarely,3,2,4789
1513,Research & Development,Laboratory Technician,Female,29,1,Travel_Frequently,3,1,3180
1514,Research & Development,Manufacturing Director,Male,28,1,Travel_Rarely,8,2,6549
1515,Research & Development,Healthcare Representative,Male,33,5,Travel_Rarely,0,2,6388
1516,Research & Development,Manager,Male,32,3,Travel_Rarely,5,3,11244
1520,Research & Development,Manager,Female,54,4,Travel_Frequently,14,4,16032
1522,Research & Development,Research Scientist,Male,29,4,Travel_Rarely,9,1,2362
1523,Research & Development,Research Director,Male,44,3,Travel_Rarely,20,4,16328
1525,Research & Development,Manufacturing Director,Female,39,3,Travel_Rarely,2,3,8376
1527,Sales,Manager,Female,46,3,Travel_Rarely,13,4,16606
1529,Research & Development,Healthcare Representative,Female,35,3,Travel_Rarely,11,3,8606
1533,Research & Development,Laboratory Technician,Male,23,1,Travel_Rarely,4,2,2272
1534,Research & Development,Laboratory Technician,Male,40,4,Travel_Rarely,5,1,2018
1535,Sales,Sales Executive,Male,34,3,Travel_Rarely,10,3,7083
1537,Research & Development,Research Scientist,Female,31,3,Travel_Frequently,7,1,4084
1539,Research & Development,Research Director,Male,50,5,Travel_Frequently,32,4,14411
1541,Sales,Sales Representative,Male,34,2,Travel_Rarely,11,1,2308
1542,Research & Development,Laboratory Technician,Male,42,3,Travel_Rarely,1,1,4841
1543,Research & Development,Research Scientist,Male,37,3,Travel_Rarely,10,2,4285
1544,Research & Development,Healthcare Representative,Female,29,1,Travel_Rarely,7,2,9715
1545,Research & Development,Manufacturing Director,Male,33,3,Travel_Rarely,5,2,4320
1546,Research & Development,Research Scientist,Male,45,3,Travel_Rarely,5,1,2132
1547,Research & Development,Healthcare Representative,Male,42,3,Travel_Frequently,20,3,10124
1548,Sales,Sales Executive,Male,40,2,Travel_Rarely,8,2,5473
1549,Research & Development,Laboratory Technician,Male,33,4,Travel_Rarely,15,2,5207
1550,Human Resources,Manager,Male,40,2,Travel_Rarely,21,4,16437
1551,Research & Development,Laboratory Technician,Male,24,2,Travel_Rarely,1,1,2296
1552,Research & Development,Healthcare Representative,Male,40,2,Non-Travel,2,2,4069
1553,Research & Development,Healthcare Representative,Male,45,4,Travel_Rarely,10,3,7441
1554,Sales,Sales Representative,Female,35,4,Travel_Rarely,5,1,2430
1555,Research & Development,Research Scientist,Female,32,2,Travel_Rarely,7,2,5878
1556,Sales,Sales Representative,Male,36,4,Travel_Rarely,3,1,2644
1557,Sales,Sales Executive,Female,48,4,Travel_Rarely,8,2,6439
1558,Research & Development,Research Scientist,Male,29,3,Travel_Rarely,1,1,2451
1560,Sales,Sales Executive,Male,33,4,Travel_Rarely,2,2,6392
1562,Sales,Sales Executive,Male,30,3,Travel_Rarely,10,2,9714
1563,Human Resources,Human Resources,Male,38,4,Travel_Frequently,6,2,6077
1564,Research & Development,Laboratory Technician,Male,35,3,Travel_Rarely,3,1,2450
1568,Sales,Sales Executive,Male,30,4,Travel_Rarely,4,3,9250
1569,Research & Development,Laboratory Technician,Female,35,3,Travel_Rarely,1,1,2074
1572,Research & Development,Manufacturing Director,Female,53,5,Travel_Rarely,33,3,10169
1573,Research & Development,Manufacturing Director,Male,38,3,Travel_Rarely,5,2,4855
1574,Research & Development,Research Scientist,Male,32,4,Non-Travel,6,2,4087
1576,Research & Development,Research Scientist,Female,48,4,Travel_Rarely,8,1,2367
1577,Research & Development,Research Scientist,Male,34,4,Travel_Rarely,1,1,2972
1578,Sales,Manager,Male,55,5,Travel_Rarely,36,5,19586
1580,Research & Development,Research Scientist,Male,34,4,Travel_Rarely,2,2,5484
1581,Research & Development,Research Scientist,Female,26,3,Travel_Rarely,1,1,2061
1582,Sales,Sales Executive,Male,38,3,Travel_Rarely,9,2,9924
1583,Sales,Sales Executive,Female,38,3,Travel_Rarely,3,2,4198
1585,Sales,Sales Executive,Female,36,4,Travel_Rarely,1,2,6815
1586,Research & Development,Laboratory Technician,Male,29,1,Travel_Rarely,10,1,4723
1587,Research & Development,Healthcare Representative,Female,35,4,Travel_Rarely,5,2,6142
1588,Sales,Sales Executive,Male,39,3,Travel_Rarely,7,3,8237
1590,Research & Development,Healthcare Representative,Male,29,1,Travel_Frequently,6,2,8853
1591,Sales,Manager,Male,50,3,Travel_Rarely,1,5,19331
1592,Research & Development,Research Scientist,Male,23,3,Travel_Rarely,2,1,2073
1594,Research & Development,Laboratory Technician,Male,36,4,Travel_Frequently,3,2,5562
1595,Research & Development,Manager,Male,42,2,Travel_Rarely,1,5,19613
1596,Research & Development,Laboratory Technician,Male,35,3,Travel_Rarely,10,2,3407
1597,Research & Development,Healthcare Representative,Male,34,4,Travel_Frequently,8,2,5063
1598,Sales,Sales Executive,Female,40,2,Travel_Rarely,5,2,4639
1599,Research & Development,Laboratory Technician,Male,43,3,Travel_Rarely,6,1,4876
1601,Research & Development,Laboratory Technician,Male,35,2,Travel_Rarely,1,1,2690
1602,Sales,Manager,Male,46,4,Travel_Rarely,26,4,17567
1604,Research & Development,Laboratory Technician,Male,28,3,Travel_Rarely,1,1,2408
1605,Research & Development,Research Scientist,Female,22,2,Non-Travel,4,1,2814
1606,Research & Development,Healthcare Representative,Male,50,5,Travel_Frequently,30,4,11245
1607,Research & Development,Research Scientist,Female,32,4,Travel_Rarely,3,1,3312
1608,Research & Development,Research Director,Female,44,3,Travel_Rarely,22,5,19049
1609,Research & Development,Research Scientist,Male,30,3,Travel_Rarely,6,1,2141
1611,Research & Development,Laboratory Technician,Female,45,5,Travel_Rarely,10,2,5769
1612,Sales,Sales Executive,Male,45,3,Non-Travel,10,2,4385
1613,Sales,Sales Executive,Male,31,4,Travel_Frequently,5,2,5332
1614,Research & Development,Manufacturing Director,Female,36,4,Travel_Rarely,3,2,4663
1615,Research & Development,Manufacturing Director,Male,34,4,Travel_Frequently,9,2,4724
1617,Research & Development,Laboratory Technician,Female,49,4,Travel_Rarely,9,1,3211
1618,Research & Development,Manufacturing Director,Male,39,5,Travel_Rarely,7,2,5377
1619,Research & Development,Laboratory Technician,Male,27,3,Travel_Rarely,7,1,4066
1621,Research & Development,Research Scientist,Male,35,5,Travel_Rarely,16,2,5208
1622,Research & Development,Manufacturing Director,Female,28,3,Travel_Rarely,5,2,4877
1623,Research & Development,Research Scientist,Male,21,1,Travel_Rarely,2,1,3117
1624,Sales,Sales Representative,Female,18,2,Travel_Frequently,0,1,1569
1625,Human Resources,Manager,Female,47,4,Travel_Rarely,5,5,19658
1627,Research & Development,Laboratory Technician,Male,39,2,Travel_Rarely,10,2,3069
1628,Research & Development,Manufacturing Director,Female,40,3,Travel_Rarely,18,3,10435
1630,Research & Development,Healthcare Representative,Female,35,4,Non-Travel,14,2,4148
1631,Research & Development,Manufacturing Director,Male,37,3,Travel_Rarely,4,2,5768
1633,Research & Development,Manufacturing Director,Female,39,3,Travel_Frequently,9,2,5042
1635,Research & Development,Manufacturing Director,Female,45,2,Travel_Rarely,10,2,5770
1638,Research & Development,Manufacturing Director,Female,38,2,Travel_Rarely,5,3,7756
1639,Sales,Sales Executive,Male,35,3,Travel_Rarely,13,3,10306
1640,Research & Development,Research Scientist,Female,37,3,Travel_Rarely,8,1,3936
1641,Research & Development,Manufacturing Director,Female,40,3,Travel_Rarely,4,3,7945
1642,Human Resources,Human Resources,Male,44,5,Travel_Frequently,10,2,5743
1644,Research & Development,Manager,Male,48,5,Travel_Frequently,2,4,15202
1645,Sales,Sales Executive,Male,35,2,Travel_Rarely,2,2,5440
1646,Research & Development,Research Scientist,Female,24,1,Travel_Frequently,6,1,3760
1647,Research & Development,Research Scientist,Female,27,3,Travel_Rarely,3,1,3517
1648,Research & Development,Research Scientist,Male,27,3,Travel_Frequently,4,1,2580
1649,Research & Development,Laboratory Technician,Male,40,3,Travel_Rarely,4,1,2166
1650,Sales,Sales Executive,Male,29,3,Travel_Rarely,5,2,5869
1651,Research & Development,Healthcare Representative,Female,36,4,Travel_Rarely,3,3,8008
1653,Research & Development,Manufacturing Director,Male,25,1,Travel_Frequently,7,2,5206
1654,Research & Development,Manufacturing Director,Male,39,3,Travel_Rarely,5,2,5295
1655,Research & Development,Research Director,Female,49,4,Travel_Rarely,4,4,16413
1656,Research & Development,Research Director,Female,50,5,Travel_Rarely,14,3,13269
1657,Sales,Sales Representative,Female,20,3,Travel_Rarely,2,1,2783
1658,Research & Development,Research Scientist,Female,34,3,Travel_Rarely,11,2,5433
1659,Research & Development,Laboratory Technician,Male,36,3,Travel_Rarely,4,1,2013
1661,Research & Development,Healthcare Representative,Female,49,1,Travel_Rarely,15,4,13966
1662,Research & Development,Manufacturing Director,Female,36,4,Non-Travel,3,2,4374
1664,Research & Development,Healthcare Representative,Male,36,2,Travel_Rarely,5,2,6842
1665,Research & Development,Manager,Female,54,5,Travel_Rarely,10,4,17426
1666,Research & Development,Research Director,Male,43,2,Travel_Rarely,14,4,17603
1667,Sales,Sales Executive,Male,35,4,Travel_Frequently,11,2,4581
1668,Research & Development,Research Scientist,Male,38,3,Travel_Frequently,13,2,4735
1669,Sales,Sales Executive,Male,29,3,Travel_Rarely,10,2,4187
1670,Sales,Sales Executive,Male,33,4,Travel_Rarely,6,2,5505
1671,Research & Development,Research Scientist,Male,32,3,Travel_Rarely,9,2,5470
1673,Sales,Sales Executive,Female,31,4,Travel_Rarely,10,2,5476
1674,Research & Development,Laboratory Technician,Female,49,3,Travel_Rarely,2,1,2587
1675,Research & Development,Laboratory Technician,Female,38,3,Travel_Frequently,4,1,2440
1676,Sales,Manager,Female,47,4,Travel_Rarely,3,4,15972
1677,Research & Development,Manager,Male,49,3,Travel_Rarely,8,4,15379
1678,Sales,Sales Executive,Male,41,2,Travel_Rarely,2,3,7082
1680,Sales,Sales Representative,Male,20,1,Travel_Rarely,2,1,2728
1681,Sales,Sales Executive,Female,33,3,Non-Travel,6,2,5368
1682,Research & Development,Healthcare Representative,Male,36,4,Travel_Rarely,3,2,5347
1683,Human Resources,Human Resources,Female,44,3,Travel_Rarely,2,1,3195
1684,Research & Development,Laboratory Technician,Male,23,1,Travel_Rarely,5,1,3989
1687,Research & Development,Laboratory Technician,Female,38,2,Travel_Rarely,0,1,3306
1689,Research & Development,Healthcare Representative,Male,53,4,Travel_Rarely,4,3,7005
1691,Sales,Sales Representative,Female,48,2,Travel_Frequently,9,1,2655
1692,Research & Development,Laboratory Technician,Male,32,4,Travel_Rarely,1,1,1393
1693,Research & Development,Laboratory Technician,Male,26,3,Non-Travel,7,1,2570
1694,Research & Development,Research Scientist,Male,55,3,Travel_Rarely,4,1,3537
1696,Research & Development,Laboratory Technician,Male,34,2,Travel_Rarely,15,2,3986
1697,Research & Development,Healthcare Representative,Male,60,4,Travel_Rarely,1,3,10883
1698,Research & Development,Laboratory Technician,Male,33,3,Travel_Rarely,14,1,2028
1700,Sales,Sales Executive,Male,37,4,Travel_Frequently,6,2,9525
1701,Research & Development,Research Scientist,Female,34,3,Travel_Rarely,10,1,2929
1702,Sales,Sales Representative,Male,23,3,Travel_Rarely,3,1,2275
1703,Research & Development,Healthcare Representative,Female,44,3,Travel_Rarely,8,3,7879
1704,Research & Development,Research Scientist,Male,35,4,Travel_Frequently,5,1,4930
1706,Sales,Sales Executive,Male,43,3,Travel_Rarely,10,2,7847
1707,Research & Development,Research Scientist,Male,24,3,Travel_Rarely,5,1,4401
1708,Sales,Sales Executive,Male,41,3,Travel_Rarely,10,3,9241
1709,Research & Development,Laboratory Technician,Female,29,4,Travel_Rarely,5,1,2974
1710,Sales,Sales Representative,Female,36,4,Travel_Rarely,13,2,4502
1712,Research & Development,Healthcare Representative,Male,45,1,Non-Travel,23,3,10748
1714,Human Resources,Human Resources,Male,24,1,Travel_Rarely,1,1,1555
1716,Sales,Sales Executive,Male,47,3,Travel_Frequently,23,4,12936
1718,Research & Development,Laboratory Technician,Male,26,4,Travel_Rarely,3,1,2305
1719,Research & Development,Research Director,Female,45,2,Travel_Rarely,21,4,16704
1720,Research & Development,Research Scientist,Male,32,3,Travel_Frequently,5,1,3433
1721,Research & Development,Laboratory Technician,Male,31,4,Travel_Rarely,5,1,3477
1722,Human Resources,Human Resources,Male,41,3,Non-Travel,3,2,6430
1724,Research & Development,Manufacturing Director,Female,40,2,Travel_Rarely,1,2,6516
1725,Research & Development,Laboratory Technician,Male,24,1,Travel_Rarely,6,1,3907
1727,Research & Development,Healthcare Representative,Male,46,4,Travel_Rarely,10,2,5562
1728,Research & Development,Manufacturing Director,Male,35,4,Travel_Rarely,7,2,6883
1729,Research & Development,Research Scientist,Male,30,1,Travel_Rarely,10,1,2862
1731,Sales,Sales Executive,Male,47,4,Non-Travel,1,2,4978
1732,Sales,Sales Executive,Male,46,3,Travel_Rarely,10,3,10368
1733,Sales,Sales Executive,Male,36,5,Travel_Rarely,2,2,6134
1734,Sales,Sales Executive,Male,32,2,Travel_Rarely,0,2,6735
1735,Research & Development,Laboratory Technician,Female,23,1,Travel_Rarely,3,1,3295
1736,Research & Development,Manufacturing Director,Female,31,1,Travel_Frequently,5,2,5238
1737,Research & Development,Laboratory Technician,Male,39,3,Non-Travel,9,2,6472
1739,Sales,Sales Executive,Male,32,3,Travel_Rarely,4,3,9610
1740,Sales,Manager,Male,40,4,Travel_Rarely,21,5,19833
1744,Human Resources,Human Resources,Female,45,3,Travel_Rarely,5,3,9756
1745,Research & Development,Research Scientist,Female,30,4,Travel_Frequently,9,1,4968
1746,Human Resources,Human Resources,Male,24,3,Travel_Frequently,2,1,2145
1747,Human Resources,Human Resources,Female,30,3,Travel_Frequently,4,1,2180
1749,Sales,Sales Executive,Male,31,3,Travel_Rarely,5,2,8346
1751,Research & Development,Research Scientist,Female,27,3,Travel_Rarely,6,1,3445
1752,Sales,Sales Representative,Female,29,3,Travel_Rarely,2,1,2760
1753,Research & Development,Healthcare Representative,Male,29,3,Travel_Frequently,3,2,6294
1754,Sales,Sales Executive,Male,30,2,Travel_Rarely,7,3,7140
1755,Research & Development,Research Scientist,Male,34,4,Travel_Rarely,5,1,2932
1756,Sales,Sales Executive,Female,33,3,Non-Travel,11,2,5147
1757,Sales,Sales Executive,Female,49,4,Travel_Rarely,5,2,4507
1758,Sales,Sales Executive,Female,33,3,Travel_Rarely,0,3,8564
1760,Research & Development,Laboratory Technician,Female,38,2,Travel_Frequently,6,1,2468
1761,Sales,Sales Executive,Male,31,4,Travel_Rarely,1,3,8161
1762,Research & Development,Research Scientist,Female,29,3,Travel_Rarely,1,1,2109
1763,Research & Development,Healthcare Representative,Male,30,3,Travel_Rarely,7,2,5294
1764,Research & Development,Research Scientist,Male,32,4,Non-Travel,7,1,2718
1766,Research & Development,Healthcare Representative,Male,38,3,Travel_Rarely,1,2,5811
1767,Research & Development,Research Scientist,Male,43,3,Travel_Frequently,1,1,2437
1768,Research & Development,Laboratory Technician,Male,42,3,Travel_Rarely,5,1,2766
1770,Research & Development,Research Director,Male,55,3,Travel_Rarely,1,5,19038
1771,Research & Development,Research Scientist,Male,33,3,Non-Travel,9,2,3055
1772,Research & Development,Laboratory Technician,Male,41,4,Travel_Rarely,5,1,2289
1774,Sales,Sales Executive,Male,34,3,Non-Travel,15,2,4001
1775,Research & Development,Manufacturing Director,Female,53,4,Non-Travel,3,4,12965
1778,Human Resources,Human Resources,Male,43,3,Travel_Rarely,9,1,3539
1779,Sales,Sales Executive,Female,34,2,Travel_Rarely,2,2,6029
1780,Sales,Sales Representative,Male,21,1,Travel_Rarely,1,1,2679
1782,Research & Development,Laboratory Technician,Female,38,2,Travel_Rarely,5,1,3702
1783,Research & Development,Laboratory Technician,Female,22,1,Travel_Rarely,1,1,2398
1784,Sales,Sales Executive,Female,31,4,Travel_Rarely,12,2,5468
1786,Research & Development,Manager,Female,51,3,Travel_Rarely,2,3,13116
1787,Sales,Sales Executive,Male,37,2,Travel_Rarely,5,2,4189
1789,Research & Development,Research Director,Male,46,4,Travel_Rarely,2,5,19328
1790,Research & Development,Healthcare Representative,Male,36,3,Travel_Rarely,12,3,8321
1792,Research & Development,Research Scientist,Male,44,2,Travel_Frequently,5,1,2342
1794,Human Resources,Human Resources,Male,37,2,Travel_Rarely,10,2,4071
1797,Sales,Sales Executive,Male,35,3,Travel_Rarely,10,2,5813
1798,Research & Development,Research Scientist,Male,33,4,Travel_Rarely,10,1,3143
1799,Research & Development,Research Scientist,Male,28,3,Travel_Rarely,5,1,2044
1800,Research & Development,Research Director,Male,39,1,Travel_Rarely,4,3,13464
1801,Sales,Sales Executive,Male,46,2,Non-Travel,2,2,7991
1802,Research & Development,Laboratory Technician,Female,40,2,Travel_Rarely,4,1,3377
1803,Research & Development,Healthcare Representative,Male,42,3,Travel_Rarely,0,2,5538
1804,Research & Development,Manufacturing Director,Male,35,2,Non-Travel,7,2,5762
1805,Human Resources,Human Resources,Male,38,3,Non-Travel,11,1,2592
1807,Research & Development,Laboratory Technician,Male,34,4,Travel_Frequently,7,2,5346
1809,Research & Development,Manufacturing Director,Male,37,4,Travel_Rarely,10,2,4213
1812,Sales,Sales Executive,Male,39,3,Travel_Frequently,2,2,4127
1813,Research & Development,Research Scientist,Male,43,3,Non-Travel,3,1,2438
1814,Research & Development,Healthcare Representative,Male,41,3,Travel_Rarely,3,2,6870
1815,Sales,Sales Executive,Female,41,1,Travel_Rarely,22,3,10447
1816,Research & Development,Manufacturing Director,Female,30,3,Travel_Rarely,7,3,9667
1818,Human Resources,Human Resources,Female,26,2,Travel_Rarely,5,1,2148
1821,Research & Development,Healthcare Representative,Female,46,2,Travel_Rarely,9,2,8926
1822,Research & Development,Healthcare Representative,Female,40,3,Travel_Rarely,5,2,6513
1823,Sales,Sales Executive,Male,34,2,Travel_Rarely,10,2,6799
1824,Sales,Manager,Male,58,3,Non-Travel,16,4,16291
1826,Research & Development,Laboratory Technician,Male,35,4,Travel_Rarely,5,1,2705
1827,Research & Development,Manufacturing Director,Female,47,3,Travel_Rarely,22,3,10333
1829,Research & Development,Healthcare Representative,Female,40,3,Travel_Rarely,7,2,4448
1830,Research & Development,Research Scientist,Female,54,4,Travel_Rarely,7,2,6854
1833,Sales,Sales Executive,Female,31,4,Travel_Frequently,3,3,9637
1834,Research & Development,Research Scientist,Female,28,3,Travel_Rarely,3,1,3591
1835,Sales,Sales Representative,Female,38,4,Travel_Rarely,4,2,5405
1836,Sales,Sales Executive,Male,26,3,Travel_Rarely,5,2,4684
1837,Research & Development,Research Director,Male,58,4,Travel_Frequently,2,4,15787
1839,Research & Development,Research Scientist,Female,18,3,Non-Travel,0,1,1514
1842,Human Resources,Human Resources,Male,31,5,Travel_Rarely,1,1,2956
1844,Human Resources,Human Resources,Male,29,3,Travel_Rarely,2,1,2335
1845,Sales,Sales Executive,Female,45,4,Non-Travel,8,2,5154
1847,Research & Development,Research Scientist,Female,36,4,Travel_Rarely,1,2,6962
1849,Sales,Sales Executive,Male,43,4,Travel_Frequently,7,2,5675
1850,Research & Development,Laboratory Technician,Female,27,2,Travel_Frequently,5,1,2379
1852,Research & Development,Laboratory Technician,Male,29,1,Travel_Frequently,11,1,3812
1853,Sales,Sales Executive,Male,32,4,Travel_Frequently,0,2,4648
1854,Research & Development,Research Scientist,Male,42,4,Non-Travel,6,1,2936
1856,Research & Development,Laboratory Technician,Female,47,4,Travel_Rarely,2,1,2105
1857,Research & Development,Manufacturing Director,Male,46,2,Travel_Rarely,9,3,8578
1858,Human Resources,Human Resources,Male,28,2,Non-Travel,3,1,2706
1859,Research & Development,Healthcare Representative,Male,29,1,Travel_Rarely,7,2,6384
1860,Research & Development,Laboratory Technician,Male,42,3,Travel_Rarely,0,1,3968
1862,Sales,Sales Executive,Male,32,4,Travel_Rarely,2,2,9907
1863,Sales,Sales Executive,Female,46,3,Travel_Rarely,19,4,13225
1864,Sales,Sales Representative,Female,27,1,Travel_Rarely,9,2,3540
1865,Human Resources,Human Resources,Male,29,1,Travel_Rarely,1,1,2804
1866,Research & Development,Manager,Female,43,3,Travel_Rarely,16,5,19392
1867,Research & Development,Research Director,Male,48,3,Travel_Rarely,22,5,19665
1868,Research & Development,Research Scientist,Male,29,2,Travel_Frequently,1,1,2439
1869,Sales,Sales Executive,Female,46,3,Travel_Rarely,8,3,7314
1870,Research & Development,Research Scientist,Female,27,3,Travel_Frequently,7,1,4774
1871,Research & Development,Research Scientist,Male,39,4,Travel_Rarely,2,2,3902
1873,Research & Development,Research Scientist,Male,55,4,Travel_Rarely,5,1,2662
1875,Sales,Sales Representative,Female,28,3,Travel_Rarely,1,1,2856
1876,Sales,Sales Representative,Male,30,3,Travel_Rarely,1,1,1081
1878,Research & Development,Research Scientist,Male,22,1,Travel_Rarely,1,1,2472
1880,Sales,Sales Executive,Female,36,4,Travel_Rarely,10,2,5673
1881,Research & Development,Laboratory Technician,Male,31,3,Travel_Rarely,10,2,4197
1882,Sales,Sales Executive,Male,34,3,Travel_Rarely,5,3,9713
1883,Research & Development,Laboratory Technician,Male,29,3,Travel_Rarely,3,1,2062
1885,Research & Development,Research Scientist,Male,37,4,Travel_Rarely,5,2,4284
1886,Research & Development,Manufacturing Director,Female,35,2,Travel_Rarely,3,2,4788
1888,Research & Development,Manufacturing Director,Female,45,2,Travel_Rarely,9,2,5906
1890,Human Resources,Human Resources,Male,36,1,Travel_Frequently,10,2,3886
1892,Research & Development,Manager,Male,40,4,Travel_Rarely,19,4,16823
1893,Research & Development,Research Scientist,Female,26,2,Travel_Rarely,1,1,2933
1898,Sales,Sales Executive,Female,27,2,Travel_Rarely,8,2,6500
1900,Research & Development,Manager,Female,48,3,Travel_Frequently,22,4,17174
1903,Research & Development,Healthcare Representative,Male,44,4,Travel_Rarely,2,2,5033
1905,Research & Development,Research Scientist,Male,34,4,Non-Travel,5,1,2307
1907,Research & Development,Laboratory Technician,Male,56,2,Travel_Rarely,4,1,2587
1908,Sales,Sales Executive,Male,36,2,Travel_Rarely,4,2,5507
1909,Sales,Sales Executive,Female,41,3,Travel_Rarely,5,2,4393
1911,Research & Development,Research Director,Male,42,3,Travel_Rarely,13,3,13348
1912,Sales,Sales Executive,Female,31,2,Travel_Rarely,5,2,6583
1915,Sales,Sales Executive,Female,34,1,Travel_Rarely,4,2,8103
1916,Research & Development,Laboratory Technician,Female,31,3,Travel_Rarely,2,1,3978
1918,Research & Development,Laboratory Technician,Male,26,3,Travel_Frequently,7,1,2544
1922,Research & Development,Healthcare Representative,Male,45,4,Travel_Frequently,4,2,5399
1924,Sales,Sales Executive,Male,33,4,Travel_Rarely,10,2,5487
1927,Sales,Sales Executive,Male,28,2,Travel_Frequently,7,2,6834
1928,Sales,Sales Representative,Male,29,3,Travel_Frequently,1,1,1091
1929,Sales,Sales Executive,Female,39,4,Non-Travel,3,2,5736
1931,Research & Development,Research Scientist,Male,27,4,Travel_Rarely,5,1,2226
1932,Research & Development,Research Scientist,Male,34,4,Travel_Frequently,15,2,5747
1933,Sales,Sales Executive,Female,28,2,Travel_Rarely,2,2,9854
1934,Research & Development,Research Scientist,Male,47,4,Non-Travel,8,2,5467
1935,Sales,Sales Executive,Female,56,5,Travel_Rarely,0,2,5380
1936,Research & Development,Manufacturing Director,Male,39,2,Travel_Rarely,10,2,5151
1937,Research & Development,Research Scientist,Female,38,3,Travel_Frequently,20,2,2133
1938,Sales,Manager,Female,58,3,Travel_Rarely,1,4,17875
1939,Research & Development,Research Scientist,Female,32,2,Travel_Frequently,4,1,2432
1940,Research & Development,Research Scientist,Male,38,2,Travel_Rarely,5,1,4771
1941,Research & Development,Research Director,Male,49,1,Travel_Frequently,5,5,19161
1943,Sales,Sales Executive,Male,42,4,Travel_Rarely,0,2,5087
1944,Human Resources,Human Resources,Female,27,3,Travel_Frequently,1,1,2863
1945,Sales,Sales Executive,Male,35,4,Travel_Rarely,5,2,5561
1947,Research & Development,Research Scientist,Male,28,3,Non-Travel,5,1,2144
1948,Research & Development,Research Scientist,Male,31,2,Non-Travel,4,1,3065
1949,Research & Development,Laboratory Technician,Male,36,4,Non-Travel,5,1,2810
1950,Sales,Sales Executive,Male,34,3,Travel_Rarely,14,3,9888
1951,Sales,Sales Executive,Male,34,4,Travel_Rarely,8,3,8628
1952,Research & Development,Laboratory Technician,Male,26,3,Travel_Rarely,7,1,2867
1954,Research & Development,Healthcare Representative,Male,29,3,Travel_Rarely,5,2,5373
1955,Research & Development,Healthcare Representative,Female,32,4,Non-Travel,5,2,6667
1956,Research & Development,Research Scientist,Male,31,3,Travel_Frequently,10,2,5003
1960,Research & Development,Laboratory Technician,Male,28,3,Travel_Rarely,4,1,2367
1961,Sales,Sales Representative,Male,38,3,Travel_Rarely,1,1,2858
1962,Sales,Sales Executive,Female,35,4,Travel_Rarely,10,2,5204
1965,Sales,Sales Executive,Male,27,3,Travel_Rarely,7,2,4105
1966,Research & Development,Manufacturing Director,Male,32,4,Travel_Rarely,1,2,9679
1967,Sales,Sales Executive,Male,31,4,Travel_Frequently,10,2,5617
1968,Sales,Sales Executive,Male,53,4,Travel_Rarely,2,3,10448
1969,Research & Development,Research Scientist,Female,54,2,Travel_Rarely,4,2,2897
1970,Research & Development,Healthcare Representative,Male,33,2,Travel_Frequently,9,2,5968
1971,Research & Development,Healthcare Representative,Male,43,3,Travel_Rarely,10,3,7510
1972,Human Resources,Human Resources,Male,38,4,Travel_Frequently,6,1,2991
1973,Human Resources,Manager,Male,55,4,Travel_Rarely,10,5,19636
1974,Research & Development,Laboratory Technician,Female,31,1,Travel_Rarely,1,1,1129
1975,Sales,Sales Executive,Male,39,4,Travel_Rarely,20,4,13341
1976,Research & Development,Research Scientist,Male,42,2,Non-Travel,20,2,4332
1979,Research & Development,Research Director,Female,31,3,Non-Travel,11,3,11031
1980,Research & Development,Manufacturing Director,Female,54,3,Travel_Rarely,5,2,4440
1981,Research & Development,Healthcare Representative,Male,24,2,Travel_Rarely,4,2,4617
1982,Research & Development,Laboratory Technician,Male,23,2,Travel_Rarely,5,1,2647
1985,Research & Development,Laboratory Technician,Female,40,3,Travel_Frequently,10,2,6323
1986,Sales,Sales Executive,Female,40,2,Travel_Rarely,11,2,5677
1987,Human Resources,Human Resources,Female,25,3,Travel_Rarely,2,1,2187
1989,Research & Development,Laboratory Technician,Male,30,2,Travel_Rarely,12,1,3748
1992,Research & Development,Laboratory Technician,Male,25,1,Travel_Rarely,2,1,3977
1993,Research & Development,Healthcare Representative,Male,47,3,Travel_Rarely,17,3,8633
1994,Research & Development,Laboratory Technician,Male,33,2,Non-Travel,1,1,2008
1995,Sales,Sales Executive,Male,38,4,Travel_Rarely,15,2,4440
1996,Sales,Sales Representative,Male,31,2,Travel_Rarely,2,1,3067
1997,Research & Development,Manufacturing Director,Male,38,4,Travel_Frequently,8,2,5321
1998,Research & Development,Research Scientist,Male,42,4,Travel_Rarely,4,2,5410
1999,Research & Development,Research Scientist,Male,41,3,Travel_Rarely,5,1,2782
2000,Research & Development,Research Director,Female,47,1,Non-Travel,13,3,11957
2003,Research & Development,Laboratory Technician,Male,35,4,Travel_Rarely,2,1,2660
2007,Research & Development,Research Scientist,Male,22,2,Travel_Rarely,3,1,3375
2008,Research & Development,Research Scientist,Male,35,4,Travel_Rarely,10,2,5098
2009,Research & Development,Healthcare Representative,Female,33,2,Travel_Rarely,9,2,4878
2010,Research & Development,Laboratory Technician,Female,32,4,Travel_Rarely,6,1,2837
2012,Research & Development,Laboratory Technician,Male,40,4,Travel_Rarely,1,1,2406
2013,Sales,Sales Representative,Male,32,4,Travel_Rarely,2,1,2269
2014,Research & Development,Research Scientist,Male,39,1,Travel_Rarely,7,2,4108
2015,Research & Development,Research Director,Female,38,3,Travel_Rarely,18,3,13206
2016,Sales,Sales Executive,Female,32,4,Travel_Rarely,14,3,10422
2017,Research & Development,Research Director,Female,37,3,Travel_Rarely,16,3,13744
2018,Sales,Sales Executive,Female,25,2,Travel_Rarely,5,2,4907
2019,Sales,Sales Representative,Male,52,4,Non-Travel,9,1,3482
2020,Research & Development,Research Scientist,Male,44,3,Travel_Rarely,4,1,2436
2021,Sales,Sales Representative,Male,21,1,Travel_Rarely,2,1,2380
2022,Research & Development,Manager,Male,39,3,Non-Travel,6,5,19431
2023,Sales,Sales Representative,Male,23,3,Travel_Frequently,1,1,1790
2024,Sales,Sales Executive,Female,36,3,Travel_Rarely,9,3,7644
2025,Research & Development,Manufacturing Director,Female,36,2,Travel_Frequently,4,2,5131
2026,Research & Development,Healthcare Representative,Male,56,4,Non-Travel,13,2,6306
2027,Research & Development,Research Scientist,Male,29,4,Travel_Rarely,2,1,4787
2031,Research & Development,Manager,Male,42,3,Travel_Rarely,22,5,18880
2032,Research & Development,Laboratory Technician,Male,56,2,Travel_Rarely,10,1,2339
2034,Research & Development,Manufacturing Director,Female,41,4,Travel_Rarely,20,4,13570
2035,Sales,Sales Executive,Female,34,3,Travel_Rarely,8,2,6712
2036,Sales,Sales Executive,Male,36,4,Non-Travel,15,2,5406
2037,Sales,Sales Executive,Male,41,3,Travel_Rarely,5,2,8938
2038,Research & Development,Research Scientist,Male,32,3,Travel_Rarely,4,1,2439
2040,Human Resources,Human Resources,Female,35,4,Travel_Rarely,9,3,8837
2041,Sales,Sales Executive,Female,38,2,Travel_Rarely,10,2,5343
2044,Sales,Sales Executive,Male,50,4,Travel_Frequently,6,2,6728
2045,Sales,Sales Executive,Female,36,4,Travel_Rarely,6,2,6652
2046,Sales,Sales Executive,Female,45,3,Travel_Rarely,5,2,4850
2048,Research & Development,Research Scientist,Male,40,4,Travel_Rarely,2,1,2809
2049,Research & Development,Healthcare Representative,Male,35,4,Travel_Frequently,10,2,5689
2051,Research & Development,Research Scientist,Female,40,4,Travel_Rarely,5,1,2001
2052,Research & Development,Research Scientist,Female,35,4,Travel_Rarely,4,1,2977
2053,Research & Development,Laboratory Technician,Male,29,2,Travel_Rarely,4,2,4025
2054,Research & Development,Research Scientist,Female,29,4,Travel_Rarely,5,1,3785
2055,Sales,Sales Executive,Male,50,3,Travel_Rarely,3,3,10854
2056,Sales,Sales Executive,Female,39,1,Travel_Rarely,20,4,12031
2057,Research & Development,Manufacturing Director,Male,31,3,Non-Travel,9,2,9936
2060,Sales,Sales Representative,Female,26,3,Travel_Rarely,4,1,2966
2061,Research & Development,Laboratory Technician,Male,36,2,Travel_Frequently,5,2,2571
2062,Research & Development,Healthcare Representative,Male,39,1,Travel_Rarely,7,3,9991
2064,Research & Development,Manufacturing Director,Male,27,3,Travel_Rarely,6,2,6142
2065,Sales,Sales Executive,Male,49,3,Travel_Frequently,9,2,5390
2068,Research & Development,Laboratory Technician,Male,34,3,Travel_Rarely,4,2,4404
